[25вер.2026 12:22:35.752] [main/INFO] [cpw.mods.modlauncher.Launcher/MODLAUNCHER]: ModLauncher running: args [--launchTarget, forgeclientuserdev, --version, MOD_DEV, --assetIndex, 5, --assetsDir, C:\Users\user\.gradle\caches\forge_gradle\assets, --gameDir, ., --fml.forgeVersion, 47.2.0, --fml.mcVersion, 1.20.1, --fml.forgeGroup, net.minecraftforge, --fml.mcpVersion, 20230612.114412]
[25вер.2026 12:22:35.771] [main/INFO] [cpw.mods.modlauncher.Launcher/MODLAUNCHER]: ModLauncher 10.0.9+10.0.9+main.dcd20f30 starting: java version 17.0.18 by Microsoft; OS Windows 11 arch amd64 version 10.0
[25вер.2026 12:22:35.915] [main/DEBUG] [cpw.mods.modlauncher.LaunchServiceHandler/MODLAUNCHER]: Found launch services [fmlclientdev,forgeclient,minecraft,forgegametestserverdev,fmlserveruserdev,fmlclient,fmldatauserdev,forgeserverdev,forgeserveruserdev,forgeclientdev,forgeclientuserdev,forgeserver,forgedatadev,fmlserver,fmlclientuserdev,fmlserverdev,forgedatauserdev,testharness,forgegametestserveruserdev]
[25вер.2026 12:22:35.965] [main/DEBUG] [cpw.mods.modlauncher.NameMappingServiceHandler/MODLAUNCHER]: Found naming services : [srgtomcp]
[25вер.2026 12:22:36.002] [main/DEBUG] [cpw.mods.modlauncher.LaunchPluginHandler/MODLAUNCHER]: Found launch plugins: [mixin,eventbus,slf4jfixer,object_holder_definalize,runtime_enum_extender,capability_token_subclass,accesstransformer,runtimedistcleaner]
[25вер.2026 12:22:36.027] [main/DEBUG] [cpw.mods.modlauncher.TransformationServicesHandler/MODLAUNCHER]: Discovering transformation services
[25вер.2026 12:22:36.052] [main/DEBUG] [net.minecraftforge.fml.loading.FMLPaths/CORE]: Path GAMEDIR is C:\Users\user\Desktop\mods\colaba3stran\run
[25вер.2026 12:22:36.053] [main/DEBUG] [net.minecraftforge.fml.loading.FMLPaths/CORE]: Path MODSDIR is C:\Users\user\Desktop\mods\colaba3stran\run\mods
[25вер.2026 12:22:36.054] [main/DEBUG] [net.minecraftforge.fml.loading.FMLPaths/CORE]: Path CONFIGDIR is C:\Users\user\Desktop\mods\colaba3stran\run\config
[25вер.2026 12:22:36.054] [main/DEBUG] [net.minecraftforge.fml.loading.FMLPaths/CORE]: Path FMLCONFIG is C:\Users\user\Desktop\mods\colaba3stran\run\config\fml.toml
[25вер.2026 12:22:36.200] [main/DEBUG] [cpw.mods.modlauncher.TransformationServicesHandler/MODLAUNCHER]: Found additional transformation services from discovery services: 
[25вер.2026 12:22:36.213] [main/INFO] [net.minecraftforge.fml.loading.ImmediateWindowHandler/]: Loading ImmediateWindowProvider fmlearlywindow
[25вер.2026 12:22:36.321] [main/INFO] [EARLYDISPLAY/]: Trying GL version 4.6
[25вер.2026 12:22:37.860] [main/INFO] [EARLYDISPLAY/]: Requested GL version 4.6 got version 4.6
[25вер.2026 12:22:37.912] [main/DEBUG] [cpw.mods.modlauncher.TransformationServicesHandler/MODLAUNCHER]: Found transformer services : [mixin,fml]
[25вер.2026 12:22:37.912] [main/DEBUG] [cpw.mods.modlauncher.TransformationServicesHandler/MODLAUNCHER]: Transformation services loading
[25вер.2026 12:22:37.913] [main/DEBUG] [cpw.mods.modlauncher.TransformationServiceDecorator/MODLAUNCHER]: Loading service mixin
[25вер.2026 12:22:37.914] [main/DEBUG] [cpw.mods.modlauncher.TransformationServiceDecorator/MODLAUNCHER]: Loaded service mixin
[25вер.2026 12:22:37.914] [main/DEBUG] [cpw.mods.modlauncher.TransformationServiceDecorator/MODLAUNCHER]: Loading service fml
[25вер.2026 12:22:37.915] [main/DEBUG] [net.minecraftforge.fml.loading.LauncherVersion/CORE]: Found FMLLauncher version 1.0
[25вер.2026 12:22:37.916] [main/DEBUG] [net.minecraftforge.fml.loading.FMLLoader/CORE]: FML 1.0 loading
[25вер.2026 12:22:37.916] [main/DEBUG] [net.minecraftforge.fml.loading.FMLLoader/CORE]: FML found ModLauncher version : 10.0.9+10.0.9+main.dcd20f30
[25вер.2026 12:22:37.917] [main/DEBUG] [net.minecraftforge.fml.loading.FMLLoader/CORE]: FML found AccessTransformer version : 8.0.4+66+master.c09db6d7
[25вер.2026 12:22:37.917] [main/DEBUG] [net.minecraftforge.fml.loading.FMLLoader/CORE]: FML found EventBus version : 6.0.5+6.0.5+master.eb8e549b
[25вер.2026 12:22:37.918] [main/DEBUG] [net.minecraftforge.fml.loading.FMLLoader/CORE]: Found Runtime Dist Cleaner
[25вер.2026 12:22:37.920] [main/DEBUG] [net.minecraftforge.fml.loading.FMLLoader/CORE]: FML found CoreMod version : 5.0.1+15+master.dc5a2922
[25вер.2026 12:22:37.920] [main/DEBUG] [net.minecraftforge.fml.loading.FMLLoader/CORE]: Found ForgeSPI package implementation version 7.0.1+7.0.1+master.d2b38bf6
[25вер.2026 12:22:37.920] [main/DEBUG] [net.minecraftforge.fml.loading.FMLLoader/CORE]: Found ForgeSPI package specification 5
[25вер.2026 12:22:37.921] [main/DEBUG] [cpw.mods.modlauncher.TransformationServiceDecorator/MODLAUNCHER]: Loaded service fml
[25вер.2026 12:22:37.921] [main/DEBUG] [cpw.mods.modlauncher.TransformationServicesHandler/MODLAUNCHER]: Configuring option handling for services
[25вер.2026 12:22:37.927] [main/DEBUG] [cpw.mods.modlauncher.TransformationServicesHandler/MODLAUNCHER]: Transformation services initializing
[25вер.2026 12:22:37.928] [main/DEBUG] [cpw.mods.modlauncher.TransformationServiceDecorator/MODLAUNCHER]: Initializing transformation service mixin
[25вер.2026 12:22:37.945] [main/DEBUG] [mixin/]: MixinService [ModLauncher] was successfully booted in cpw.mods.cl.ModuleClassLoader@4b0b0854
[25вер.2026 12:22:37.966] [main/INFO] [mixin/]: SpongePowered MIXIN Subsystem Version=0.8.5 Source=union:/C:/Users/user/.gradle/caches/modules-2/files-2.1/org.spongepowered/mixin/0.8.5/9d1c0c3a304ae6697ecd477218fa61b850bf57fc/mixin-0.8.5.jar%23128!/ Service=ModLauncher Env=CLIENT
[25вер.2026 12:22:37.970] [main/DEBUG] [mixin/]: Initialising Mixin Platform Manager
[25вер.2026 12:22:37.970] [main/DEBUG] [mixin/]: Adding mixin platform agents for container ModLauncher Root Container(ModLauncher:4f56a0a2)
[25вер.2026 12:22:37.971] [main/DEBUG] [mixin/]: Instancing new MixinPlatformAgentMinecraftForge for ModLauncher Root Container(ModLauncher:4f56a0a2)
[25вер.2026 12:22:37.972] [main/DEBUG] [mixin/]: MixinPlatformAgentMinecraftForge rejected container ModLauncher Root Container(ModLauncher:4f56a0a2)
[25вер.2026 12:22:37.973] [main/DEBUG] [mixin/]: Instancing new MixinPlatformAgentDefault for ModLauncher Root Container(ModLauncher:4f56a0a2)
[25вер.2026 12:22:37.973] [main/DEBUG] [mixin/]: MixinPlatformAgentDefault accepted container ModLauncher Root Container(ModLauncher:4f56a0a2)
[25вер.2026 12:22:37.977] [main/DEBUG] [cpw.mods.modlauncher.TransformationServiceDecorator/MODLAUNCHER]: Initialized transformation service mixin
[25вер.2026 12:22:37.977] [main/DEBUG] [cpw.mods.modlauncher.TransformationServiceDecorator/MODLAUNCHER]: Initializing transformation service fml
[25вер.2026 12:22:37.977] [main/DEBUG] [net.minecraftforge.fml.loading.FMLServiceProvider/CORE]: Setting up basic FML game directories
[25вер.2026 12:22:37.978] [main/DEBUG] [net.minecraftforge.fml.loading.FMLPaths/CORE]: Path GAMEDIR is C:\Users\user\Desktop\mods\colaba3stran\run
[25вер.2026 12:22:37.978] [main/DEBUG] [net.minecraftforge.fml.loading.FMLPaths/CORE]: Path MODSDIR is C:\Users\user\Desktop\mods\colaba3stran\run\mods
[25вер.2026 12:22:37.979] [main/DEBUG] [net.minecraftforge.fml.loading.FMLPaths/CORE]: Path CONFIGDIR is C:\Users\user\Desktop\mods\colaba3stran\run\config
[25вер.2026 12:22:37.979] [main/DEBUG] [net.minecraftforge.fml.loading.FMLPaths/CORE]: Path FMLCONFIG is C:\Users\user\Desktop\mods\colaba3stran\run\config\fml.toml
[25вер.2026 12:22:37.979] [main/DEBUG] [net.minecraftforge.fml.loading.FMLServiceProvider/CORE]: Loading configuration
[25вер.2026 12:22:37.983] [main/DEBUG] [net.minecraftforge.fml.loading.FMLServiceProvider/CORE]: Preparing ModFile
[25вер.2026 12:22:37.987] [main/DEBUG] [net.minecraftforge.fml.loading.FMLServiceProvider/CORE]: Preparing launch handler
[25вер.2026 12:22:37.988] [main/DEBUG] [net.minecraftforge.fml.loading.FMLLoader/CORE]: Using forgeclientuserdev as launch service
[25вер.2026 12:22:38.006] [main/DEBUG] [net.minecraftforge.fml.loading.FMLLoader/CORE]: Received command line version data  : VersionInfo[forgeVersion=47.2.0, mcVersion=1.20.1, mcpVersion=20230612.114412, forgeGroup=net.minecraftforge]
[25вер.2026 12:22:38.008] [main/DEBUG] [cpw.mods.modlauncher.TransformationServiceDecorator/MODLAUNCHER]: Initialized transformation service fml
[25вер.2026 12:22:38.008] [main/DEBUG] [cpw.mods.modlauncher.NameMappingServiceHandler/MODLAUNCHER]: Current naming domain is 'mcp'
[25вер.2026 12:22:38.009] [main/DEBUG] [cpw.mods.modlauncher.NameMappingServiceHandler/MODLAUNCHER]: Identified name mapping providers {srg=srgtomcp:1234}
[25вер.2026 12:22:38.009] [main/DEBUG] [cpw.mods.modlauncher.TransformationServicesHandler/MODLAUNCHER]: Transformation services begin scanning
[25вер.2026 12:22:38.011] [main/DEBUG] [cpw.mods.modlauncher.TransformationServiceDecorator/MODLAUNCHER]: Beginning scan trigger - transformation service mixin
[25вер.2026 12:22:38.011] [main/DEBUG] [cpw.mods.modlauncher.TransformationServiceDecorator/MODLAUNCHER]: End scan trigger - transformation service mixin
[25вер.2026 12:22:38.012] [main/DEBUG] [cpw.mods.modlauncher.TransformationServiceDecorator/MODLAUNCHER]: Beginning scan trigger - transformation service fml
[25вер.2026 12:22:38.012] [main/DEBUG] [net.minecraftforge.fml.loading.FMLServiceProvider/CORE]: Initiating mod scan
[25вер.2026 12:22:38.039] [main/DEBUG] [net.minecraftforge.fml.loading.moddiscovery.ModListHandler/CORE]: Found mod coordinates from lists: []
[25вер.2026 12:22:38.046] [main/DEBUG] [net.minecraftforge.fml.loading.moddiscovery.ModDiscoverer/CORE]: Found Mod Locators : (mods folder:null),(maven libs:null),(exploded directory:null),(minecraft:null),(userdev classpath:null)
[25вер.2026 12:22:38.047] [main/DEBUG] [net.minecraftforge.fml.loading.moddiscovery.ModDiscoverer/CORE]: Found Dependency Locators : (JarInJar:null)
[25вер.2026 12:22:38.050] [pool-2-thread-1/INFO] [EARLYDISPLAY/]: GL info: NVIDIA GeForce GTX 1650/PCIe/SSE2 GL version 4.6.0 NVIDIA 616.92, NVIDIA Corporation
[25вер.2026 12:22:38.063] [main/DEBUG] [net.minecraftforge.fml.loading.targets.CommonLaunchHandler/CORE]: Got mod coordinates squadmc%%C:\Users\user\Desktop\mods\colaba3stran\build\resources\main;squadmc%%C:\Users\user\Desktop\mods\colaba3stran\build\classes\java\main from env
[25вер.2026 12:22:38.066] [main/DEBUG] [net.minecraftforge.fml.loading.targets.CommonLaunchHandler/CORE]: Found supplied mod coordinates [{squadmc=[C:\Users\user\Desktop\mods\colaba3stran\build\resources\main, C:\Users\user\Desktop\mods\colaba3stran\build\classes\java\main]}]
[25вер.2026 12:22:38.376] [main/DEBUG] [net.minecraftforge.fml.loading.moddiscovery.ModFileInfo/LOADING]: Found valid mod file forge-1.20.1-47.2.0_mapped_parchment_2023.08.13-1.20.1.jar with {minecraft} mods - versions {1.20.1}
[25вер.2026 12:22:38.383] [main/DEBUG] [net.minecraftforge.fml.loading.moddiscovery.ModFileParser/LOADING]: Considering mod file candidate C:\Users\user\.gradle\caches\modules-2\files-2.1\net.minecraftforge\javafmllanguage\1.20.1-47.2.0\7f9181f85acc66547685a72020713fc8cbde98\javafmllanguage-1.20.1-47.2.0.jar
[25вер.2026 12:22:38.383] [main/WARN] [net.minecraftforge.fml.loading.moddiscovery.ModFileParser/LOADING]: Mod file C:\Users\user\.gradle\caches\modules-2\files-2.1\net.minecraftforge\javafmllanguage\1.20.1-47.2.0\7f9181f85acc66547685a72020713fc8cbde98\javafmllanguage-1.20.1-47.2.0.jar is missing mods.toml file
[25вер.2026 12:22:38.387] [main/DEBUG] [net.minecraftforge.fml.loading.moddiscovery.ModFileParser/LOADING]: Considering mod file candidate C:\Users\user\.gradle\caches\modules-2\files-2.1\net.minecraftforge\lowcodelanguage\1.20.1-47.2.0\7872f5205685fdd26fae39b1be79b0e60ca5b7bd\lowcodelanguage-1.20.1-47.2.0.jar
[25вер.2026 12:22:38.387] [main/WARN] [net.minecraftforge.fml.loading.moddiscovery.ModFileParser/LOADING]: Mod file C:\Users\user\.gradle\caches\modules-2\files-2.1\net.minecraftforge\lowcodelanguage\1.20.1-47.2.0\7872f5205685fdd26fae39b1be79b0e60ca5b7bd\lowcodelanguage-1.20.1-47.2.0.jar is missing mods.toml file
[25вер.2026 12:22:38.391] [main/DEBUG] [net.minecraftforge.fml.loading.moddiscovery.ModFileParser/LOADING]: Considering mod file candidate C:\Users\user\.gradle\caches\modules-2\files-2.1\net.minecraftforge\mclanguage\1.20.1-47.2.0\d501d161cabed08b3c139a2c6217b02a39f3c3e9\mclanguage-1.20.1-47.2.0.jar
[25вер.2026 12:22:38.391] [main/WARN] [net.minecraftforge.fml.loading.moddiscovery.ModFileParser/LOADING]: Mod file C:\Users\user\.gradle\caches\modules-2\files-2.1\net.minecraftforge\mclanguage\1.20.1-47.2.0\d501d161cabed08b3c139a2c6217b02a39f3c3e9\mclanguage-1.20.1-47.2.0.jar is missing mods.toml file
[25вер.2026 12:22:38.396] [main/DEBUG] [net.minecraftforge.fml.loading.moddiscovery.ModFileParser/LOADING]: Considering mod file candidate C:\Users\user\.gradle\caches\modules-2\files-2.1\net.minecraftforge\fmlcore\1.20.1-47.2.0\ffd3c6debac0a388c9e33ac43c9f5eafb91cb466\fmlcore-1.20.1-47.2.0.jar
[25вер.2026 12:22:38.396] [main/WARN] [net.minecraftforge.fml.loading.moddiscovery.ModFileParser/LOADING]: Mod file C:\Users\user\.gradle\caches\modules-2\files-2.1\net.minecraftforge\fmlcore\1.20.1-47.2.0\ffd3c6debac0a388c9e33ac43c9f5eafb91cb466\fmlcore-1.20.1-47.2.0.jar is missing mods.toml file
[25вер.2026 12:22:38.403] [main/DEBUG] [net.minecraftforge.fml.loading.moddiscovery.ModFileParser/LOADING]: Considering mod file candidate C:\Users\user\Desktop\mods\colaba3stran\build\resources\main
[25вер.2026 12:22:38.411] [main/DEBUG] [net.minecraftforge.fml.loading.moddiscovery.ModFileInfo/LOADING]: Found valid mod file main with {squadmc} mods - versions {2.1.3-SNAPSHOT}
[25вер.2026 12:22:38.414] [main/DEBUG] [net.minecraftforge.fml.loading.moddiscovery.ModFileParser/LOADING]: Considering mod file candidate /
[25вер.2026 12:22:38.418] [main/DEBUG] [net.minecraftforge.fml.loading.moddiscovery.ModFileInfo/LOADING]: Found valid mod file  with {forge} mods - versions {47.2.0}
[25вер.2026 12:22:38.439] [main/DEBUG] [net.minecraftforge.fml.loading.moddiscovery.ModFileParser/LOADING]: Considering mod file candidate C:\Users\user\.gradle\caches\forge_gradle\deobf_dependencies\software\bernie\geckolib\geckolib-forge-1.20.1\4.8.4_mapped_parchment_2023.08.13-1.20.1\geckolib-forge-1.20.1-4.8.4_mapped_parchment_2023.08.13-1.20.1.jar
[25вер.2026 12:22:38.441] [main/DEBUG] [net.minecraftforge.fml.loading.moddiscovery.ModFileInfo/LOADING]: Found valid mod file geckolib-forge-1.20.1-4.8.4_mapped_parchment_2023.08.13-1.20.1.jar with {geckolib} mods - versions {4.8.4}
[25вер.2026 12:22:38.450] [main/DEBUG] [net.minecraftforge.fml.loading.moddiscovery.ModFileParser/LOADING]: Considering mod file candidate C:\Users\user\.gradle\caches\forge_gradle\deobf_dependencies\curse\maven\superb-warfare-1218165\7292685_mapped_parchment_2023.08.13-1.20.1\superb-warfare-1218165-7292685_mapped_parchment_2023.08.13-1.20.1.jar
[25вер.2026 12:22:38.452] [main/DEBUG] [net.minecraftforge.fml.loading.moddiscovery.ModFileInfo/LOADING]: Found valid mod file superb-warfare-1218165-7292685_mapped_parchment_2023.08.13-1.20.1.jar with {superbwarfare} mods - versions {0.8.8}
[25вер.2026 12:22:38.457] [main/DEBUG] [net.minecraftforge.fml.loading.moddiscovery.ModFileParser/LOADING]: Considering mod file candidate C:\Users\user\.gradle\caches\forge_gradle\deobf_dependencies\top\theillusivec4\curios\curios-forge\5.4.2+1.20.1_mapped_parchment_2023.08.13-1.20.1\curios-forge-5.4.2+1.20.1_mapped_parchment_2023.08.13-1.20.1.jar
[25вер.2026 12:22:38.460] [main/DEBUG] [net.minecraftforge.fml.loading.moddiscovery.ModFileInfo/LOADING]: Found valid mod file curios-forge-5.4.2+1.20.1_mapped_parchment_2023.08.13-1.20.1.jar with {curios} mods - versions {5.4.2+1.20.1}
[25вер.2026 12:22:38.463] [main/DEBUG] [net.minecraftforge.fml.loading.moddiscovery.ModFileParser/LOADING]: Considering mod file candidate C:\Users\user\.gradle\caches\forge_gradle\deobf_dependencies\software\bernie\geckolib\geckolib-forge-1.20.1\4.8.4_mapped_parchment_2023.08.13-1.20.1\geckolib-forge-1.20.1-4.8.4_mapped_parchment_2023.08.13-1.20.1.jar
[25вер.2026 12:22:38.465] [main/DEBUG] [net.minecraftforge.fml.loading.moddiscovery.ModFileInfo/LOADING]: Found valid mod file geckolib-forge-1.20.1-4.8.4_mapped_parchment_2023.08.13-1.20.1.jar with {geckolib} mods - versions {4.8.4}
[25вер.2026 12:22:38.471] [main/DEBUG] [net.minecraftforge.fml.loading.moddiscovery.ModFileParser/LOADING]: Considering mod file candidate C:\Users\user\.gradle\caches\forge_gradle\deobf_dependencies\curse\maven\superb-warfare-1218165\7292685_mapped_parchment_2023.08.13-1.20.1\superb-warfare-1218165-7292685_mapped_parchment_2023.08.13-1.20.1.jar
[25вер.2026 12:22:38.473] [main/DEBUG] [net.minecraftforge.fml.loading.moddiscovery.ModFileInfo/LOADING]: Found valid mod file superb-warfare-1218165-7292685_mapped_parchment_2023.08.13-1.20.1.jar with {superbwarfare} mods - versions {0.8.8}
[25вер.2026 12:22:38.477] [main/DEBUG] [net.minecraftforge.fml.loading.moddiscovery.ModFileParser/LOADING]: Considering mod file candidate C:\Users\user\.gradle\caches\forge_gradle\deobf_dependencies\top\theillusivec4\curios\curios-forge\5.4.2+1.20.1_mapped_parchment_2023.08.13-1.20.1\curios-forge-5.4.2+1.20.1_mapped_parchment_2023.08.13-1.20.1.jar
[25вер.2026 12:22:38.479] [main/DEBUG] [net.minecraftforge.fml.loading.moddiscovery.ModFileInfo/LOADING]: Found valid mod file curios-forge-5.4.2+1.20.1_mapped_parchment_2023.08.13-1.20.1.jar with {curios} mods - versions {5.4.2+1.20.1}
[25вер.2026 12:22:38.491] [main/DEBUG] [net.minecraftforge.fml.loading.UniqueModListBuilder/]: Found 2 mods for first modid curios, selecting most recent based on version data
[25вер.2026 12:22:38.492] [main/DEBUG] [net.minecraftforge.fml.loading.UniqueModListBuilder/]: Selected file curios-forge-5.4.2+1.20.1_mapped_parchment_2023.08.13-1.20.1.jar for modid curios with version 5.4.2+1.20.1
[25вер.2026 12:22:38.492] [main/DEBUG] [net.minecraftforge.fml.loading.UniqueModListBuilder/]: Found 2 mods for first modid geckolib, selecting most recent based on version data
[25вер.2026 12:22:38.492] [main/DEBUG] [net.minecraftforge.fml.loading.UniqueModListBuilder/]: Selected file geckolib-forge-1.20.1-4.8.4_mapped_parchment_2023.08.13-1.20.1.jar for modid geckolib with version 4.8.4
[25вер.2026 12:22:38.492] [main/DEBUG] [net.minecraftforge.fml.loading.UniqueModListBuilder/]: Found 2 mods for first modid superbwarfare, selecting most recent based on version data
[25вер.2026 12:22:38.493] [main/DEBUG] [net.minecraftforge.fml.loading.UniqueModListBuilder/]: Selected file superb-warfare-1218165-7292685_mapped_parchment_2023.08.13-1.20.1.jar for modid superbwarfare with version 0.8.8
[25вер.2026 12:22:38.500] [main/DEBUG] [net.minecraftforge.fml.loading.moddiscovery.AbstractJarFileDependencyLocator/]: Failed to load resource META-INF\jarjar\metadata.json from forge-1.20.1-47.2.0_mapped_parchment_2023.08.13-1.20.1.jar, it does not contain dependency information.
[25вер.2026 12:22:38.500] [main/DEBUG] [net.minecraftforge.fml.loading.moddiscovery.AbstractJarFileDependencyLocator/]: Failed to load resource META-INF\jarjar\metadata.json from , it does not contain dependency information.
[25вер.2026 12:22:38.500] [main/DEBUG] [net.minecraftforge.fml.loading.moddiscovery.AbstractJarFileDependencyLocator/]: Failed to load resource META-INF\jarjar\metadata.json from curios-forge-5.4.2+1.20.1_mapped_parchment_2023.08.13-1.20.1.jar, it does not contain dependency information.
[25вер.2026 12:22:38.501] [main/DEBUG] [net.minecraftforge.fml.loading.moddiscovery.AbstractJarFileDependencyLocator/]: Failed to load resource META-INF\jarjar\metadata.json from superb-warfare-1218165-7292685_mapped_parchment_2023.08.13-1.20.1.jar, it does not contain dependency information.
[25вер.2026 12:22:38.501] [main/DEBUG] [net.minecraftforge.fml.loading.moddiscovery.AbstractJarFileDependencyLocator/]: Failed to load resource META-INF\jarjar\metadata.json from main, it does not contain dependency information.
[25вер.2026 12:22:38.502] [main/DEBUG] [net.minecraftforge.fml.loading.moddiscovery.AbstractJarFileDependencyLocator/]: Failed to load resource META-INF\jarjar\metadata.json from mclanguage-1.20.1-47.2.0.jar, it does not contain dependency information.
[25вер.2026 12:22:38.502] [main/DEBUG] [net.minecraftforge.fml.loading.moddiscovery.AbstractJarFileDependencyLocator/]: Failed to load resource META-INF\jarjar\metadata.json from javafmllanguage-1.20.1-47.2.0.jar, it does not contain dependency information.
[25вер.2026 12:22:38.502] [main/DEBUG] [net.minecraftforge.fml.loading.moddiscovery.AbstractJarFileDependencyLocator/]: Failed to load resource META-INF\jarjar\metadata.json from fmlcore-1.20.1-47.2.0.jar, it does not contain dependency information.
[25вер.2026 12:22:38.503] [main/DEBUG] [net.minecraftforge.fml.loading.moddiscovery.AbstractJarFileDependencyLocator/]: Failed to load resource META-INF\jarjar\metadata.json from lowcodelanguage-1.20.1-47.2.0.jar, it does not contain dependency information.
[25вер.2026 12:22:38.584] [main/DEBUG] [net.minecraftforge.fml.loading.moddiscovery.AbstractJarFileDependencyLocator/]: Failed to load resource META-INF\jarjar\metadata.json from mclib-20.jar, it does not contain dependency information.
[25вер.2026 12:22:38.623] [main/INFO] [net.minecraftforge.fml.loading.moddiscovery.JarInJarDependencyLocator/]: Found 1 dependencies adding them to mods collection
[25вер.2026 12:22:38.625] [main/DEBUG] [net.minecraftforge.fml.loading.moddiscovery.ModFileInfo/LOADING]: Found valid mod file forge-1.20.1-47.2.0_mapped_parchment_2023.08.13-1.20.1.jar with {minecraft} mods - versions {1.20.1}
[25вер.2026 12:22:38.629] [main/DEBUG] [net.minecraftforge.fml.loading.moddiscovery.ModFile/LOADING]: Loading mod file C:\Users\user\.gradle\caches\forge_gradle\minecraft_user_repo\net\minecraftforge\forge\1.20.1-47.2.0_mapped_parchment_2023.08.13-1.20.1\forge-1.20.1-47.2.0_mapped_parchment_2023.08.13-1.20.1.jar with languages [LanguageSpec[languageName=minecraft, acceptedVersions=1]]
[25вер.2026 12:22:38.631] [main/DEBUG] [net.minecraftforge.fml.loading.moddiscovery.ModFileParser/LOADING]: Considering mod file candidate /
[25вер.2026 12:22:38.632] [main/DEBUG] [net.minecraftforge.fml.loading.moddiscovery.ModFileInfo/LOADING]: Found valid mod file  with {forge} mods - versions {47.2.0}
[25вер.2026 12:22:38.633] [main/DEBUG] [net.minecraftforge.fml.loading.moddiscovery.ModFile/LOADING]: Loading mod file / with languages [LanguageSpec[languageName=javafml, acceptedVersions=[24,]]]
[25вер.2026 12:22:38.638] [main/DEBUG] [net.minecraftforge.fml.loading.moddiscovery.ModFileParser/LOADING]: Found coremod field_to_method with Javascript path coremods/field_to_method.js
[25вер.2026 12:22:38.638] [main/DEBUG] [net.minecraftforge.fml.loading.moddiscovery.ModFileParser/LOADING]: Found coremod field_to_instanceof with Javascript path coremods/field_to_instanceof.js
[25вер.2026 12:22:38.638] [main/DEBUG] [net.minecraftforge.fml.loading.moddiscovery.ModFileParser/LOADING]: Found coremod add_bouncer_method with Javascript path coremods/add_bouncer_method.js
[25вер.2026 12:22:38.639] [main/DEBUG] [net.minecraftforge.fml.loading.moddiscovery.ModFileParser/LOADING]: Found coremod method_redirector with Javascript path coremods/method_redirector.js
[25вер.2026 12:22:38.639] [main/DEBUG] [net.minecraftforge.fml.loading.moddiscovery.ModFile/LOADING]: Found coremod coremods/field_to_method.js
[25вер.2026 12:22:38.639] [main/DEBUG] [net.minecraftforge.fml.loading.moddiscovery.ModFile/LOADING]: Found coremod coremods/field_to_instanceof.js
[25вер.2026 12:22:38.639] [main/DEBUG] [net.minecraftforge.fml.loading.moddiscovery.ModFile/LOADING]: Found coremod coremods/add_bouncer_method.js
[25вер.2026 12:22:38.639] [main/DEBUG] [net.minecraftforge.fml.loading.moddiscovery.ModFile/LOADING]: Found coremod coremods/method_redirector.js
[25вер.2026 12:22:38.639] [main/DEBUG] [net.minecraftforge.fml.loading.moddiscovery.ModFileParser/LOADING]: Considering mod file candidate C:\Users\user\.gradle\caches\forge_gradle\deobf_dependencies\top\theillusivec4\curios\curios-forge\5.4.2+1.20.1_mapped_parchment_2023.08.13-1.20.1\curios-forge-5.4.2+1.20.1_mapped_parchment_2023.08.13-1.20.1.jar
[25вер.2026 12:22:38.640] [main/DEBUG] [net.minecraftforge.fml.loading.moddiscovery.ModFileInfo/LOADING]: Found valid mod file curios-forge-5.4.2+1.20.1_mapped_parchment_2023.08.13-1.20.1.jar with {curios} mods - versions {5.4.2+1.20.1}
[25вер.2026 12:22:38.641] [main/DEBUG] [net.minecraftforge.fml.loading.moddiscovery.ModFile/LOADING]: Loading mod file C:\Users\user\.gradle\caches\forge_gradle\deobf_dependencies\top\theillusivec4\curios\curios-forge\5.4.2+1.20.1_mapped_parchment_2023.08.13-1.20.1\curios-forge-5.4.2+1.20.1_mapped_parchment_2023.08.13-1.20.1.jar with languages [LanguageSpec[languageName=javafml, acceptedVersions=[41,)]]
[25вер.2026 12:22:38.641] [main/DEBUG] [net.minecraftforge.fml.loading.moddiscovery.ModFileParser/LOADING]: Considering mod file candidate C:\Users\user\.gradle\caches\forge_gradle\deobf_dependencies\software\bernie\geckolib\geckolib-forge-1.20.1\4.8.4_mapped_parchment_2023.08.13-1.20.1\geckolib-forge-1.20.1-4.8.4_mapped_parchment_2023.08.13-1.20.1.jar
[25вер.2026 12:22:38.642] [main/DEBUG] [net.minecraftforge.fml.loading.moddiscovery.ModFileInfo/LOADING]: Found valid mod file geckolib-forge-1.20.1-4.8.4_mapped_parchment_2023.08.13-1.20.1.jar with {geckolib} mods - versions {4.8.4}
[25вер.2026 12:22:38.642] [main/DEBUG] [net.minecraftforge.fml.loading.moddiscovery.ModFile/LOADING]: Loading mod file C:\Users\user\.gradle\caches\forge_gradle\deobf_dependencies\software\bernie\geckolib\geckolib-forge-1.20.1\4.8.4_mapped_parchment_2023.08.13-1.20.1\geckolib-forge-1.20.1-4.8.4_mapped_parchment_2023.08.13-1.20.1.jar with languages [LanguageSpec[languageName=javafml, acceptedVersions=[47,)]]
[25вер.2026 12:22:38.642] [main/DEBUG] [net.minecraftforge.fml.loading.moddiscovery.ModFileParser/LOADING]: Considering mod file candidate C:\Users\user\.gradle\caches\forge_gradle\deobf_dependencies\curse\maven\superb-warfare-1218165\7292685_mapped_parchment_2023.08.13-1.20.1\superb-warfare-1218165-7292685_mapped_parchment_2023.08.13-1.20.1.jar
[25вер.2026 12:22:38.643] [main/DEBUG] [net.minecraftforge.fml.loading.moddiscovery.ModFileInfo/LOADING]: Found valid mod file superb-warfare-1218165-7292685_mapped_parchment_2023.08.13-1.20.1.jar with {superbwarfare} mods - versions {0.8.8}
[25вер.2026 12:22:38.643] [main/DEBUG] [net.minecraftforge.fml.loading.moddiscovery.ModFile/LOADING]: Loading mod file C:\Users\user\.gradle\caches\forge_gradle\deobf_dependencies\curse\maven\superb-warfare-1218165\7292685_mapped_parchment_2023.08.13-1.20.1\superb-warfare-1218165-7292685_mapped_parchment_2023.08.13-1.20.1.jar with languages [LanguageSpec[languageName=javafml, acceptedVersions=[47,)]]
[25вер.2026 12:22:38.644] [main/DEBUG] [net.minecraftforge.fml.loading.moddiscovery.ModFileParser/LOADING]: Considering mod file candidate C:\Users\user\Desktop\mods\colaba3stran\build\resources\main
[25вер.2026 12:22:38.646] [main/DEBUG] [net.minecraftforge.fml.loading.moddiscovery.ModFileInfo/LOADING]: Found valid mod file main with {squadmc} mods - versions {2.1.3-SNAPSHOT}
[25вер.2026 12:22:38.646] [main/DEBUG] [net.minecraftforge.fml.loading.moddiscovery.ModFile/LOADING]: Loading mod file C:\Users\user\Desktop\mods\colaba3stran\build\resources\main with languages [LanguageSpec[languageName=javafml, acceptedVersions=[47,)]]
[25вер.2026 12:22:38.647] [main/DEBUG] [net.minecraftforge.fml.loading.moddiscovery.ModFile/LOADING]: Loading mod file  with languages []
[25вер.2026 12:22:38.648] [main/DEBUG] [cpw.mods.modlauncher.TransformationServiceDecorator/MODLAUNCHER]: End scan trigger - transformation service fml
[25вер.2026 12:22:38.661] [main/DEBUG] [net.minecraftforge.fml.loading.LanguageLoadingProvider/CORE]: Found 3 language providers
[25вер.2026 12:22:38.662] [main/DEBUG] [net.minecraftforge.fml.loading.LanguageLoadingProvider/CORE]: Found language provider minecraft, version 1.0
[25вер.2026 12:22:38.663] [main/DEBUG] [net.minecraftforge.fml.loading.LanguageLoadingProvider/CORE]: Found language provider lowcodefml, version 47
[25вер.2026 12:22:38.663] [main/DEBUG] [net.minecraftforge.fml.loading.LanguageLoadingProvider/CORE]: Found language provider javafml, version 47
[25вер.2026 12:22:38.668] [main/DEBUG] [net.minecraftforge.fml.loading.ModSorter/]: Configured system mods: [minecraft, forge]
[25вер.2026 12:22:38.669] [main/DEBUG] [net.minecraftforge.fml.loading.ModSorter/]: Found system mod: minecraft
[25вер.2026 12:22:38.669] [main/DEBUG] [net.minecraftforge.fml.loading.ModSorter/]: Found system mod: forge
[25вер.2026 12:22:38.671] [main/DEBUG] [net.minecraftforge.fml.loading.ModSorter/LOADING]: Found 15 mod requirements (11 mandatory, 4 optional)
[25вер.2026 12:22:38.672] [main/DEBUG] [net.minecraftforge.fml.loading.ModSorter/LOADING]: Found 0 mod requirements missing (0 mandatory, 0 optional)
[25вер.2026 12:22:39.151] [main/DEBUG] [net.minecraftforge.fml.loading.MCPNamingService/CORE]: Loaded 34318 method mappings from methods.csv
[25вер.2026 12:22:39.184] [main/DEBUG] [net.minecraftforge.fml.loading.MCPNamingService/CORE]: Loaded 31014 field mappings from fields.csv
[25вер.2026 12:22:39.254] [main/DEBUG] [cpw.mods.modlauncher.TransformationServicesHandler/MODLAUNCHER]: Transformation services loading transformers
[25вер.2026 12:22:39.254] [main/DEBUG] [cpw.mods.modlauncher.TransformationServiceDecorator/MODLAUNCHER]: Initializing transformers for transformation service mixin
[25вер.2026 12:22:39.255] [main/DEBUG] [cpw.mods.modlauncher.TransformationServiceDecorator/MODLAUNCHER]: Initialized transformers for transformation service mixin
[25вер.2026 12:22:39.255] [main/DEBUG] [cpw.mods.modlauncher.TransformationServiceDecorator/MODLAUNCHER]: Initializing transformers for transformation service fml
[25вер.2026 12:22:39.255] [main/DEBUG] [net.minecraftforge.fml.loading.FMLServiceProvider/CORE]: Loading coremod transformers
[25вер.2026 12:22:39.255] [main/DEBUG] [net.minecraftforge.coremod.CoreModEngine/COREMOD]: Loading CoreMod from coremods/field_to_method.js
[25вер.2026 12:22:39.440] [main/DEBUG] [net.minecraftforge.coremod.CoreModEngine/COREMOD]: CoreMod loaded successfully
[25вер.2026 12:22:39.441] [main/DEBUG] [net.minecraftforge.coremod.CoreModEngine/COREMOD]: Loading CoreMod from coremods/field_to_instanceof.js
[25вер.2026 12:22:39.499] [main/DEBUG] [net.minecraftforge.coremod.CoreModEngine/COREMOD]: CoreMod loaded successfully
[25вер.2026 12:22:39.499] [main/DEBUG] [net.minecraftforge.coremod.CoreModEngine/COREMOD]: Loading CoreMod from coremods/add_bouncer_method.js
[25вер.2026 12:22:39.545] [main/DEBUG] [net.minecraftforge.coremod.CoreModEngine/COREMOD]: CoreMod loaded successfully
[25вер.2026 12:22:39.547] [main/DEBUG] [net.minecraftforge.coremod.CoreModEngine/COREMOD]: Loading CoreMod from coremods/method_redirector.js
[25вер.2026 12:22:39.610] [main/DEBUG] [net.minecraftforge.coremod.CoreModEngine/COREMOD]: CoreMod loaded successfully
[25вер.2026 12:22:39.624] [main/DEBUG] [cpw.mods.modlauncher.TransformStore/MODLAUNCHER]: Adding transformer net.minecraftforge.coremod.transformer.CoreModClassTransformer@6a9cd0f8 to Target : CLASS {Lnet/minecraft/world/level/biome/Biome;} {} {V}
[25вер.2026 12:22:39.625] [main/DEBUG] [cpw.mods.modlauncher.TransformStore/MODLAUNCHER]: Adding transformer net.minecraftforge.coremod.transformer.CoreModClassTransformer@5b5a4aed to Target : CLASS {Lnet/minecraft/world/level/levelgen/structure/Structure;} {} {V}
[25вер.2026 12:22:39.625] [main/DEBUG] [cpw.mods.modlauncher.TransformStore/MODLAUNCHER]: Adding transformer net.minecraftforge.coremod.transformer.CoreModClassTransformer@2c991465 to Target : CLASS {Lnet/minecraft/world/effect/MobEffectInstance;} {} {V}
[25вер.2026 12:22:39.625] [main/DEBUG] [cpw.mods.modlauncher.TransformStore/MODLAUNCHER]: Adding transformer net.minecraftforge.coremod.transformer.CoreModClassTransformer@5fef2aac to Target : CLASS {Lnet/minecraft/world/level/block/LiquidBlock;} {} {V}
[25вер.2026 12:22:39.625] [main/DEBUG] [cpw.mods.modlauncher.TransformStore/MODLAUNCHER]: Adding transformer net.minecraftforge.coremod.transformer.CoreModClassTransformer@7f973a14 to Target : CLASS {Lnet/minecraft/world/item/BucketItem;} {} {V}
[25вер.2026 12:22:39.625] [main/DEBUG] [cpw.mods.modlauncher.TransformStore/MODLAUNCHER]: Adding transformer net.minecraftforge.coremod.transformer.CoreModClassTransformer@76130a29 to Target : CLASS {Lnet/minecraft/world/level/block/StairBlock;} {} {V}
[25вер.2026 12:22:39.625] [main/DEBUG] [cpw.mods.modlauncher.TransformStore/MODLAUNCHER]: Adding transformer net.minecraftforge.coremod.transformer.CoreModClassTransformer@124d02b2 to Target : CLASS {Lnet/minecraft/world/level/block/FlowerPotBlock;} {} {V}
[25вер.2026 12:22:39.625] [main/DEBUG] [cpw.mods.modlauncher.TransformStore/MODLAUNCHER]: Adding transformer net.minecraftforge.coremod.transformer.CoreModClassTransformer@3451f01d to Target : CLASS {Lnet/minecraft/world/item/ItemStack;} {} {V}
[25вер.2026 12:22:39.627] [main/DEBUG] [cpw.mods.modlauncher.TransformStore/MODLAUNCHER]: Adding transformer net.minecraftforge.coremod.transformer.CoreModClassTransformer@72503b19 to Target : CLASS {Lnet/minecraft/network/play/client/CClientSettingsPacket;} {} {V}
[25вер.2026 12:22:39.627] [main/DEBUG] [cpw.mods.modlauncher.TransformStore/MODLAUNCHER]: Adding transformer net.minecraftforge.coremod.transformer.CoreModClassTransformer@1cfc2538 to Target : CLASS {Lnet/minecraft/world/entity/animal/frog/Tadpole;} {} {V}
[25вер.2026 12:22:39.627] [main/DEBUG] [cpw.mods.modlauncher.TransformStore/MODLAUNCHER]: Adding transformer net.minecraftforge.coremod.transformer.CoreModClassTransformer@1cfc2538 to Target : CLASS {Lnet/minecraft/world/entity/monster/Evoker$EvokerSummonSpellGoal;} {} {V}
[25вер.2026 12:22:39.627] [main/DEBUG] [cpw.mods.modlauncher.TransformStore/MODLAUNCHER]: Adding transformer net.minecraftforge.coremod.transformer.CoreModClassTransformer@1cfc2538 to Target : CLASS {Lnet/minecraft/world/entity/monster/ZombieVillager;} {} {V}
[25вер.2026 12:22:39.627] [main/DEBUG] [cpw.mods.modlauncher.TransformStore/MODLAUNCHER]: Adding transformer net.minecraftforge.coremod.transformer.CoreModClassTransformer@1cfc2538 to Target : CLASS {Lnet/minecraft/world/level/levelgen/structure/structures/OceanMonumentPieces$OceanMonumentPiece;} {} {V}
[25вер.2026 12:22:39.627] [main/DEBUG] [cpw.mods.modlauncher.TransformStore/MODLAUNCHER]: Adding transformer net.minecraftforge.coremod.transformer.CoreModClassTransformer@1cfc2538 to Target : CLASS {Lnet/minecraft/world/entity/ai/village/VillageSiege;} {} {V}
[25вер.2026 12:22:39.628] [main/DEBUG] [cpw.mods.modlauncher.TransformStore/MODLAUNCHER]: Adding transformer net.minecraftforge.coremod.transformer.CoreModClassTransformer@1cfc2538 to Target : CLASS {Lnet/minecraft/world/entity/npc/Villager;} {} {V}
[25вер.2026 12:22:39.628] [main/DEBUG] [cpw.mods.modlauncher.TransformStore/MODLAUNCHER]: Adding transformer net.minecraftforge.coremod.transformer.CoreModClassTransformer@1cfc2538 to Target : CLASS {Lnet/minecraft/world/entity/raid/Raid;} {} {V}
[25вер.2026 12:22:39.628] [main/DEBUG] [cpw.mods.modlauncher.TransformStore/MODLAUNCHER]: Adding transformer net.minecraftforge.coremod.transformer.CoreModClassTransformer@1cfc2538 to Target : CLASS {Lnet/minecraft/world/entity/npc/CatSpawner;} {} {V}
[25вер.2026 12:22:39.628] [main/DEBUG] [cpw.mods.modlauncher.TransformStore/MODLAUNCHER]: Adding transformer net.minecraftforge.coremod.transformer.CoreModClassTransformer@1cfc2538 to Target : CLASS {Lnet/minecraft/server/commands/RaidCommand;} {} {V}
[25вер.2026 12:22:39.628] [main/DEBUG] [cpw.mods.modlauncher.TransformStore/MODLAUNCHER]: Adding transformer net.minecraftforge.coremod.transformer.CoreModClassTransformer@1cfc2538 to Target : CLASS {Lnet/minecraft/world/level/levelgen/PatrolSpawner;} {} {V}
[25вер.2026 12:22:39.628] [main/DEBUG] [cpw.mods.modlauncher.TransformStore/MODLAUNCHER]: Adding transformer net.minecraftforge.coremod.transformer.CoreModClassTransformer@1cfc2538 to Target : CLASS {Lnet/minecraft/world/level/levelgen/structure/templatesystem/StructureTemplate;} {} {V}
[25вер.2026 12:22:39.628] [main/DEBUG] [cpw.mods.modlauncher.TransformStore/MODLAUNCHER]: Adding transformer net.minecraftforge.coremod.transformer.CoreModClassTransformer@1cfc2538 to Target : CLASS {Lnet/minecraft/server/commands/SummonCommand;} {} {V}
[25вер.2026 12:22:39.628] [main/DEBUG] [cpw.mods.modlauncher.TransformStore/MODLAUNCHER]: Adding transformer net.minecraftforge.coremod.transformer.CoreModClassTransformer@1cfc2538 to Target : CLASS {Lnet/minecraft/world/entity/monster/Zombie;} {} {V}
[25вер.2026 12:22:39.629] [main/DEBUG] [cpw.mods.modlauncher.TransformStore/MODLAUNCHER]: Adding transformer net.minecraftforge.coremod.transformer.CoreModClassTransformer@1cfc2538 to Target : CLASS {Lnet/minecraft/world/entity/monster/Strider;} {} {V}
[25вер.2026 12:22:39.629] [main/DEBUG] [cpw.mods.modlauncher.TransformStore/MODLAUNCHER]: Adding transformer net.minecraftforge.coremod.transformer.CoreModClassTransformer@1cfc2538 to Target : CLASS {Lnet/minecraft/world/entity/EntityType;} {} {V}
[25вер.2026 12:22:39.629] [main/DEBUG] [cpw.mods.modlauncher.TransformStore/MODLAUNCHER]: Adding transformer net.minecraftforge.coremod.transformer.CoreModClassTransformer@1cfc2538 to Target : CLASS {Lnet/minecraft/world/level/levelgen/structure/structures/OceanRuinPieces$OceanRuinPiece;} {} {V}
[25вер.2026 12:22:39.629] [main/DEBUG] [cpw.mods.modlauncher.TransformStore/MODLAUNCHER]: Adding transformer net.minecraftforge.coremod.transformer.CoreModClassTransformer@1cfc2538 to Target : CLASS {Lnet/minecraft/world/entity/animal/horse/SkeletonTrapGoal;} {} {V}
[25вер.2026 12:22:39.629] [main/DEBUG] [cpw.mods.modlauncher.TransformStore/MODLAUNCHER]: Adding transformer net.minecraftforge.coremod.transformer.CoreModClassTransformer@1cfc2538 to Target : CLASS {Lnet/minecraft/world/entity/monster/Spider;} {} {V}
[25вер.2026 12:22:39.629] [main/DEBUG] [cpw.mods.modlauncher.TransformStore/MODLAUNCHER]: Adding transformer net.minecraftforge.coremod.transformer.CoreModClassTransformer@1cfc2538 to Target : CLASS {Lnet/minecraft/world/level/levelgen/structure/structures/SwampHutPiece;} {} {V}
[25вер.2026 12:22:39.629] [main/DEBUG] [cpw.mods.modlauncher.TransformStore/MODLAUNCHER]: Adding transformer net.minecraftforge.coremod.transformer.CoreModClassTransformer@1cfc2538 to Target : CLASS {Lnet/minecraft/world/level/levelgen/structure/structures/WoodlandMansionPieces$WoodlandMansionPiece;} {} {V}
[25вер.2026 12:22:39.629] [main/DEBUG] [cpw.mods.modlauncher.TransformStore/MODLAUNCHER]: Adding transformer net.minecraftforge.coremod.transformer.CoreModClassTransformer@1cfc2538 to Target : CLASS {Lnet/minecraft/world/level/NaturalSpawner;} {} {V}
[25вер.2026 12:22:39.630] [main/DEBUG] [cpw.mods.modlauncher.TransformStore/MODLAUNCHER]: Adding transformer net.minecraftforge.coremod.transformer.CoreModClassTransformer@1cfc2538 to Target : CLASS {Lnet/minecraft/world/level/levelgen/PhantomSpawner;} {} {V}
[25вер.2026 12:22:39.630] [main/DEBUG] [cpw.mods.modlauncher.TransformationServiceDecorator/MODLAUNCHER]: Initialized transformers for transformation service fml
[25вер.2026 12:22:40.496] [main/DEBUG] [mixin/]: Processing prepare() for PlatformAgent[MixinPlatformAgentDefault:ModLauncher Root Container(ModLauncher:4f56a0a2)]
[25вер.2026 12:22:40.498] [main/DEBUG] [mixin/]: Processing launch tasks for PlatformAgent[MixinPlatformAgentDefault:ModLauncher Root Container(ModLauncher:4f56a0a2)]
[25вер.2026 12:22:40.498] [main/DEBUG] [mixin/]: Adding mixin platform agents for container SecureJarResource(minecraft)
[25вер.2026 12:22:40.498] [main/DEBUG] [mixin/]: Instancing new MixinPlatformAgentMinecraftForge for SecureJarResource(minecraft)
[25вер.2026 12:22:40.498] [main/DEBUG] [mixin/]: MixinPlatformAgentMinecraftForge rejected container SecureJarResource(minecraft)
[25вер.2026 12:22:40.498] [main/DEBUG] [mixin/]: Instancing new MixinPlatformAgentDefault for SecureJarResource(minecraft)
[25вер.2026 12:22:40.498] [main/DEBUG] [mixin/]: MixinPlatformAgentDefault accepted container SecureJarResource(minecraft)
[25вер.2026 12:22:40.499] [main/DEBUG] [mixin/]: Processing prepare() for PlatformAgent[MixinPlatformAgentDefault:SecureJarResource(minecraft)]
[25вер.2026 12:22:40.499] [main/DEBUG] [mixin/]: Adding mixin platform agents for container SecureJarResource(forge)
[25вер.2026 12:22:40.499] [main/DEBUG] [mixin/]: Instancing new MixinPlatformAgentMinecraftForge for SecureJarResource(forge)
[25вер.2026 12:22:40.499] [main/DEBUG] [mixin/]: MixinPlatformAgentMinecraftForge rejected container SecureJarResource(forge)
[25вер.2026 12:22:40.499] [main/DEBUG] [mixin/]: Instancing new MixinPlatformAgentDefault for SecureJarResource(forge)
[25вер.2026 12:22:40.499] [main/DEBUG] [mixin/]: MixinPlatformAgentDefault accepted container SecureJarResource(forge)
[25вер.2026 12:22:40.499] [main/DEBUG] [mixin/]: Processing prepare() for PlatformAgent[MixinPlatformAgentDefault:SecureJarResource(forge)]
[25вер.2026 12:22:40.499] [main/DEBUG] [mixin/]: Adding mixin platform agents for container SecureJarResource(curios)
[25вер.2026 12:22:40.500] [main/DEBUG] [mixin/]: Instancing new MixinPlatformAgentMinecraftForge for SecureJarResource(curios)
[25вер.2026 12:22:40.500] [main/DEBUG] [mixin/]: MixinPlatformAgentMinecraftForge rejected container SecureJarResource(curios)
[25вер.2026 12:22:40.500] [main/DEBUG] [mixin/]: Instancing new MixinPlatformAgentDefault for SecureJarResource(curios)
[25вер.2026 12:22:40.500] [main/DEBUG] [mixin/]: MixinPlatformAgentDefault accepted container SecureJarResource(curios)
[25вер.2026 12:22:40.500] [main/DEBUG] [mixin/]: Processing prepare() for PlatformAgent[MixinPlatformAgentDefault:SecureJarResource(curios)]
[25вер.2026 12:22:40.500] [main/DEBUG] [mixin/]: Registering mixin config: curios.mixins.json
[25вер.2026 12:22:40.515] [main/DEBUG] [mixin/]: Compatibility level JAVA_17 specified by curios.mixins.json is higher than the maximum level supported by this version of mixin (JAVA_13).
[25вер.2026 12:22:40.519] [main/INFO] [mixin/]: Compatibility level set to JAVA_17
[25вер.2026 12:22:40.519] [main/DEBUG] [mixin/]: Adding mixin platform agents for container SecureJarResource(geckolib)
[25вер.2026 12:22:40.519] [main/DEBUG] [mixin/]: Instancing new MixinPlatformAgentMinecraftForge for SecureJarResource(geckolib)
[25вер.2026 12:22:40.520] [main/DEBUG] [mixin/]: MixinPlatformAgentMinecraftForge rejected container SecureJarResource(geckolib)
[25вер.2026 12:22:40.520] [main/DEBUG] [mixin/]: Instancing new MixinPlatformAgentDefault for SecureJarResource(geckolib)
[25вер.2026 12:22:40.520] [main/DEBUG] [mixin/]: MixinPlatformAgentDefault accepted container SecureJarResource(geckolib)
[25вер.2026 12:22:40.520] [main/DEBUG] [mixin/]: Processing prepare() for PlatformAgent[MixinPlatformAgentDefault:SecureJarResource(geckolib)]
[25вер.2026 12:22:40.520] [main/DEBUG] [mixin/]: Registering mixin config: geckolib.mixins.json
[25вер.2026 12:22:40.522] [main/DEBUG] [mixin/]: Adding mixin platform agents for container SecureJarResource(superbwarfare)
[25вер.2026 12:22:40.522] [main/DEBUG] [mixin/]: Instancing new MixinPlatformAgentMinecraftForge for SecureJarResource(superbwarfare)
[25вер.2026 12:22:40.522] [main/DEBUG] [mixin/]: MixinPlatformAgentMinecraftForge rejected container SecureJarResource(superbwarfare)
[25вер.2026 12:22:40.522] [main/DEBUG] [mixin/]: Instancing new MixinPlatformAgentDefault for SecureJarResource(superbwarfare)
[25вер.2026 12:22:40.522] [main/DEBUG] [mixin/]: MixinPlatformAgentDefault accepted container SecureJarResource(superbwarfare)
[25вер.2026 12:22:40.522] [main/DEBUG] [mixin/]: Processing prepare() for PlatformAgent[MixinPlatformAgentDefault:SecureJarResource(superbwarfare)]
[25вер.2026 12:22:40.522] [main/DEBUG] [mixin/]: Registering mixin config: mixins.superbwarfare.json
[25вер.2026 12:22:40.524] [main/DEBUG] [mixin/]: Adding mixin platform agents for container SecureJarResource(squadmc)
[25вер.2026 12:22:40.524] [main/DEBUG] [mixin/]: Instancing new MixinPlatformAgentMinecraftForge for SecureJarResource(squadmc)
[25вер.2026 12:22:40.524] [main/DEBUG] [mixin/]: MixinPlatformAgentMinecraftForge rejected container SecureJarResource(squadmc)
[25вер.2026 12:22:40.524] [main/DEBUG] [mixin/]: Instancing new MixinPlatformAgentDefault for SecureJarResource(squadmc)
[25вер.2026 12:22:40.524] [main/DEBUG] [mixin/]: MixinPlatformAgentDefault accepted container SecureJarResource(squadmc)
[25вер.2026 12:22:40.524] [main/DEBUG] [mixin/]: Processing prepare() for PlatformAgent[MixinPlatformAgentDefault:SecureJarResource(squadmc)]
[25вер.2026 12:22:40.525] [main/DEBUG] [mixin/]: Adding mixin platform agents for container SecureJarResource(mclib)
[25вер.2026 12:22:40.525] [main/DEBUG] [mixin/]: Instancing new MixinPlatformAgentMinecraftForge for SecureJarResource(mclib)
[25вер.2026 12:22:40.525] [main/DEBUG] [mixin/]: MixinPlatformAgentMinecraftForge rejected container SecureJarResource(mclib)
[25вер.2026 12:22:40.525] [main/DEBUG] [mixin/]: Instancing new MixinPlatformAgentDefault for SecureJarResource(mclib)
[25вер.2026 12:22:40.525] [main/DEBUG] [mixin/]: MixinPlatformAgentDefault accepted container SecureJarResource(mclib)
[25вер.2026 12:22:40.525] [main/DEBUG] [mixin/]: Processing prepare() for PlatformAgent[MixinPlatformAgentDefault:SecureJarResource(mclib)]
[25вер.2026 12:22:40.525] [main/DEBUG] [mixin/]: inject() running with 8 agents
[25вер.2026 12:22:40.525] [main/DEBUG] [mixin/]: Processing inject() for PlatformAgent[MixinPlatformAgentDefault:ModLauncher Root Container(ModLauncher:4f56a0a2)]
[25вер.2026 12:22:40.525] [main/DEBUG] [mixin/]: Processing inject() for PlatformAgent[MixinPlatformAgentDefault:SecureJarResource(minecraft)]
[25вер.2026 12:22:40.525] [main/DEBUG] [mixin/]: Processing inject() for PlatformAgent[MixinPlatformAgentDefault:SecureJarResource(forge)]
[25вер.2026 12:22:40.526] [main/DEBUG] [mixin/]: Processing inject() for PlatformAgent[MixinPlatformAgentDefault:SecureJarResource(curios)]
[25вер.2026 12:22:40.526] [main/DEBUG] [mixin/]: Processing inject() for PlatformAgent[MixinPlatformAgentDefault:SecureJarResource(geckolib)]
[25вер.2026 12:22:40.526] [main/DEBUG] [mixin/]: Processing inject() for PlatformAgent[MixinPlatformAgentDefault:SecureJarResource(superbwarfare)]
[25вер.2026 12:22:40.526] [main/DEBUG] [mixin/]: Processing inject() for PlatformAgent[MixinPlatformAgentDefault:SecureJarResource(squadmc)]
[25вер.2026 12:22:40.527] [main/DEBUG] [mixin/]: Processing inject() for PlatformAgent[MixinPlatformAgentDefault:SecureJarResource(mclib)]
[25вер.2026 12:22:40.527] [main/INFO] [cpw.mods.modlauncher.LaunchServiceHandler/MODLAUNCHER]: Launching target 'forgeclientuserdev' with arguments [--version, MOD_DEV, --gameDir, ., --assetsDir, C:\Users\user\.gradle\caches\forge_gradle\assets, --assetIndex, 5]
[25вер.2026 12:22:40.615] [main/DEBUG] [mixin/]: Error cleaning class output directory: .mixin.out
[25вер.2026 12:22:40.617] [main/DEBUG] [mixin/]: Preparing mixins for MixinEnvironment[DEFAULT]
[25вер.2026 12:22:40.617] [main/DEBUG] [mixin/]: Selecting config curios.mixins.json
[25вер.2026 12:22:40.967] [main/INFO] [mixin/]: Remapping refMap curios.refmap.json using C:\Users\user\Desktop\mods\colaba3stran\build\createSrgToMcp\output.srg
[25вер.2026 12:22:40.967] [main/DEBUG] [mixin/]: Selecting config geckolib.mixins.json
[25вер.2026 12:22:40.969] [main/INFO] [mixin/]: Remapping refMap geckolib.refmap.json using C:\Users\user\Desktop\mods\colaba3stran\build\createSrgToMcp\output.srg
[25вер.2026 12:22:40.969] [main/DEBUG] [mixin/]: Selecting config mixins.superbwarfare.json
[25вер.2026 12:22:40.979] [main/INFO] [mixin/]: Remapping refMap mixins.superbwarfare.refmap.json using C:\Users\user\Desktop\mods\colaba3stran\build\createSrgToMcp\output.srg
[25вер.2026 12:22:40.979] [main/DEBUG] [mixin/]: Preparing curios.mixins.json (8)
[25вер.2026 12:22:41.096] [main/DEBUG] [mixin/]: Preparing geckolib.mixins.json (1)
[25вер.2026 12:22:41.101] [main/DEBUG] [mixin/]: Preparing mixins.superbwarfare.json (32)
[25вер.2026 12:22:41.151] [main/DEBUG] [net.minecraftforge.coremod.transformer.CoreModBaseTransformer/COREMOD]: Transforming net/minecraft/world/entity/npc/Villager
[25вер.2026 12:22:41.495] [main/DEBUG] [mixin/]: Registering new injector for @Inject with org.spongepowered.asm.mixin.injection.struct.CallbackInjectionInfo
[25вер.2026 12:22:41.497] [main/DEBUG] [mixin/]: Registering new injector for @ModifyArg with org.spongepowered.asm.mixin.injection.struct.ModifyArgInjectionInfo
[25вер.2026 12:22:41.499] [main/DEBUG] [mixin/]: Registering new injector for @ModifyArgs with org.spongepowered.asm.mixin.injection.struct.ModifyArgsInjectionInfo
[25вер.2026 12:22:41.500] [main/DEBUG] [mixin/]: Registering new injector for @Redirect with org.spongepowered.asm.mixin.injection.struct.RedirectInjectionInfo
[25вер.2026 12:22:41.502] [main/DEBUG] [mixin/]: Registering new injector for @ModifyVariable with org.spongepowered.asm.mixin.injection.struct.ModifyVariableInjectionInfo
[25вер.2026 12:22:41.503] [main/DEBUG] [mixin/]: Registering new injector for @ModifyConstant with org.spongepowered.asm.mixin.injection.struct.ModifyConstantInjectionInfo
[25вер.2026 12:22:41.528] [main/DEBUG] [mixin/]: Prepared 40 mixins in 0,911 sec (22,8ms avg) (0ms load, 0ms transform, 0ms plugin)
[25вер.2026 12:22:41.555] [main/DEBUG] [mixin/]: Mixing MinecraftMixin from mixins.superbwarfare.json into net.minecraft.client.Minecraft
[25вер.2026 12:22:42.051] [main/DEBUG] [io.netty.util.internal.logging.InternalLoggerFactory/]: Using SLF4J as the default logging framework
[25вер.2026 12:22:42.057] [main/DEBUG] [io.netty.util.ResourceLeakDetector/]: -Dio.netty.leakDetection.level: simple
[25вер.2026 12:22:42.057] [main/DEBUG] [io.netty.util.ResourceLeakDetector/]: -Dio.netty.leakDetection.targetRecords: 4
[25вер.2026 12:22:42.168] [main/DEBUG] [oshi.util.FileUtil/]: No oshi.properties file found from ClassLoader cpw.mods.modlauncher.TransformingClassLoader@52a33c3f
[25вер.2026 12:22:42.526] [main/DEBUG] [oshi.util.FileUtil/]: No oshi.architecture.properties file found from ClassLoader cpw.mods.modlauncher.TransformingClassLoader@52a33c3f
[25вер.2026 12:22:54.808] [pool-4-thread-1/DEBUG] [mixin/]: Mixing HolderMixin from mixins.superbwarfare.json into net.minecraft.core.Holder$Reference
[25вер.2026 12:22:54.852] [pool-4-thread-1/DEBUG] [mixin/]: Mixing AccessorEntity from curios.mixins.json into net.minecraft.world.entity.Entity
[25вер.2026 12:22:54.872] [pool-4-thread-1/DEBUG] [mixin/]: Mixing EntityMixin from mixins.superbwarfare.json into net.minecraft.world.entity.Entity
[25вер.2026 12:22:54.898] [pool-4-thread-1/DEBUG] [net.minecraftforge.coremod.transformer.CoreModBaseTransformer/COREMOD]: Transforming net/minecraft/world/item/ItemStack
[25вер.2026 12:22:54.953] [pool-4-thread-1/DEBUG] [mixin/]: Mixing SteelPipeFallMixin from mixins.superbwarfare.json into net.minecraft.world.entity.Entity
[25вер.2026 12:22:55.078] [pool-4-thread-1/DEBUG] [mixin/]: Mixing MixinLivingEntity from curios.mixins.json into net.minecraft.world.entity.LivingEntity
[25вер.2026 12:22:55.082] [pool-4-thread-1/DEBUG] [mixin/]: Mixing LivingEntityMixin from mixins.superbwarfare.json into net.minecraft.world.entity.LivingEntity
[25вер.2026 12:22:55.088] [pool-4-thread-1/DEBUG] [mixin/]: Mixing BeastMixin from mixins.superbwarfare.json into net.minecraft.world.entity.LivingEntity
[25вер.2026 12:22:55.186] [pool-4-thread-1/DEBUG] [mixin/]: Mixing PlayerMixin from mixins.superbwarfare.json into net.minecraft.world.entity.player.Player
[25вер.2026 12:22:55.194] [pool-4-thread-1/DEBUG] [net.minecraftforge.coremod.transformer.CoreModBaseTransformer/COREMOD]: Transforming net/minecraft/world/entity/EntityType
[25вер.2026 12:22:55.280] [pool-4-thread-1/DEBUG] [mixin/]: Mixing LevelMixin from mixins.superbwarfare.json into net.minecraft.world.level.Level
[25вер.2026 12:22:55.281] [pool-4-thread-1/DEBUG] [mixin/]: Renaming synthetic method lambda$getEntities$1(Lnet/minecraft/world/phys/AABB;Lorg/spongepowered/asm/mixin/injection/callback/CallbackInfoReturnable;Lnet/minecraft/world/entity/Entity;)V to md8b4ee3$lambda$getEntities$1$0 in mixins.superbwarfare.json:LevelMixin
[25вер.2026 12:22:55.281] [pool-4-thread-1/DEBUG] [mixin/]: Renaming synthetic method lambda$getEntities$0(Ljava/util/function/Predicate;Lnet/minecraft/world/entity/Entity;Lnet/minecraft/world/entity/Entity;)Z to md8b4ee3$lambda$getEntities$0$1 in mixins.superbwarfare.json:LevelMixin
[25вер.2026 12:22:55.346] [pool-4-thread-1/DEBUG] [net.minecraftforge.coremod.transformer.CoreModBaseTransformer/COREMOD]: Transforming net/minecraft/world/entity/EntityType
[25вер.2026 12:22:55.726] [pool-4-thread-1/DEBUG] [net.minecraftforge.coremod.transformer.CoreModBaseTransformer/COREMOD]: Transforming net/minecraft/world/level/block/LiquidBlock
[25вер.2026 12:22:55.757] [pool-4-thread-1/DEBUG] [net.minecraftforge.coremod.transformer.CoreModBaseTransformer/COREMOD]: Transforming net/minecraft/world/level/block/StairBlock
[25вер.2026 12:22:55.818] [pool-4-thread-1/DEBUG] [net.minecraftforge.coremod.transformer.CoreModBaseTransformer/COREMOD]: Transforming net/minecraft/world/level/block/FlowerPotBlock
[25вер.2026 12:22:55.883] [pool-4-thread-1/DEBUG] [mixin/]: Mixing MixinPowderSnowBlock from curios.mixins.json into net.minecraft.world.level.block.PowderSnowBlock
[25вер.2026 12:22:56.438] [pool-4-thread-1/DEBUG] [mixin/]: Mixing MobMixin from mixins.superbwarfare.json into net.minecraft.world.entity.Mob
[25вер.2026 12:22:56.522] [pool-4-thread-1/DEBUG] [net.minecraftforge.coremod.transformer.CoreModBaseTransformer/COREMOD]: Transforming net/minecraft/world/item/ItemStack
[25вер.2026 12:22:57.018] [pool-4-thread-1/DEBUG] [net.minecraftforge.coremod.transformer.CoreModBaseTransformer/COREMOD]: Transforming net/minecraft/world/entity/animal/frog/Tadpole
[25вер.2026 12:22:57.057] [pool-4-thread-1/DEBUG] [net.minecraftforge.coremod.transformer.CoreModBaseTransformer/COREMOD]: Transforming net/minecraft/world/item/BucketItem
[25вер.2026 12:22:57.072] [pool-4-thread-1/DEBUG] [mixin/]: Mixing MixinShearsItem from curios.mixins.json into net.minecraft.world.item.ShearsItem
[25вер.2026 12:22:57.894] [pool-4-thread-1/DEBUG] [net.minecraftforge.coremod.transformer.CoreModBaseTransformer/COREMOD]: Transforming net/minecraft/world/entity/monster/Spider
[25вер.2026 12:22:57.956] [pool-4-thread-1/DEBUG] [net.minecraftforge.coremod.transformer.CoreModBaseTransformer/COREMOD]: Transforming net/minecraft/world/entity/monster/Zombie
[25вер.2026 12:22:57.988] [Datafixer Bootstrap/INFO] [com.mojang.datafixers.DataFixerBuilder/]: 188 Datafixer optimizations took 169 milliseconds
[25вер.2026 12:22:58.003] [pool-4-thread-1/DEBUG] [net.minecraftforge.coremod.transformer.CoreModBaseTransformer/COREMOD]: Transforming net/minecraft/world/entity/monster/ZombieVillager
[25вер.2026 12:22:58.055] [pool-4-thread-1/DEBUG] [net.minecraftforge.coremod.transformer.CoreModBaseTransformer/COREMOD]: Transforming net/minecraft/world/entity/monster/Evoker$EvokerSummonSpellGoal
[25вер.2026 12:22:58.194] [pool-4-thread-1/DEBUG] [net.minecraftforge.coremod.transformer.CoreModBaseTransformer/COREMOD]: Transforming net/minecraft/world/entity/animal/horse/SkeletonTrapGoal
[25вер.2026 12:22:58.212] [pool-4-thread-1/DEBUG] [net.minecraftforge.coremod.transformer.CoreModBaseTransformer/COREMOD]: Transforming net/minecraft/world/entity/monster/Strider
[25вер.2026 12:22:58.317] [pool-4-thread-1/DEBUG] [net.minecraftforge.coremod.transformer.CoreModBaseTransformer/COREMOD]: Transforming net/minecraft/world/entity/npc/Villager
[25вер.2026 12:22:58.358] [pool-4-thread-1/DEBUG] [mixin/]: Mixing VillagerMixin from mixins.superbwarfare.json into net.minecraft.world.entity.npc.Villager
[25вер.2026 12:22:58.421] [pool-4-thread-1/DEBUG] [mixin/]: Mixing FishingHookMixin from mixins.superbwarfare.json into net.minecraft.world.entity.projectile.FishingHook
[25вер.2026 12:22:58.447] [pool-4-thread-1/DEBUG] [net.minecraftforge.coremod.transformer.CoreModBaseTransformer/COREMOD]: Transforming net/minecraft/world/effect/MobEffectInstance
[25вер.2026 12:22:58.781] [pool-4-thread-1/DEBUG] [mixin/]: Mixing MixinApplyBonusCount from curios.mixins.json into net.minecraft.world.level.storage.loot.functions.ApplyBonusCount
[25вер.2026 12:22:59.056] [pool-4-thread-1/DEBUG] [net.minecraftforge.coremod.transformer.CoreModBaseTransformer/COREMOD]: Transforming net/minecraft/world/level/levelgen/structure/Structure
[25вер.2026 12:22:59.096] [pool-4-thread-1/DEBUG] [net.minecraftforge.coremod.transformer.CoreModBaseTransformer/COREMOD]: Transforming net/minecraft/world/level/levelgen/structure/structures/OceanRuinPieces$OceanRuinPiece
[25вер.2026 12:22:59.131] [pool-4-thread-1/DEBUG] [net.minecraftforge.coremod.transformer.CoreModBaseTransformer/COREMOD]: Transforming net/minecraft/world/level/levelgen/structure/structures/SwampHutPiece
[25вер.2026 12:22:59.143] [pool-4-thread-1/DEBUG] [net.minecraftforge.coremod.transformer.CoreModBaseTransformer/COREMOD]: Transforming net/minecraft/world/level/levelgen/structure/structures/OceanMonumentPieces$OceanMonumentPiece
[25вер.2026 12:22:59.177] [pool-4-thread-1/DEBUG] [net.minecraftforge.coremod.transformer.CoreModBaseTransformer/COREMOD]: Transforming net/minecraft/world/level/levelgen/structure/structures/WoodlandMansionPieces$WoodlandMansionPiece
[25вер.2026 12:22:59.297] [pool-4-thread-1/DEBUG] [net.minecraftforge.coremod.transformer.CoreModBaseTransformer/COREMOD]: Transforming net/minecraft/world/level/biome/Biome
[25вер.2026 12:22:59.501] [pool-4-thread-1/DEBUG] [net.minecraftforge.registries.GameData/REGISTRIES]: Creating vanilla freeze snapshot
[25вер.2026 12:22:59.504] [pool-4-thread-1/DEBUG] [net.minecraftforge.registries.ForgeRegistry/REGISTRIES]: Registry minecraft:block Sync: VANILLA -> ACTIVE
[25вер.2026 12:22:59.516] [pool-4-thread-1/DEBUG] [net.minecraftforge.registries.ForgeRegistry/REGISTRIES]: Registry minecraft:fluid Sync: VANILLA -> ACTIVE
[25вер.2026 12:22:59.517] [pool-4-thread-1/DEBUG] [net.minecraftforge.registries.ForgeRegistry/REGISTRIES]: Registry minecraft:item Sync: VANILLA -> ACTIVE
[25вер.2026 12:22:59.532] [pool-4-thread-1/DEBUG] [net.minecraftforge.registries.ForgeRegistry/REGISTRIES]: Registry minecraft:mob_effect Sync: VANILLA -> ACTIVE
[25вер.2026 12:22:59.533] [pool-4-thread-1/DEBUG] [net.minecraftforge.registries.ForgeRegistry/REGISTRIES]: Registry minecraft:sound_event Sync: VANILLA -> ACTIVE
[25вер.2026 12:22:59.546] [pool-4-thread-1/DEBUG] [net.minecraftforge.registries.ForgeRegistry/REGISTRIES]: Registry minecraft:potion Sync: VANILLA -> ACTIVE
[25вер.2026 12:22:59.547] [pool-4-thread-1/DEBUG] [net.minecraftforge.registries.ForgeRegistry/REGISTRIES]: Registry minecraft:enchantment Sync: VANILLA -> ACTIVE
[25вер.2026 12:22:59.547] [pool-4-thread-1/DEBUG] [net.minecraftforge.registries.ForgeRegistry/REGISTRIES]: Registry minecraft:entity_type Sync: VANILLA -> ACTIVE
[25вер.2026 12:22:59.548] [pool-4-thread-1/DEBUG] [net.minecraftforge.registries.ForgeRegistry/REGISTRIES]: Registry minecraft:block_entity_type Sync: VANILLA -> ACTIVE
[25вер.2026 12:22:59.549] [pool-4-thread-1/DEBUG] [net.minecraftforge.registries.ForgeRegistry/REGISTRIES]: Registry minecraft:particle_type Sync: VANILLA -> ACTIVE
[25вер.2026 12:22:59.550] [pool-4-thread-1/DEBUG] [net.minecraftforge.registries.ForgeRegistry/REGISTRIES]: Registry minecraft:menu Sync: VANILLA -> ACTIVE
[25вер.2026 12:22:59.550] [pool-4-thread-1/DEBUG] [net.minecraftforge.registries.ForgeRegistry/REGISTRIES]: Registry minecraft:painting_variant Sync: VANILLA -> ACTIVE
[25вер.2026 12:22:59.551] [pool-4-thread-1/DEBUG] [net.minecraftforge.registries.ForgeRegistry/REGISTRIES]: Registry minecraft:recipe_type Sync: VANILLA -> ACTIVE
[25вер.2026 12:22:59.551] [pool-4-thread-1/DEBUG] [net.minecraftforge.registries.ForgeRegistry/REGISTRIES]: Registry minecraft:recipe_serializer Sync: VANILLA -> ACTIVE
[25вер.2026 12:22:59.551] [pool-4-thread-1/DEBUG] [net.minecraftforge.registries.ForgeRegistry/REGISTRIES]: Registry minecraft:attribute Sync: VANILLA -> ACTIVE
[25вер.2026 12:22:59.551] [pool-4-thread-1/DEBUG] [net.minecraftforge.registries.ForgeRegistry/REGISTRIES]: Registry minecraft:stat_type Sync: VANILLA -> ACTIVE
[25вер.2026 12:22:59.552] [pool-4-thread-1/DEBUG] [net.minecraftforge.registries.ForgeRegistry/REGISTRIES]: Registry minecraft:command_argument_type Sync: VANILLA -> ACTIVE
[25вер.2026 12:22:59.552] [pool-4-thread-1/DEBUG] [net.minecraftforge.registries.ForgeRegistry/REGISTRIES]: Registry minecraft:villager_profession Sync: VANILLA -> ACTIVE
[25вер.2026 12:22:59.552] [pool-4-thread-1/DEBUG] [net.minecraftforge.registries.ForgeRegistry/REGISTRIES]: Registry minecraft:point_of_interest_type Sync: VANILLA -> ACTIVE
[25вер.2026 12:22:59.554] [pool-4-thread-1/DEBUG] [net.minecraftforge.registries.ForgeRegistry/REGISTRIES]: Registry minecraft:memory_module_type Sync: VANILLA -> ACTIVE
[25вер.2026 12:22:59.556] [pool-4-thread-1/DEBUG] [net.minecraftforge.registries.ForgeRegistry/REGISTRIES]: Registry minecraft:sensor_type Sync: VANILLA -> ACTIVE
[25вер.2026 12:22:59.556] [pool-4-thread-1/DEBUG] [net.minecraftforge.registries.ForgeRegistry/REGISTRIES]: Registry minecraft:schedule Sync: VANILLA -> ACTIVE
[25вер.2026 12:22:59.556] [pool-4-thread-1/DEBUG] [net.minecraftforge.registries.ForgeRegistry/REGISTRIES]: Registry minecraft:activity Sync: VANILLA -> ACTIVE
[25вер.2026 12:22:59.557] [pool-4-thread-1/DEBUG] [net.minecraftforge.registries.ForgeRegistry/REGISTRIES]: Registry minecraft:worldgen/carver Sync: VANILLA -> ACTIVE
[25вер.2026 12:22:59.557] [pool-4-thread-1/DEBUG] [net.minecraftforge.registries.ForgeRegistry/REGISTRIES]: Registry minecraft:worldgen/feature Sync: VANILLA -> ACTIVE
[25вер.2026 12:22:59.558] [pool-4-thread-1/DEBUG] [net.minecraftforge.registries.ForgeRegistry/REGISTRIES]: Registry minecraft:chunk_status Sync: VANILLA -> ACTIVE
[25вер.2026 12:22:59.558] [pool-4-thread-1/DEBUG] [net.minecraftforge.registries.ForgeRegistry/REGISTRIES]: Registry minecraft:worldgen/block_state_provider_type Sync: VANILLA -> ACTIVE
[25вер.2026 12:22:59.558] [pool-4-thread-1/DEBUG] [net.minecraftforge.registries.ForgeRegistry/REGISTRIES]: Registry minecraft:worldgen/foliage_placer_type Sync: VANILLA -> ACTIVE
[25вер.2026 12:22:59.558] [pool-4-thread-1/DEBUG] [net.minecraftforge.registries.ForgeRegistry/REGISTRIES]: Registry minecraft:worldgen/tree_decorator_type Sync: VANILLA -> ACTIVE
[25вер.2026 12:22:59.559] [pool-4-thread-1/DEBUG] [net.minecraftforge.registries.ForgeRegistry/REGISTRIES]: Registry minecraft:worldgen/biome Sync: VANILLA -> ACTIVE
[25вер.2026 12:22:59.571] [pool-4-thread-1/DEBUG] [net.minecraftforge.registries.GameData/REGISTRIES]: Vanilla freeze snapshot created
[25вер.2026 12:22:59.719] [Render thread/DEBUG] [mixin/]: Mixing ClientPlayerEntityMixin from mixins.superbwarfare.json into net.minecraft.client.player.LocalPlayer
[25вер.2026 12:22:59.811] [Render thread/WARN] [net.minecraft.server.packs.VanillaPackResourcesBuilder/]: Assets URL 'union:/C:/Users/user/.gradle/caches/forge_gradle/minecraft_user_repo/net/minecraftforge/forge/1.20.1-47.2.0_mapped_parchment_2023.08.13-1.20.1/forge-1.20.1-47.2.0_mapped_parchment_2023.08.13-1.20.1.jar%23191!/assets/.mcassetsroot' uses unexpected schema
[25вер.2026 12:22:59.812] [Render thread/WARN] [net.minecraft.server.packs.VanillaPackResourcesBuilder/]: Assets URL 'union:/C:/Users/user/.gradle/caches/forge_gradle/minecraft_user_repo/net/minecraftforge/forge/1.20.1-47.2.0_mapped_parchment_2023.08.13-1.20.1/forge-1.20.1-47.2.0_mapped_parchment_2023.08.13-1.20.1.jar%23191!/data/.mcassetsroot' uses unexpected schema
[25вер.2026 12:22:59.829] [Render thread/INFO] [com.mojang.authlib.yggdrasil.YggdrasilAuthenticationService/]: Environment: authHost='https://authserver.mojang.com', accountsHost='https://api.mojang.com', sessionHost='https://sessionserver.mojang.com', servicesHost='https://api.minecraftservices.com', name='PROD'
[25вер.2026 12:22:59.836] [Render thread/INFO] [net.minecraft.client.Minecraft/]: Setting user: Dev
[25вер.2026 12:22:59.836] [Render thread/DEBUG] [mixin/]: Mixing KeymappingMixin from mixins.superbwarfare.json into net.minecraft.client.KeyMapping
[25вер.2026 12:22:59.942] [Render thread/INFO] [net.minecraft.client.Minecraft/]: Backend library: LWJGL version 3.3.1 build 7
[25вер.2026 12:23:00.008] [Render thread/DEBUG] [mixin/]: Mixing MouseHandlerMixin from mixins.superbwarfare.json into net.minecraft.client.MouseHandler
[25вер.2026 12:23:00.136] [Render thread/DEBUG] [net.minecraftforge.common.ForgeI18n/CORE]: Loading I18N data entries: 6430
[25вер.2026 12:23:00.160] [Render thread/DEBUG] [net.minecraftforge.fml.ModWorkManager/LOADING]: Using 12 threads for parallel mod-loading
[25вер.2026 12:23:00.173] [Render thread/DEBUG] [net.minecraftforge.fml.javafmlmod.FMLJavaModLanguageProvider/LOADING]: Loading FMLModContainer from classloader cpw.mods.modlauncher.TransformingClassLoader@52a33c3f - got cpw.mods.cl.ModuleClassLoader@47d7bfb3
[25вер.2026 12:23:00.173] [Render thread/DEBUG] [net.minecraftforge.fml.javafmlmod.FMLModContainer/LOADING]: Creating FMLModContainer instance for net.minecraftforge.common.ForgeMod
[25вер.2026 12:23:00.184] [Render thread/DEBUG] [net.minecraftforge.fml.javafmlmod.FMLJavaModLanguageProvider/LOADING]: Loading FMLModContainer from classloader cpw.mods.modlauncher.TransformingClassLoader@52a33c3f - got cpw.mods.cl.ModuleClassLoader@47d7bfb3
[25вер.2026 12:23:00.184] [Render thread/DEBUG] [net.minecraftforge.fml.javafmlmod.FMLModContainer/LOADING]: Creating FMLModContainer instance for top.theillusivec4.curios.Curios
[25вер.2026 12:23:00.186] [Render thread/DEBUG] [net.minecraftforge.fml.javafmlmod.FMLJavaModLanguageProvider/LOADING]: Loading FMLModContainer from classloader cpw.mods.modlauncher.TransformingClassLoader@52a33c3f - got cpw.mods.cl.ModuleClassLoader@47d7bfb3
[25вер.2026 12:23:00.186] [Render thread/DEBUG] [net.minecraftforge.fml.javafmlmod.FMLModContainer/LOADING]: Creating FMLModContainer instance for software.bernie.example.GeckoLibMod
[25вер.2026 12:23:00.187] [Render thread/DEBUG] [net.minecraftforge.fml.javafmlmod.FMLJavaModLanguageProvider/LOADING]: Loading FMLModContainer from classloader cpw.mods.modlauncher.TransformingClassLoader@52a33c3f - got cpw.mods.cl.ModuleClassLoader@47d7bfb3
[25вер.2026 12:23:00.187] [Render thread/DEBUG] [net.minecraftforge.fml.javafmlmod.FMLModContainer/LOADING]: Creating FMLModContainer instance for com.atsuishio.superbwarfare.Mod
[25вер.2026 12:23:00.188] [Render thread/DEBUG] [net.minecraftforge.fml.javafmlmod.FMLJavaModLanguageProvider/LOADING]: Loading FMLModContainer from classloader cpw.mods.modlauncher.TransformingClassLoader@52a33c3f - got cpw.mods.cl.ModuleClassLoader@47d7bfb3
[25вер.2026 12:23:00.188] [Render thread/DEBUG] [net.minecraftforge.fml.javafmlmod.FMLModContainer/LOADING]: Creating FMLModContainer instance for tech.squadmc.squadmcor.squadmc
[25вер.2026 12:23:00.234] [modloading-worker-0/DEBUG] [net.minecraftforge.versions.forge.ForgeVersion/CORE]: Forge Version package package net.minecraftforge.versions.forge, Forge, version 47.2 from cpw.mods.modlauncher.TransformingClassLoader@52a33c3f
[25вер.2026 12:23:00.234] [modloading-worker-0/DEBUG] [net.minecraftforge.versions.forge.ForgeVersion/CORE]: Found Forge version 47.2.0
[25вер.2026 12:23:00.234] [modloading-worker-0/DEBUG] [net.minecraftforge.versions.forge.ForgeVersion/CORE]: Found Forge spec 47.2
[25вер.2026 12:23:00.234] [modloading-worker-0/DEBUG] [net.minecraftforge.versions.forge.ForgeVersion/CORE]: Found Forge group net.minecraftforge
[25вер.2026 12:23:00.236] [modloading-worker-0/DEBUG] [net.minecraftforge.versions.mcp.MCPVersion/CORE]: MCP Version package package net.minecraftforge.versions.mcp, Minecraft, version 1.20.1 from cpw.mods.modlauncher.TransformingClassLoader@52a33c3f
[25вер.2026 12:23:00.236] [modloading-worker-0/DEBUG] [net.minecraftforge.versions.mcp.MCPVersion/CORE]: Found MC version information 1.20.1
[25вер.2026 12:23:00.236] [modloading-worker-0/DEBUG] [net.minecraftforge.versions.mcp.MCPVersion/CORE]: Found MCP version information 20230612.114412
[25вер.2026 12:23:00.236] [modloading-worker-0/INFO] [net.minecraftforge.common.ForgeMod/FORGEMOD]: Forge mod loading, version 47.2.0, for MC 1.20.1 with MCP 20230612.114412
[25вер.2026 12:23:00.240] [modloading-worker-0/INFO] [net.minecraftforge.common.MinecraftForge/FORGE]: MinecraftForge v47.2.0 Initialized
[25вер.2026 12:23:00.250] [modloading-worker-0/DEBUG] [net.minecraftforge.fml.config.ConfigTracker/CONFIG]: Config file superbwarfare-client.toml for superbwarfare tracking
[25вер.2026 12:23:00.252] [modloading-worker-0/DEBUG] [net.minecraftforge.fml.config.ConfigTracker/CONFIG]: Config file superbwarfare-common.toml for superbwarfare tracking
[25вер.2026 12:23:00.260] [modloading-worker-0/DEBUG] [net.minecraftforge.fml.config.ConfigTracker/CONFIG]: Config file superbwarfare-server.toml for superbwarfare tracking
[25вер.2026 12:23:00.268] [modloading-worker-0/DEBUG] [mixin/]: Mixing ReloadableServerResourcesMixin from mixins.superbwarfare.json into net.minecraft.server.ReloadableServerResources
[25вер.2026 12:23:00.273] [modloading-worker-0/DEBUG] [net.minecraftforge.fml.config.ConfigTracker/CONFIG]: Config file curios-client.toml for curios tracking
[25вер.2026 12:23:00.276] [modloading-worker-0/DEBUG] [net.minecraftforge.fml.config.ConfigTracker/CONFIG]: Config file curios-server.toml for curios tracking
[25вер.2026 12:23:00.279] [modloading-worker-0/DEBUG] [net.minecraftforge.fml.javafmlmod.AutomaticEventSubscriber/LOADING]: Attempting to inject @EventBusSubscriber classes into the eventbus for curios
[25вер.2026 12:23:00.287] [modloading-worker-0/DEBUG] [net.minecraftforge.fml.javafmlmod.AutomaticEventSubscriber/LOADING]: Auto-subscribing top.theillusivec4.curios.Curios$ClientProxy to MOD
[25вер.2026 12:23:00.290] [modloading-worker-0/DEBUG] [mixin/]: Mixing LivingEntityRendererMixin from mixins.superbwarfare.json into net.minecraft.client.renderer.entity.LivingEntityRenderer
[25вер.2026 12:23:00.305] [modloading-worker-0/DEBUG] [mixin/]: Mixing MultiPlayerGameModeMixin from mixins.superbwarfare.json into net.minecraft.client.multiplayer.MultiPlayerGameMode
[25вер.2026 12:23:00.306] [modloading-worker-0/DEBUG] [net.minecraftforge.fml.javafmlmod.AutomaticEventSubscriber/LOADING]: Attempting to inject @EventBusSubscriber classes into the eventbus for squadmc
[25вер.2026 12:23:00.306] [modloading-worker-0/DEBUG] [net.minecraftforge.fml.javafmlmod.AutomaticEventSubscriber/LOADING]: Auto-subscribing tech.squadmc.squadmcor.client.hud.Bmd4ReticleOverlay to FORGE
[25вер.2026 12:23:00.316] [modloading-worker-0/DEBUG] [net.minecraftforge.fml.javafmlmod.AutomaticEventSubscriber/LOADING]: Auto-subscribing tech.squadmc.squadmcor.client.hud.Bmp2ReticleOverlay to FORGE
[25вер.2026 12:23:00.319] [modloading-worker-0/DEBUG] [net.minecraftforge.fml.javafmlmod.AutomaticEventSubscriber/LOADING]: Auto-subscribing tech.squadmc.squadmcor.client.hud.BradleyReticleOverlay to FORGE
[25вер.2026 12:23:00.321] [modloading-worker-0/DEBUG] [net.minecraftforge.fml.javafmlmod.AutomaticEventSubscriber/LOADING]: Auto-subscribing tech.squadmc.squadmcor.client.hud.Brdm2ReticleOverlay to FORGE
[25вер.2026 12:23:00.324] [modloading-worker-0/DEBUG] [net.minecraftforge.fml.javafmlmod.AutomaticEventSubscriber/LOADING]: Auto-subscribing tech.squadmc.squadmcor.client.hud.Btr80ReticleOverlay to FORGE
[25вер.2026 12:23:00.326] [modloading-worker-0/DEBUG] [net.minecraftforge.fml.javafmlmod.AutomaticEventSubscriber/LOADING]: Auto-subscribing tech.squadmc.squadmcor.client.hud.Btr82ReticleOverlay to FORGE
[25вер.2026 12:23:00.328] [modloading-worker-0/DEBUG] [net.minecraftforge.fml.javafmlmod.AutomaticEventSubscriber/LOADING]: Auto-subscribing tech.squadmc.squadmcor.client.hud.FenekReticleOverlay to FORGE
[25вер.2026 12:23:00.332] [modloading-worker-0/DEBUG] [net.minecraftforge.fml.javafmlmod.AutomaticEventSubscriber/LOADING]: Auto-subscribing tech.squadmc.squadmcor.client.hud.FMTVReticleOverlay to FORGE
[25вер.2026 12:23:00.334] [modloading-worker-0/DEBUG] [net.minecraftforge.fml.javafmlmod.AutomaticEventSubscriber/LOADING]: Auto-subscribing tech.squadmc.squadmcor.client.hud.Gaz_tigrRWSReticleOverlay to FORGE
[25вер.2026 12:23:00.349] [modloading-worker-0/DEBUG] [net.minecraftforge.fml.javafmlmod.AutomaticEventSubscriber/LOADING]: Auto-subscribing tech.squadmc.squadmcor.client.hud.HumveeReticleOverlay to FORGE
[25вер.2026 12:23:00.351] [modloading-worker-0/DEBUG] [net.minecraftforge.fml.javafmlmod.AutomaticEventSubscriber/LOADING]: Auto-subscribing tech.squadmc.squadmcor.client.hud.HumveeTowReticleOverlay to FORGE
[25вер.2026 12:23:00.351] [modloading-worker-0/DEBUG] [net.minecraftforge.fml.javafmlmod.AutomaticEventSubscriber/LOADING]: Attempting to inject @EventBusSubscriber classes into the eventbus for geckolib
[25вер.2026 12:23:00.351] [modloading-worker-0/DEBUG] [net.minecraftforge.fml.javafmlmod.AutomaticEventSubscriber/LOADING]: Auto-subscribing software.bernie.example.GeckoLibMod to FORGE
[25вер.2026 12:23:00.351] [modloading-worker-0/DEBUG] [net.minecraftforge.fml.javafmlmod.AutomaticEventSubscriber/LOADING]: Auto-subscribing software.bernie.example.CommonListener to MOD
[25вер.2026 12:23:00.354] [modloading-worker-0/DEBUG] [net.minecraftforge.fml.javafmlmod.AutomaticEventSubscriber/LOADING]: Auto-subscribing software.bernie.example.ClientListener to MOD
[25вер.2026 12:23:00.356] [modloading-worker-0/DEBUG] [net.minecraftforge.fml.javafmlmod.AutomaticEventSubscriber/LOADING]: Auto-subscribing tech.squadmc.squadmcor.client.hud.Lav25ReticleOverlay to FORGE
[25вер.2026 12:23:00.359] [modloading-worker-0/DEBUG] [net.minecraftforge.fml.javafmlmod.AutomaticEventSubscriber/LOADING]: Auto-subscribing tech.squadmc.squadmcor.client.hud.PumaReticleOverlay to FORGE
[25вер.2026 12:23:00.362] [modloading-worker-0/DEBUG] [net.minecraftforge.fml.javafmlmod.AutomaticEventSubscriber/LOADING]: Auto-subscribing tech.squadmc.squadmcor.client.hud.StrykerMortarReticleOverlay to FORGE
[25вер.2026 12:23:00.363] [modloading-worker-0/DEBUG] [io.netty.util.internal.PlatformDependent0/]: -Dio.netty.noUnsafe: false
[25вер.2026 12:23:00.364] [modloading-worker-0/DEBUG] [io.netty.util.internal.PlatformDependent0/]: Java version: 17
[25вер.2026 12:23:00.366] [modloading-worker-0/DEBUG] [io.netty.util.internal.PlatformDependent0/]: sun.misc.Unsafe.theUnsafe: available
[25вер.2026 12:23:00.366] [modloading-worker-0/DEBUG] [io.netty.util.internal.PlatformDependent0/]: sun.misc.Unsafe.copyMemory: available
[25вер.2026 12:23:00.366] [modloading-worker-0/DEBUG] [io.netty.util.internal.PlatformDependent0/]: sun.misc.Unsafe.storeFence: available
[25вер.2026 12:23:00.367] [modloading-worker-0/DEBUG] [io.netty.util.internal.PlatformDependent0/]: java.nio.Buffer.address: available
[25вер.2026 12:23:00.369] [modloading-worker-0/DEBUG] [net.minecraftforge.fml.javafmlmod.AutomaticEventSubscriber/LOADING]: Auto-subscribing tech.squadmc.squadmcor.client.hud.UralGradReticleOverlay to FORGE
[25вер.2026 12:23:00.367] [modloading-worker-0/DEBUG] [io.netty.util.internal.PlatformDependent0/]: direct buffer constructor: unavailable
java.lang.UnsupportedOperationException: Reflective setAccessible(true) disabled
	at io.netty.util.internal.ReflectionUtil.trySetAccessible(ReflectionUtil.java:31) ~[netty-common-4.1.82.Final.jar%23151!/:4.1.82.Final]
	at io.netty.util.internal.PlatformDependent0$5.run(PlatformDependent0.java:288) ~[netty-common-4.1.82.Final.jar%23151!/:4.1.82.Final]
	at java.security.AccessController.doPrivileged(AccessController.java:318) ~[?:?]
	at io.netty.util.internal.PlatformDependent0.<clinit>(PlatformDependent0.java:282) ~[netty-common-4.1.82.Final.jar%23151!/:4.1.82.Final]
	at io.netty.util.internal.PlatformDependent.isAndroid(PlatformDependent.java:333) ~[netty-common-4.1.82.Final.jar%23151!/:4.1.82.Final]
	at io.netty.util.internal.PlatformDependent.<clinit>(PlatformDependent.java:88) ~[netty-common-4.1.82.Final.jar%23151!/:4.1.82.Final]
	at io.netty.util.ConstantPool.<init>(ConstantPool.java:34) ~[netty-common-4.1.82.Final.jar%23151!/:4.1.82.Final]
	at io.netty.util.AttributeKey$1.<init>(AttributeKey.java:27) ~[netty-common-4.1.82.Final.jar%23151!/:4.1.82.Final]
	at io.netty.util.AttributeKey.<clinit>(AttributeKey.java:27) ~[netty-common-4.1.82.Final.jar%23151!/:4.1.82.Final]
	at net.minecraftforge.network.NetworkConstants.<clinit>(NetworkConstants.java:34) ~[forge-1.20.1-47.2.0_mapped_parchment_2023.08.13-1.20.1.jar%23190%23197!/:?]
	at net.minecraftforge.common.ForgeMod.<init>(ForgeMod.java:429) ~[forge-1.20.1-47.2.0_mapped_parchment_2023.08.13-1.20.1.jar%23190%23197!/:?]
	at jdk.internal.reflect.NativeConstructorAccessorImpl.newInstance0(Native Method) ~[?:?]
	at jdk.internal.reflect.NativeConstructorAccessorImpl.newInstance(NativeConstructorAccessorImpl.java:77) ~[?:?]
	at jdk.internal.reflect.DelegatingConstructorAccessorImpl.newInstance(DelegatingConstructorAccessorImpl.java:45) ~[?:?]
	at java.lang.reflect.Constructor.newInstanceWithCaller(Constructor.java:500) ~[?:?]
	at java.lang.reflect.Constructor.newInstance(Constructor.java:481) ~[?:?]
	at net.minecraftforge.fml.javafmlmod.FMLModContainer.constructMod(FMLModContainer.java:68) ~[javafmllanguage-1.20.1-47.2.0.jar%23192!/:?]
	at net.minecraftforge.fml.ModContainer.lambda$buildTransitionHandler$10(ModContainer.java:123) ~[fmlcore-1.20.1-47.2.0.jar%23195!/:?]
	at java.util.concurrent.CompletableFuture$AsyncRun.run(CompletableFuture.java:1804) ~[?:?]
	at java.util.concurrent.CompletableFuture$AsyncRun.exec(CompletableFuture.java:1796) ~[?:?]
	at java.util.concurrent.ForkJoinTask.doExec(ForkJoinTask.java:373) ~[?:?]
	at java.util.concurrent.ForkJoinPool$WorkQueue.topLevelExec(ForkJoinPool.java:1182) ~[?:?]
	at java.util.concurrent.ForkJoinPool.scan(ForkJoinPool.java:1655) ~[?:?]
	at java.util.concurrent.ForkJoinPool.runWorker(ForkJoinPool.java:1622) ~[?:?]
	at java.util.concurrent.ForkJoinWorkerThread.run(ForkJoinWorkerThread.java:165) ~[?:?]
[25вер.2026 12:23:00.370] [modloading-worker-0/DEBUG] [io.netty.util.internal.PlatformDependent0/]: java.nio.Bits.unaligned: available, true
[25вер.2026 12:23:00.373] [modloading-worker-0/DEBUG] [net.minecraftforge.fml.javafmlmod.AutomaticEventSubscriber/LOADING]: Auto-subscribing tech.squadmc.squadmcor.client.hud.UralRetricleOverlay to FORGE
[25вер.2026 12:23:00.373] [modloading-worker-0/DEBUG] [io.netty.util.internal.PlatformDependent0/]: jdk.internal.misc.Unsafe.allocateUninitializedArray(int): unavailable
java.lang.IllegalAccessException: class io.netty.util.internal.PlatformDependent0$7 (in module io.netty.common) cannot access class jdk.internal.misc.Unsafe (in module java.base) because module java.base does not export jdk.internal.misc to module io.netty.common
	at jdk.internal.reflect.Reflection.newIllegalAccessException(Reflection.java:392) ~[?:?]
	at java.lang.reflect.AccessibleObject.checkAccess(AccessibleObject.java:674) ~[?:?]
	at java.lang.reflect.Method.invoke(Method.java:561) ~[?:?]
	at io.netty.util.internal.PlatformDependent0$7.run(PlatformDependent0.java:410) ~[netty-common-4.1.82.Final.jar%23151!/:4.1.82.Final]
	at java.security.AccessController.doPrivileged(AccessController.java:318) ~[?:?]
	at io.netty.util.internal.PlatformDependent0.<clinit>(PlatformDependent0.java:401) ~[netty-common-4.1.82.Final.jar%23151!/:4.1.82.Final]
	at io.netty.util.internal.PlatformDependent.isAndroid(PlatformDependent.java:333) ~[netty-common-4.1.82.Final.jar%23151!/:4.1.82.Final]
	at io.netty.util.internal.PlatformDependent.<clinit>(PlatformDependent.java:88) ~[netty-common-4.1.82.Final.jar%23151!/:4.1.82.Final]
	at io.netty.util.ConstantPool.<init>(ConstantPool.java:34) ~[netty-common-4.1.82.Final.jar%23151!/:4.1.82.Final]
	at io.netty.util.AttributeKey$1.<init>(AttributeKey.java:27) ~[netty-common-4.1.82.Final.jar%23151!/:4.1.82.Final]
	at io.netty.util.AttributeKey.<clinit>(AttributeKey.java:27) ~[netty-common-4.1.82.Final.jar%23151!/:4.1.82.Final]
	at net.minecraftforge.network.NetworkConstants.<clinit>(NetworkConstants.java:34) ~[forge-1.20.1-47.2.0_mapped_parchment_2023.08.13-1.20.1.jar%23190%23197!/:?]
	at net.minecraftforge.common.ForgeMod.<init>(ForgeMod.java:429) ~[forge-1.20.1-47.2.0_mapped_parchment_2023.08.13-1.20.1.jar%23190%23197!/:?]
	at jdk.internal.reflect.NativeConstructorAccessorImpl.newInstance0(Native Method) ~[?:?]
	at jdk.internal.reflect.NativeConstructorAccessorImpl.newInstance(NativeConstructorAccessorImpl.java:77) ~[?:?]
	at jdk.internal.reflect.DelegatingConstructorAccessorImpl.newInstance(DelegatingConstructorAccessorImpl.java:45) ~[?:?]
	at java.lang.reflect.Constructor.newInstanceWithCaller(Constructor.java:500) ~[?:?]
	at java.lang.reflect.Constructor.newInstance(Constructor.java:481) ~[?:?]
	at net.minecraftforge.fml.javafmlmod.FMLModContainer.constructMod(FMLModContainer.java:68) ~[javafmllanguage-1.20.1-47.2.0.jar%23192!/:?]
	at net.minecraftforge.fml.ModContainer.lambda$buildTransitionHandler$10(ModContainer.java:123) ~[fmlcore-1.20.1-47.2.0.jar%23195!/:?]
	at java.util.concurrent.CompletableFuture$AsyncRun.run(CompletableFuture.java:1804) ~[?:?]
	at java.util.concurrent.CompletableFuture$AsyncRun.exec(CompletableFuture.java:1796) ~[?:?]
	at java.util.concurrent.ForkJoinTask.doExec(ForkJoinTask.java:373) ~[?:?]
	at java.util.concurrent.ForkJoinPool$WorkQueue.topLevelExec(ForkJoinPool.java:1182) ~[?:?]
	at java.util.concurrent.ForkJoinPool.scan(ForkJoinPool.java:1655) ~[?:?]
	at java.util.concurrent.ForkJoinPool.runWorker(ForkJoinPool.java:1622) ~[?:?]
	at java.util.concurrent.ForkJoinWorkerThread.run(ForkJoinWorkerThread.java:165) ~[?:?]
[25вер.2026 12:23:00.376] [modloading-worker-0/DEBUG] [io.netty.util.internal.PlatformDependent0/]: java.nio.DirectByteBuffer.<init>(long, int): unavailable
[25вер.2026 12:23:00.376] [modloading-worker-0/DEBUG] [io.netty.util.internal.PlatformDependent/]: sun.misc.Unsafe: available
[25вер.2026 12:23:00.377] [modloading-worker-0/DEBUG] [io.netty.util.internal.PlatformDependent/]: maxDirectMemory: 5330960384 bytes (maybe)
[25вер.2026 12:23:00.377] [modloading-worker-0/DEBUG] [net.minecraftforge.fml.javafmlmod.AutomaticEventSubscriber/LOADING]: Auto-subscribing tech.squadmc.squadmcor.client.hud.VehicleInteractionOverlay to FORGE
[25вер.2026 12:23:00.377] [modloading-worker-0/DEBUG] [io.netty.util.internal.PlatformDependent/]: -Dio.netty.tmpdir: C:\Users\user\AppData\Local\Temp (java.io.tmpdir)
[25вер.2026 12:23:00.378] [modloading-worker-0/DEBUG] [io.netty.util.internal.PlatformDependent/]: -Dio.netty.bitMode: 64 (sun.arch.data.model)
[25вер.2026 12:23:00.378] [modloading-worker-0/DEBUG] [io.netty.util.internal.PlatformDependent/]: Platform: Windows
[25вер.2026 12:23:00.379] [modloading-worker-0/DEBUG] [io.netty.util.internal.PlatformDependent/]: -Dio.netty.maxDirectMemory: -1 bytes
[25вер.2026 12:23:00.379] [modloading-worker-0/DEBUG] [io.netty.util.internal.PlatformDependent/]: -Dio.netty.uninitializedArrayAllocationThreshold: -1
[25вер.2026 12:23:00.381] [modloading-worker-0/DEBUG] [io.netty.util.internal.CleanerJava9/]: java.nio.ByteBuffer.cleaner(): available
[25вер.2026 12:23:00.381] [modloading-worker-0/DEBUG] [io.netty.util.internal.PlatformDependent/]: -Dio.netty.noPreferDirect: false
[25вер.2026 12:23:00.390] [modloading-worker-0/DEBUG] [net.minecraftforge.fml.javafmlmod.AutomaticEventSubscriber/LOADING]: Auto-subscribing tech.squadmc.squadmcor.client.smoke.SmokeShaders to MOD
[25вер.2026 12:23:00.394] [modloading-worker-0/DEBUG] [net.minecraftforge.fml.javafmlmod.AutomaticEventSubscriber/LOADING]: Auto-subscribing tech.squadmc.squadmcor.client.smoke.VehicleSmokeStageRenderer to FORGE
[25вер.2026 12:23:00.406] [modloading-worker-0/DEBUG] [mixin/]: Mixing LevelRendererMixin from mixins.superbwarfare.json into net.minecraft.client.renderer.LevelRenderer
[25вер.2026 12:23:00.439] [modloading-worker-0/DEBUG] [net.minecraftforge.common.ForgeMod/FORGEMOD]: Loading Network data for FML net version: FML3
[25вер.2026 12:23:00.443] [modloading-worker-0/DEBUG] [mixin/]: Mixing CameraMixin from mixins.superbwarfare.json into net.minecraft.client.Camera
[25вер.2026 12:23:00.481] [modloading-worker-0/DEBUG] [net.minecraftforge.fml.javafmlmod.AutomaticEventSubscriber/LOADING]: Auto-subscribing tech.squadmc.squadmcor.client.SpikeClient$Registration to MOD
[25вер.2026 12:23:00.485] [modloading-worker-0/DEBUG] [net.minecraftforge.fml.javafmlmod.AutomaticEventSubscriber/LOADING]: Auto-subscribing tech.squadmc.squadmcor.client.SpikeClient to FORGE
[25вер.2026 12:23:00.488] [modloading-worker-0/DEBUG] [net.minecraftforge.fml.config.ConfigTracker/CONFIG]: Config file forge-client.toml for forge tracking
[25вер.2026 12:23:00.488] [modloading-worker-0/DEBUG] [net.minecraftforge.fml.config.ConfigTracker/CONFIG]: Config file forge-server.toml for forge tracking
[25вер.2026 12:23:00.488] [modloading-worker-0/DEBUG] [net.minecraftforge.fml.ModLoadingContext/]: Attempted to register an empty config for type COMMON on mod forge
[25вер.2026 12:23:00.489] [modloading-worker-0/DEBUG] [net.minecraftforge.fml.javafmlmod.AutomaticEventSubscriber/LOADING]: Auto-subscribing tech.squadmc.squadmcor.hud.Bmp1ReticleOverlay to FORGE
[25вер.2026 12:23:00.490] [modloading-worker-0/DEBUG] [net.minecraftforge.fml.javafmlmod.AutomaticEventSubscriber/LOADING]: Auto-subscribing tech.squadmc.squadmcor.hud.leopardReticleOverlay to FORGE
[25вер.2026 12:23:00.492] [modloading-worker-0/DEBUG] [net.minecraftforge.fml.javafmlmod.AutomaticEventSubscriber/LOADING]: Auto-subscribing tech.squadmc.squadmcor.hud.m1a2ReticleOverlay to FORGE
[25вер.2026 12:23:00.494] [modloading-worker-0/DEBUG] [net.minecraftforge.fml.javafmlmod.AutomaticEventSubscriber/LOADING]: Auto-subscribing tech.squadmc.squadmcor.hud.m1a2sandReticleOverlay to FORGE
[25вер.2026 12:23:00.496] [modloading-worker-0/DEBUG] [net.minecraftforge.fml.javafmlmod.AutomaticEventSubscriber/LOADING]: Auto-subscribing tech.squadmc.squadmcor.hud.mtlbReticleOverlay to FORGE
[25вер.2026 12:23:00.511] [modloading-worker-0/DEBUG] [net.minecraftforge.fml.javafmlmod.AutomaticEventSubscriber/LOADING]: Auto-subscribing tech.squadmc.squadmcor.hud.sprutReticleOverlay to FORGE
[25вер.2026 12:23:00.512] [modloading-worker-0/DEBUG] [net.minecraftforge.fml.javafmlmod.AutomaticEventSubscriber/LOADING]: Auto-subscribing tech.squadmc.squadmcor.hud.StrykerM2ReticleOverlay to FORGE
[25вер.2026 12:23:00.514] [modloading-worker-0/DEBUG] [net.minecraftforge.fml.javafmlmod.AutomaticEventSubscriber/LOADING]: Auto-subscribing tech.squadmc.squadmcor.hud.T64ReticleOverlay to FORGE
[25вер.2026 12:23:00.518] [modloading-worker-0/DEBUG] [net.minecraftforge.fml.javafmlmod.AutomaticEventSubscriber/LOADING]: Auto-subscribing tech.squadmc.squadmcor.hud.T72AVReticleOverlay to FORGE
[25вер.2026 12:23:00.518] [modloading-worker-0/DEBUG] [net.minecraftforge.fml.javafmlmod.AutomaticEventSubscriber/LOADING]: Attempting to inject @EventBusSubscriber classes into the eventbus for forge
[25вер.2026 12:23:00.519] [modloading-worker-0/DEBUG] [net.minecraftforge.fml.javafmlmod.AutomaticEventSubscriber/LOADING]: Auto-subscribing net.minecraftforge.common.ForgeSpawnEggItem$CommonHandler to MOD
[25вер.2026 12:23:00.520] [modloading-worker-0/DEBUG] [net.minecraftforge.fml.javafmlmod.AutomaticEventSubscriber/LOADING]: Auto-subscribing net.minecraftforge.common.ForgeSpawnEggItem$ColorRegisterHandler to MOD
[25вер.2026 12:23:00.520] [modloading-worker-0/DEBUG] [net.minecraftforge.fml.javafmlmod.AutomaticEventSubscriber/LOADING]: Auto-subscribing tech.squadmc.squadmcor.hud.t80ReticleOverlay to FORGE
[25вер.2026 12:23:00.522] [modloading-worker-0/DEBUG] [net.minecraftforge.fml.javafmlmod.AutomaticEventSubscriber/LOADING]: Auto-subscribing tech.squadmc.squadmcor.hud.towReticleOverlay to FORGE
[25вер.2026 12:23:00.524] [modloading-worker-0/DEBUG] [net.minecraftforge.fml.javafmlmod.AutomaticEventSubscriber/LOADING]: Auto-subscribing net.minecraftforge.client.model.data.ModelDataManager to FORGE
[25вер.2026 12:23:00.524] [modloading-worker-0/DEBUG] [net.minecraftforge.fml.javafmlmod.AutomaticEventSubscriber/LOADING]: Auto-subscribing tech.squadmc.squadmcor.hud.zisReticleOverlay to FORGE
[25вер.2026 12:23:00.525] [modloading-worker-0/DEBUG] [net.minecraftforge.fml.javafmlmod.AutomaticEventSubscriber/LOADING]: Auto-subscribing net.minecraftforge.client.ForgeHooksClient$ClientEvents to MOD
[25вер.2026 12:23:00.525] [modloading-worker-0/DEBUG] [net.minecraftforge.fml.javafmlmod.AutomaticEventSubscriber/LOADING]: Auto-subscribing tech.squadmc.squadmcor.init.ModEntityRenders to MOD
[25вер.2026 12:23:00.527] [modloading-worker-0/DEBUG] [net.minecraftforge.fml.javafmlmod.AutomaticEventSubscriber/LOADING]: Auto-subscribing tech.squadmc.squadmcor.init.SpikeContent to MOD
[25вер.2026 12:23:00.530] [modloading-worker-0/DEBUG] [net.minecraftforge.fml.javafmlmod.AutomaticEventSubscriber/LOADING]: Auto-subscribing tech.squadmc.squadmcor.spike.SpikeControl to FORGE
[25вер.2026 12:23:00.534] [modloading-worker-0/DEBUG] [net.minecraftforge.fml.javafmlmod.AutomaticEventSubscriber/LOADING]: Auto-subscribing net.minecraftforge.client.ClientForgeMod to MOD
[25вер.2026 12:23:00.782] [modloading-worker-0/DEBUG] [net.minecraftforge.fml.javafmlmod.AutomaticEventSubscriber/LOADING]: Attempting to inject @EventBusSubscriber classes into the eventbus for superbwarfare
[25вер.2026 12:23:00.782] [modloading-worker-0/DEBUG] [net.minecraftforge.fml.javafmlmod.AutomaticEventSubscriber/LOADING]: Auto-subscribing com.atsuishio.superbwarfare.world.TDMSavedData to FORGE
[25вер.2026 12:23:00.784] [modloading-worker-0/DEBUG] [net.minecraftforge.fml.javafmlmod.AutomaticEventSubscriber/LOADING]: Auto-subscribing com.atsuishio.superbwarfare.tools.VectorUtil to FORGE
[25вер.2026 12:23:00.788] [modloading-worker-0/DEBUG] [mixin/]: Mixing GameRendererMixin from mixins.superbwarfare.json into net.minecraft.client.renderer.GameRenderer
[25вер.2026 12:23:00.825] [modloading-worker-0/DEBUG] [net.minecraftforge.fml.javafmlmod.AutomaticEventSubscriber/LOADING]: Auto-subscribing com.atsuishio.superbwarfare.tools.ResourceOnceLogger to MOD
[25вер.2026 12:23:00.827] [modloading-worker-0/DEBUG] [net.minecraftforge.fml.javafmlmod.AutomaticEventSubscriber/LOADING]: Auto-subscribing com.atsuishio.superbwarfare.tools.GunsTool to FORGE
[25вер.2026 12:23:00.832] [modloading-worker-0/DEBUG] [net.minecraftforge.fml.javafmlmod.AutomaticEventSubscriber/LOADING]: Auto-subscribing com.atsuishio.superbwarfare.recipe.ModPotionRecipes to MOD
[25вер.2026 12:23:00.834] [modloading-worker-0/DEBUG] [net.minecraftforge.fml.javafmlmod.AutomaticEventSubscriber/LOADING]: Auto-subscribing com.atsuishio.superbwarfare.procedures.WelcomeProcedure to MOD
[25вер.2026 12:23:00.834] [modloading-worker-0/DEBUG] [net.minecraftforge.fml.javafmlmod.AutomaticEventSubscriber/LOADING]: Auto-subscribing com.atsuishio.superbwarfare.perk.functional.PowerfulAttraction to FORGE
[25вер.2026 12:23:00.842] [modloading-worker-0/DEBUG] [net.minecraftforge.fml.javafmlmod.AutomaticEventSubscriber/LOADING]: Auto-subscribing com.atsuishio.superbwarfare.mobeffect.TraumaMobEffect to FORGE
[25вер.2026 12:23:00.845] [modloading-worker-0/DEBUG] [net.minecraftforge.fml.javafmlmod.AutomaticEventSubscriber/LOADING]: Auto-subscribing com.atsuishio.superbwarfare.mobeffect.ShockMobEffect to FORGE
[25вер.2026 12:23:00.847] [modloading-worker-0/DEBUG] [net.minecraftforge.fml.javafmlmod.AutomaticEventSubscriber/LOADING]: Auto-subscribing com.atsuishio.superbwarfare.mobeffect.BurnMobEffect to FORGE
[25вер.2026 12:23:00.848] [modloading-worker-0/DEBUG] [net.minecraftforge.fml.javafmlmod.AutomaticEventSubscriber/LOADING]: Auto-subscribing com.atsuishio.superbwarfare.menu.FuMO25Menu to FORGE
[25вер.2026 12:23:00.853] [modloading-worker-0/DEBUG] [net.minecraftforge.fml.javafmlmod.AutomaticEventSubscriber/LOADING]: Auto-subscribing com.atsuishio.superbwarfare.menu.EnergyMenu to FORGE
[25вер.2026 12:23:00.853] [modloading-worker-0/DEBUG] [net.minecraftforge.fml.javafmlmod.AutomaticEventSubscriber/LOADING]: Auto-subscribing com.atsuishio.superbwarfare.item.gun.GunItem to FORGE
[25вер.2026 12:23:00.859] [modloading-worker-0/DEBUG] [net.minecraftforge.fml.javafmlmod.AutomaticEventSubscriber/LOADING]: Auto-subscribing com.atsuishio.superbwarfare.item.gun.GunGeoItem to FORGE
[25вер.2026 12:23:00.860] [modloading-worker-0/DEBUG] [net.minecraftforge.fml.javafmlmod.AutomaticEventSubscriber/LOADING]: Auto-subscribing com.atsuishio.superbwarfare.item.common.container.ContainerBlockItem to MOD
[25вер.2026 12:23:00.863] [modloading-worker-0/DEBUG] [net.minecraftforge.fml.javafmlmod.AutomaticEventSubscriber/LOADING]: Auto-subscribing com.atsuishio.superbwarfare.item.common.ammo.PotionMortarShell to MOD
[25вер.2026 12:23:00.864] [modloading-worker-0/DEBUG] [net.minecraftforge.fml.javafmlmod.AutomaticEventSubscriber/LOADING]: Auto-subscribing com.atsuishio.superbwarfare.item.Hammer to FORGE
[25вер.2026 12:23:00.866] [modloading-worker-0/DEBUG] [net.minecraftforge.fml.javafmlmod.AutomaticEventSubscriber/LOADING]: Auto-subscribing com.atsuishio.superbwarfare.init.ModVillagers to FORGE
[25вер.2026 12:23:00.868] [modloading-worker-0/DEBUG] [net.minecraftforge.fml.javafmlmod.AutomaticEventSubscriber/LOADING]: Auto-subscribing com.atsuishio.superbwarfare.init.ModTabs to MOD
[25вер.2026 12:23:00.869] [modloading-worker-0/DEBUG] [net.minecraftforge.fml.javafmlmod.AutomaticEventSubscriber/LOADING]: Auto-subscribing com.atsuishio.superbwarfare.init.ModScreens to MOD
[25вер.2026 12:23:00.871] [modloading-worker-0/DEBUG] [net.minecraftforge.fml.javafmlmod.AutomaticEventSubscriber/LOADING]: Auto-subscribing com.atsuishio.superbwarfare.init.ModProperties to MOD
[25вер.2026 12:23:00.873] [modloading-worker-0/DEBUG] [net.minecraftforge.fml.javafmlmod.AutomaticEventSubscriber/LOADING]: Auto-subscribing com.atsuishio.superbwarfare.init.ModPerks to MOD
[25вер.2026 12:23:00.873] [modloading-worker-0/DEBUG] [net.minecraftforge.fml.javafmlmod.AutomaticEventSubscriber/LOADING]: Auto-subscribing com.atsuishio.superbwarfare.init.ModParticles to MOD
[25вер.2026 12:23:00.881] [modloading-worker-0/DEBUG] [net.minecraftforge.fml.javafmlmod.AutomaticEventSubscriber/LOADING]: Auto-subscribing com.atsuishio.superbwarfare.init.ModLootModifier to MOD
[25вер.2026 12:23:00.884] [modloading-worker-0/DEBUG] [net.minecraftforge.fml.javafmlmod.AutomaticEventSubscriber/LOADING]: Auto-subscribing com.atsuishio.superbwarfare.init.ModKeyMappings to MOD
[25вер.2026 12:23:00.886] [modloading-worker-0/DEBUG] [net.minecraftforge.fml.javafmlmod.AutomaticEventSubscriber/LOADING]: Auto-subscribing com.atsuishio.superbwarfare.init.ModEntityRenderers to MOD
[25вер.2026 12:23:00.887] [modloading-worker-0/DEBUG] [net.minecraftforge.fml.javafmlmod.AutomaticEventSubscriber/LOADING]: Auto-subscribing com.atsuishio.superbwarfare.init.ModEntities to MOD
[25вер.2026 12:23:00.889] [modloading-worker-0/DEBUG] [net.minecraftforge.fml.javafmlmod.AutomaticEventSubscriber/LOADING]: Auto-subscribing com.atsuishio.superbwarfare.init.ModAttributes to MOD
[25вер.2026 12:23:00.892] [modloading-worker-0/DEBUG] [net.minecraftforge.fml.javafmlmod.AutomaticEventSubscriber/LOADING]: Auto-subscribing com.atsuishio.superbwarfare.event.PlayerEventHandler to FORGE
[25вер.2026 12:23:00.897] [modloading-worker-0/DEBUG] [net.minecraftforge.fml.javafmlmod.AutomaticEventSubscriber/LOADING]: Auto-subscribing com.atsuishio.superbwarfare.event.ModVersionEventHandler to MOD
[25вер.2026 12:23:00.900] [modloading-worker-0/DEBUG] [net.minecraftforge.fml.javafmlmod.AutomaticEventSubscriber/LOADING]: Auto-subscribing com.atsuishio.superbwarfare.event.LivingEventHandler to FORGE
[25вер.2026 12:23:00.910] [modloading-worker-0/DEBUG] [mixin/]: Mixing ExplosionMixin from mixins.superbwarfare.json into net.minecraft.world.level.Explosion
[25вер.2026 12:23:00.918] [modloading-worker-0/DEBUG] [net.minecraftforge.fml.javafmlmod.AutomaticEventSubscriber/LOADING]: Auto-subscribing com.atsuishio.superbwarfare.event.KillMessageHandler to FORGE
[25вер.2026 12:23:00.919] [modloading-worker-0/DEBUG] [net.minecraftforge.fml.javafmlmod.AutomaticEventSubscriber/LOADING]: Auto-subscribing com.atsuishio.superbwarfare.event.HitboxHelperEventHandler to FORGE
[25вер.2026 12:23:00.921] [modloading-worker-0/DEBUG] [net.minecraftforge.fml.javafmlmod.AutomaticEventSubscriber/LOADING]: Auto-subscribing com.atsuishio.superbwarfare.event.GunEventHandler to FORGE
[25вер.2026 12:23:00.925] [modloading-worker-0/DEBUG] [net.minecraftforge.fml.javafmlmod.AutomaticEventSubscriber/LOADING]: Auto-subscribing com.atsuishio.superbwarfare.event.EntityUseGunEventHandler to FORGE
[25вер.2026 12:23:00.927] [modloading-worker-0/DEBUG] [net.minecraftforge.fml.javafmlmod.AutomaticEventSubscriber/LOADING]: Auto-subscribing com.atsuishio.superbwarfare.event.CustomEventHandler to FORGE
[25вер.2026 12:23:00.930] [modloading-worker-0/DEBUG] [net.minecraftforge.fml.javafmlmod.AutomaticEventSubscriber/LOADING]: Auto-subscribing com.atsuishio.superbwarfare.event.ClientMouseHandler to FORGE
[25вер.2026 12:23:00.932] [modloading-worker-0/DEBUG] [net.minecraftforge.fml.javafmlmod.AutomaticEventSubscriber/LOADING]: Auto-subscribing com.atsuishio.superbwarfare.event.ClientEventHandler to FORGE
[25вер.2026 12:23:00.944] [modloading-worker-0/DEBUG] [mixin/]: Mixing AnimationProcessorAccessor from mixins.superbwarfare.json into software.bernie.geckolib.core.animation.AnimationProcessor
[25вер.2026 12:23:00.956] [modloading-worker-0/DEBUG] [net.minecraftforge.fml.javafmlmod.AutomaticEventSubscriber/LOADING]: Auto-subscribing com.atsuishio.superbwarfare.entity.TargetEntity to FORGE
[25вер.2026 12:23:00.976] [modloading-worker-0/DEBUG] [net.minecraftforge.fml.javafmlmod.AutomaticEventSubscriber/LOADING]: Auto-subscribing com.atsuishio.superbwarfare.entity.SenpaiEntity to FORGE
[25вер.2026 12:23:00.979] [modloading-worker-0/DEBUG] [net.minecraftforge.fml.javafmlmod.AutomaticEventSubscriber/LOADING]: Auto-subscribing com.atsuishio.superbwarfare.entity.DPSGeneratorEntity to FORGE
[25вер.2026 12:23:00.980] [modloading-worker-0/DEBUG] [net.minecraftforge.fml.javafmlmod.AutomaticEventSubscriber/LOADING]: Auto-subscribing com.atsuishio.superbwarfare.datagen.DataGenerators to MOD
[25вер.2026 12:23:00.981] [modloading-worker-0/DEBUG] [net.minecraftforge.fml.javafmlmod.AutomaticEventSubscriber/LOADING]: Auto-subscribing com.atsuishio.superbwarfare.data.vehicle.VehicleDataTool to FORGE
[25вер.2026 12:23:00.982] [modloading-worker-0/DEBUG] [net.minecraftforge.fml.javafmlmod.AutomaticEventSubscriber/LOADING]: Auto-subscribing com.atsuishio.superbwarfare.data.container.ContainerDataManager to FORGE
[25вер.2026 12:23:00.983] [modloading-worker-0/DEBUG] [net.minecraftforge.fml.javafmlmod.AutomaticEventSubscriber/LOADING]: Auto-subscribing com.atsuishio.superbwarfare.data.DataLoader to FORGE
[25вер.2026 12:23:00.984] [modloading-worker-0/DEBUG] [net.minecraftforge.fml.javafmlmod.AutomaticEventSubscriber/LOADING]: Auto-subscribing com.atsuishio.superbwarfare.data.DataLoader$ClientReloadListener to MOD
[25вер.2026 12:23:00.984] [modloading-worker-0/DEBUG] [net.minecraftforge.fml.javafmlmod.AutomaticEventSubscriber/LOADING]: Auto-subscribing com.atsuishio.superbwarfare.compat.CompatHolder to MOD
[25вер.2026 12:23:00.986] [modloading-worker-0/DEBUG] [net.minecraftforge.fml.javafmlmod.AutomaticEventSubscriber/LOADING]: Auto-subscribing com.atsuishio.superbwarfare.command.CommandRegister to FORGE
[25вер.2026 12:23:00.987] [modloading-worker-0/DEBUG] [net.minecraftforge.fml.javafmlmod.AutomaticEventSubscriber/LOADING]: Auto-subscribing com.atsuishio.superbwarfare.client.screens.modsell.ModSellWarningScreen to FORGE
[25вер.2026 12:23:00.998] [modloading-worker-0/DEBUG] [net.minecraftforge.fml.javafmlmod.AutomaticEventSubscriber/LOADING]: Auto-subscribing com.atsuishio.superbwarfare.client.screens.FuMO25ScreenHelper to FORGE
[25вер.2026 12:23:01.000] [modloading-worker-0/DEBUG] [net.minecraftforge.fml.javafmlmod.AutomaticEventSubscriber/LOADING]: Auto-subscribing com.atsuishio.superbwarfare.client.renderer.special.ContainerBlockPreview to FORGE
[25вер.2026 12:23:01.001] [modloading-worker-0/DEBUG] [net.minecraftforge.fml.javafmlmod.AutomaticEventSubscriber/LOADING]: Auto-subscribing com.atsuishio.superbwarfare.client.renderer.curio.ParachuteRenderer to FORGE
[25вер.2026 12:23:01.011] [modloading-worker-0/DEBUG] [net.minecraftforge.fml.javafmlmod.AutomaticEventSubscriber/LOADING]: Auto-subscribing com.atsuishio.superbwarfare.client.language.ClientLanguageGetter to MOD
[25вер.2026 12:23:01.012] [modloading-worker-0/DEBUG] [net.minecraftforge.fml.javafmlmod.AutomaticEventSubscriber/LOADING]: Auto-subscribing com.atsuishio.superbwarfare.client.ClientRenderHandler to MOD
[25вер.2026 12:23:01.016] [modloading-worker-0/DEBUG] [net.minecraftforge.fml.javafmlmod.AutomaticEventSubscriber/LOADING]: Auto-subscribing com.atsuishio.superbwarfare.client.ClickHandler to FORGE
[25вер.2026 12:23:01.022] [modloading-worker-0/DEBUG] [net.minecraftforge.fml.javafmlmod.AutomaticEventSubscriber/LOADING]: Auto-subscribing com.atsuishio.superbwarfare.capability.CapabilityHandler to FORGE
[25вер.2026 12:23:01.028] [modloading-worker-0/DEBUG] [net.minecraftforge.fml.javafmlmod.AutomaticEventSubscriber/LOADING]: Auto-subscribing com.atsuishio.superbwarfare.advancement.CriteriaRegister to MOD
[25вер.2026 12:23:01.205] [Render thread/DEBUG] [net.minecraftforge.fml.DeferredWorkQueue/LOADING]: Dispatching synchronous work for work queue CONSTRUCT: 2 jobs
[25вер.2026 12:23:01.208] [Render thread/DEBUG] [net.minecraftforge.fml.DeferredWorkQueue/LOADING]: Synchronous work queue completed in 2.313 ms
[25вер.2026 12:23:01.244] [Render thread/DEBUG] [net.minecraftforge.registries.ObjectHolderRegistry/REGISTRIES]: Processing ObjectHolder annotations
[25вер.2026 12:23:01.268] [Render thread/DEBUG] [net.minecraftforge.registries.ObjectHolderRegistry/REGISTRIES]: Found 4609 ObjectHolder annotations
[25вер.2026 12:23:01.275] [Render thread/DEBUG] [net.minecraftforge.common.capabilities.CapabilityManager/CAPABILITIES]: Attempting to automatically register: Lcom/atsuishio/superbwarfare/capability/player/PlayerVariable;
[25вер.2026 12:23:01.275] [Render thread/DEBUG] [net.minecraftforge.common.capabilities.CapabilityManager/CAPABILITIES]: Attempting to automatically register: Lnet/minecraftforge/energy/IEnergyStorage;
[25вер.2026 12:23:01.275] [Render thread/DEBUG] [net.minecraftforge.common.capabilities.CapabilityManager/CAPABILITIES]: Attempting to automatically register: Lnet/minecraftforge/fluids/capability/IFluidHandler;
[25вер.2026 12:23:01.275] [Render thread/DEBUG] [net.minecraftforge.common.capabilities.CapabilityManager/CAPABILITIES]: Attempting to automatically register: Lnet/minecraftforge/fluids/capability/IFluidHandlerItem;
[25вер.2026 12:23:01.275] [Render thread/DEBUG] [net.minecraftforge.common.capabilities.CapabilityManager/CAPABILITIES]: Attempting to automatically register: Lnet/minecraftforge/items/IItemHandler;
[25вер.2026 12:23:01.278] [Render thread/DEBUG] [net.minecraftforge.registries.GameData/REGISTRIES]: Unfreezing vanilla registries
[25вер.2026 12:23:01.283] [Render thread/DEBUG] [net.minecraftforge.registries.GameData/REGISTRIES]: Applying holder lookups: minecraft:sound_event
[25вер.2026 12:23:01.287] [Render thread/DEBUG] [net.minecraftforge.registries.GameData/REGISTRIES]: Holder lookups applied: minecraft:sound_event
[25вер.2026 12:23:01.288] [Render thread/DEBUG] [net.minecraftforge.registries.GameData/REGISTRIES]: Applying holder lookups: minecraft:fluid
[25вер.2026 12:23:01.289] [Render thread/DEBUG] [net.minecraftforge.registries.GameData/REGISTRIES]: Holder lookups applied: minecraft:fluid
[25вер.2026 12:23:01.297] [Render thread/DEBUG] [net.minecraftforge.registries.GameData/REGISTRIES]: Applying holder lookups: minecraft:block
[25вер.2026 12:23:01.299] [Render thread/DEBUG] [net.minecraftforge.registries.GameData/REGISTRIES]: Holder lookups applied: minecraft:block
[25вер.2026 12:23:01.299] [Render thread/DEBUG] [net.minecraftforge.registries.GameData/REGISTRIES]: Applying holder lookups: minecraft:attribute
[25вер.2026 12:23:01.301] [Render thread/DEBUG] [net.minecraftforge.registries.GameData/REGISTRIES]: Holder lookups applied: minecraft:attribute
[25вер.2026 12:23:01.301] [Render thread/DEBUG] [net.minecraftforge.registries.GameData/REGISTRIES]: Applying holder lookups: minecraft:mob_effect
[25вер.2026 12:23:01.301] [Render thread/DEBUG] [net.minecraftforge.registries.ObjectHolderRef/]: Unable to lookup virtuarealcraft:curse_flame for public static net.minecraft.world.effect.MobEffect com.atsuishio.superbwarfare.compat.CompatHolder.VRC_CURSE_FLAME. This means the object wasn't registered. It's likely just mod options.
[25вер.2026 12:23:01.302] [Render thread/DEBUG] [net.minecraftforge.registries.GameData/REGISTRIES]: Holder lookups applied: minecraft:mob_effect
[25вер.2026 12:23:01.313] [Render thread/DEBUG] [net.minecraftforge.registries.GameData/REGISTRIES]: Applying holder lookups: minecraft:particle_type
[25вер.2026 12:23:01.314] [Render thread/DEBUG] [net.minecraftforge.registries.GameData/REGISTRIES]: Holder lookups applied: minecraft:particle_type
[25вер.2026 12:23:01.316] [Render thread/DEBUG] [mixin/]: Mixing GeoModelAccessor from mixins.superbwarfare.json into software.bernie.geckolib.model.GeoModel
[25вер.2026 12:23:01.340] [Render thread/DEBUG] [software.bernie.geckolib.GeckoLib/]: Registered SyncedAnimatable for class software.bernie.example.item.JackInTheBoxItem
[25вер.2026 12:23:01.400] [Render thread/DEBUG] [software.bernie.geckolib.GeckoLib/]: Registered SyncedAnimatable for class com.atsuishio.superbwarfare.item.gun.special.RepairToolItem
[25вер.2026 12:23:01.402] [Render thread/DEBUG] [software.bernie.geckolib.GeckoLib/]: Registered SyncedAnimatable for class com.atsuishio.superbwarfare.item.gun.special.TaserItem
[25вер.2026 12:23:01.404] [Render thread/DEBUG] [software.bernie.geckolib.GeckoLib/]: Registered SyncedAnimatable for class com.atsuishio.superbwarfare.item.gun.handgun.Glock17Item
[25вер.2026 12:23:01.405] [Render thread/DEBUG] [software.bernie.geckolib.GeckoLib/]: Registered SyncedAnimatable for class com.atsuishio.superbwarfare.item.gun.handgun.Glock18Item
[25вер.2026 12:23:01.406] [Render thread/DEBUG] [software.bernie.geckolib.GeckoLib/]: Registered SyncedAnimatable for class com.atsuishio.superbwarfare.item.gun.handgun.Mp443Item
[25вер.2026 12:23:01.406] [Render thread/DEBUG] [software.bernie.geckolib.GeckoLib/]: Registered SyncedAnimatable for class com.atsuishio.superbwarfare.item.gun.handgun.M1911Item
[25вер.2026 12:23:01.408] [Render thread/DEBUG] [software.bernie.geckolib.GeckoLib/]: Registered SyncedAnimatable for class com.atsuishio.superbwarfare.item.gun.shotgun.HomemadeShotgunItem
[25вер.2026 12:23:01.409] [Render thread/DEBUG] [software.bernie.geckolib.GeckoLib/]: Registered SyncedAnimatable for class com.atsuishio.superbwarfare.item.gun.handgun.TracheliumItem
[25вер.2026 12:23:01.411] [Render thread/DEBUG] [software.bernie.geckolib.GeckoLib/]: Registered SyncedAnimatable for class com.atsuishio.superbwarfare.item.gun.smg.Mp5Item
[25вер.2026 12:23:01.413] [Render thread/DEBUG] [software.bernie.geckolib.GeckoLib/]: Registered SyncedAnimatable for class com.atsuishio.superbwarfare.item.gun.smg.VectorItem
[25вер.2026 12:23:01.414] [Render thread/DEBUG] [software.bernie.geckolib.GeckoLib/]: Registered SyncedAnimatable for class com.atsuishio.superbwarfare.item.gun.rifle.AK47Item
[25вер.2026 12:23:01.415] [Render thread/DEBUG] [software.bernie.geckolib.GeckoLib/]: Registered SyncedAnimatable for class com.atsuishio.superbwarfare.item.gun.rifle.AK12Item
[25вер.2026 12:23:01.417] [Render thread/DEBUG] [software.bernie.geckolib.GeckoLib/]: Registered SyncedAnimatable for class com.atsuishio.superbwarfare.item.gun.rifle.SksItem
[25вер.2026 12:23:01.418] [Render thread/DEBUG] [software.bernie.geckolib.GeckoLib/]: Registered SyncedAnimatable for class com.atsuishio.superbwarfare.item.gun.rifle.M4Item
[25вер.2026 12:23:01.418] [Render thread/DEBUG] [software.bernie.geckolib.GeckoLib/]: Registered SyncedAnimatable for class com.atsuishio.superbwarfare.item.gun.rifle.Hk416Item
[25вер.2026 12:23:01.420] [Render thread/DEBUG] [software.bernie.geckolib.GeckoLib/]: Registered SyncedAnimatable for class com.atsuishio.superbwarfare.item.gun.rifle.Qbz95Item
[25вер.2026 12:23:01.421] [Render thread/DEBUG] [software.bernie.geckolib.GeckoLib/]: Registered SyncedAnimatable for class com.atsuishio.superbwarfare.item.gun.rifle.Qbz191Item
[25вер.2026 12:23:01.422] [Render thread/DEBUG] [software.bernie.geckolib.GeckoLib/]: Registered SyncedAnimatable for class com.atsuishio.superbwarfare.item.gun.rifle.InsidiousItem
[25вер.2026 12:23:01.423] [Render thread/DEBUG] [software.bernie.geckolib.GeckoLib/]: Registered SyncedAnimatable for class com.atsuishio.superbwarfare.item.gun.rifle.Mk14Item
[25вер.2026 12:23:01.425] [Render thread/DEBUG] [software.bernie.geckolib.GeckoLib/]: Registered SyncedAnimatable for class com.atsuishio.superbwarfare.item.gun.sniper.Ql1031Item
[25вер.2026 12:23:01.426] [Render thread/DEBUG] [software.bernie.geckolib.GeckoLib/]: Registered SyncedAnimatable for class com.atsuishio.superbwarfare.item.gun.rifle.MarlinItem
[25вер.2026 12:23:01.427] [Render thread/DEBUG] [software.bernie.geckolib.GeckoLib/]: Registered SyncedAnimatable for class com.atsuishio.superbwarfare.item.gun.sniper.K98Item
[25вер.2026 12:23:01.428] [Render thread/DEBUG] [software.bernie.geckolib.GeckoLib/]: Registered SyncedAnimatable for class com.atsuishio.superbwarfare.item.gun.sniper.MosinNagantItem
[25вер.2026 12:23:01.430] [Render thread/DEBUG] [software.bernie.geckolib.GeckoLib/]: Registered SyncedAnimatable for class com.atsuishio.superbwarfare.item.gun.sniper.SvdItem
[25вер.2026 12:23:01.431] [Render thread/DEBUG] [software.bernie.geckolib.GeckoLib/]: Registered SyncedAnimatable for class com.atsuishio.superbwarfare.item.gun.sniper.AwmItem
[25вер.2026 12:23:01.432] [Render thread/DEBUG] [software.bernie.geckolib.GeckoLib/]: Registered SyncedAnimatable for class com.atsuishio.superbwarfare.item.gun.sniper.M98bItem
[25вер.2026 12:23:01.433] [Render thread/DEBUG] [software.bernie.geckolib.GeckoLib/]: Registered SyncedAnimatable for class com.atsuishio.superbwarfare.item.gun.sniper.SentinelItem
[25вер.2026 12:23:01.433] [Render thread/DEBUG] [software.bernie.geckolib.GeckoLib/]: Registered SyncedAnimatable for class com.atsuishio.superbwarfare.item.gun.sniper.HuntingRifleItem
[25вер.2026 12:23:01.434] [Render thread/DEBUG] [software.bernie.geckolib.GeckoLib/]: Registered SyncedAnimatable for class com.atsuishio.superbwarfare.item.gun.sniper.Ntw20Item
[25вер.2026 12:23:01.435] [Render thread/DEBUG] [software.bernie.geckolib.GeckoLib/]: Registered SyncedAnimatable for class com.atsuishio.superbwarfare.item.gun.shotgun.M870Item
[25вер.2026 12:23:01.435] [Render thread/DEBUG] [software.bernie.geckolib.GeckoLib/]: Registered SyncedAnimatable for class com.atsuishio.superbwarfare.item.gun.shotgun.Aa12Item
[25вер.2026 12:23:01.436] [Render thread/DEBUG] [software.bernie.geckolib.GeckoLib/]: Registered SyncedAnimatable for class com.atsuishio.superbwarfare.item.gun.machinegun.DevotionItem
[25вер.2026 12:23:01.437] [Render thread/DEBUG] [software.bernie.geckolib.GeckoLib/]: Registered SyncedAnimatable for class com.atsuishio.superbwarfare.item.gun.machinegun.RpkItem
[25вер.2026 12:23:01.437] [Render thread/DEBUG] [software.bernie.geckolib.GeckoLib/]: Registered SyncedAnimatable for class com.atsuishio.superbwarfare.item.gun.machinegun.M60Item
[25вер.2026 12:23:01.439] [Render thread/DEBUG] [software.bernie.geckolib.GeckoLib/]: Registered SyncedAnimatable for class com.atsuishio.superbwarfare.item.gun.machinegun.M2HBItem
[25вер.2026 12:23:01.440] [Render thread/DEBUG] [software.bernie.geckolib.GeckoLib/]: Registered SyncedAnimatable for class com.atsuishio.superbwarfare.item.gun.machinegun.MinigunItem
[25вер.2026 12:23:01.441] [Render thread/DEBUG] [software.bernie.geckolib.GeckoLib/]: Registered SyncedAnimatable for class com.atsuishio.superbwarfare.item.gun.launcher.M79Item
[25вер.2026 12:23:01.441] [Render thread/DEBUG] [software.bernie.geckolib.GeckoLib/]: Registered SyncedAnimatable for class com.atsuishio.superbwarfare.item.gun.launcher.SecondaryCataclysmItem
[25вер.2026 12:23:01.442] [Render thread/DEBUG] [software.bernie.geckolib.GeckoLib/]: Registered SyncedAnimatable for class com.atsuishio.superbwarfare.item.gun.launcher.RpgItem
[25вер.2026 12:23:01.443] [Render thread/DEBUG] [software.bernie.geckolib.GeckoLib/]: Registered SyncedAnimatable for class com.atsuishio.superbwarfare.item.gun.launcher.JavelinItem
[25вер.2026 12:23:01.444] [Render thread/DEBUG] [software.bernie.geckolib.GeckoLib/]: Registered SyncedAnimatable for class com.atsuishio.superbwarfare.item.gun.launcher.IglaItem
[25вер.2026 12:23:01.446] [Render thread/DEBUG] [software.bernie.geckolib.GeckoLib/]: Registered SyncedAnimatable for class com.atsuishio.superbwarfare.item.gun.handgun.AureliaSceptreItem
[25вер.2026 12:23:01.447] [Render thread/DEBUG] [software.bernie.geckolib.GeckoLib/]: Registered SyncedAnimatable for class com.atsuishio.superbwarfare.item.gun.special.BocekItem
[25вер.2026 12:23:01.467] [Render thread/DEBUG] [software.bernie.geckolib.GeckoLib/]: Registered SyncedAnimatable for class tech.squadmc.squadmcor.item.SpikeItem
[25вер.2026 12:23:01.467] [Render thread/DEBUG] [net.minecraftforge.registries.GameData/REGISTRIES]: Applying holder lookups: minecraft:item
[25вер.2026 12:23:01.468] [Render thread/DEBUG] [net.minecraftforge.registries.GameData/REGISTRIES]: Holder lookups applied: minecraft:item
[25вер.2026 12:23:01.543] [Render thread/DEBUG] [net.minecraftforge.registries.GameData/REGISTRIES]: Applying holder lookups: minecraft:entity_type
[25вер.2026 12:23:01.544] [Render thread/DEBUG] [net.minecraftforge.registries.GameData/REGISTRIES]: Holder lookups applied: minecraft:entity_type
[25вер.2026 12:23:01.544] [Render thread/DEBUG] [net.minecraftforge.registries.GameData/REGISTRIES]: Applying holder lookups: minecraft:sensor_type
[25вер.2026 12:23:01.544] [Render thread/DEBUG] [net.minecraftforge.registries.GameData/REGISTRIES]: Holder lookups applied: minecraft:sensor_type
[25вер.2026 12:23:01.544] [Render thread/DEBUG] [net.minecraftforge.registries.GameData/REGISTRIES]: Applying holder lookups: minecraft:memory_module_type
[25вер.2026 12:23:01.544] [Render thread/DEBUG] [net.minecraftforge.registries.GameData/REGISTRIES]: Holder lookups applied: minecraft:memory_module_type
[25вер.2026 12:23:01.545] [Render thread/DEBUG] [net.minecraftforge.registries.GameData/REGISTRIES]: Applying holder lookups: minecraft:potion
[25вер.2026 12:23:01.545] [Render thread/DEBUG] [net.minecraftforge.registries.GameData/REGISTRIES]: Holder lookups applied: minecraft:potion
[25вер.2026 12:23:01.545] [Render thread/DEBUG] [net.minecraftforge.registries.GameData/REGISTRIES]: Applying holder lookups: minecraft:game_event
[25вер.2026 12:23:01.545] [Render thread/DEBUG] [net.minecraftforge.registries.GameData/REGISTRIES]: Holder lookups applied: minecraft:game_event
[25вер.2026 12:23:01.545] [Render thread/DEBUG] [net.minecraftforge.registries.GameData/REGISTRIES]: Applying holder lookups: minecraft:enchantment
[25вер.2026 12:23:01.546] [Render thread/DEBUG] [net.minecraftforge.registries.GameData/REGISTRIES]: Holder lookups applied: minecraft:enchantment
[25вер.2026 12:23:01.552] [Render thread/DEBUG] [net.minecraftforge.registries.GameData/REGISTRIES]: Applying holder lookups: minecraft:block_entity_type
[25вер.2026 12:23:01.553] [Render thread/DEBUG] [net.minecraftforge.registries.GameData/REGISTRIES]: Holder lookups applied: minecraft:block_entity_type
[25вер.2026 12:23:01.553] [Render thread/DEBUG] [net.minecraftforge.registries.GameData/REGISTRIES]: Applying holder lookups: minecraft:painting_variant
[25вер.2026 12:23:01.553] [Render thread/DEBUG] [net.minecraftforge.registries.GameData/REGISTRIES]: Holder lookups applied: minecraft:painting_variant
[25вер.2026 12:23:01.553] [Render thread/DEBUG] [net.minecraftforge.registries.GameData/REGISTRIES]: Applying holder lookups: minecraft:stat_type
[25вер.2026 12:23:01.554] [Render thread/DEBUG] [net.minecraftforge.registries.GameData/REGISTRIES]: Holder lookups applied: minecraft:stat_type
[25вер.2026 12:23:01.554] [Render thread/DEBUG] [net.minecraftforge.registries.GameData/REGISTRIES]: Applying holder lookups: minecraft:custom_stat
[25вер.2026 12:23:01.554] [Render thread/DEBUG] [net.minecraftforge.registries.GameData/REGISTRIES]: Holder lookups applied: minecraft:custom_stat
[25вер.2026 12:23:01.554] [Render thread/DEBUG] [net.minecraftforge.registries.GameData/REGISTRIES]: Applying holder lookups: minecraft:chunk_status
[25вер.2026 12:23:01.554] [Render thread/DEBUG] [net.minecraftforge.registries.GameData/REGISTRIES]: Holder lookups applied: minecraft:chunk_status
[25вер.2026 12:23:01.554] [Render thread/DEBUG] [net.minecraftforge.registries.GameData/REGISTRIES]: Applying holder lookups: minecraft:rule_test
[25вер.2026 12:23:01.554] [Render thread/DEBUG] [net.minecraftforge.registries.GameData/REGISTRIES]: Holder lookups applied: minecraft:rule_test
[25вер.2026 12:23:01.554] [Render thread/DEBUG] [net.minecraftforge.registries.GameData/REGISTRIES]: Applying holder lookups: minecraft:rule_block_entity_modifier
[25вер.2026 12:23:01.555] [Render thread/DEBUG] [net.minecraftforge.registries.GameData/REGISTRIES]: Holder lookups applied: minecraft:rule_block_entity_modifier
[25вер.2026 12:23:01.555] [Render thread/DEBUG] [net.minecraftforge.registries.GameData/REGISTRIES]: Applying holder lookups: minecraft:pos_rule_test
[25вер.2026 12:23:01.555] [Render thread/DEBUG] [net.minecraftforge.registries.GameData/REGISTRIES]: Holder lookups applied: minecraft:pos_rule_test
[25вер.2026 12:23:01.562] [Render thread/DEBUG] [net.minecraftforge.registries.GameData/REGISTRIES]: Applying holder lookups: minecraft:menu
[25вер.2026 12:23:01.563] [Render thread/DEBUG] [net.minecraftforge.registries.GameData/REGISTRIES]: Holder lookups applied: minecraft:menu
[25вер.2026 12:23:01.564] [Render thread/DEBUG] [net.minecraftforge.registries.GameData/REGISTRIES]: Applying holder lookups: minecraft:recipe_type
[25вер.2026 12:23:01.565] [Render thread/DEBUG] [net.minecraftforge.registries.GameData/REGISTRIES]: Holder lookups applied: minecraft:recipe_type
[25вер.2026 12:23:01.579] [Render thread/DEBUG] [net.minecraftforge.registries.GameData/REGISTRIES]: Applying holder lookups: minecraft:recipe_serializer
[25вер.2026 12:23:01.580] [Render thread/DEBUG] [net.minecraftforge.registries.GameData/REGISTRIES]: Holder lookups applied: minecraft:recipe_serializer
[25вер.2026 12:23:01.580] [Render thread/DEBUG] [net.minecraftforge.registries.GameData/REGISTRIES]: Applying holder lookups: minecraft:position_source_type
[25вер.2026 12:23:01.581] [Render thread/DEBUG] [net.minecraftforge.registries.GameData/REGISTRIES]: Holder lookups applied: minecraft:position_source_type
[25вер.2026 12:23:01.584] [Render thread/DEBUG] [net.minecraftforge.registries.GameData/REGISTRIES]: Applying holder lookups: minecraft:command_argument_type
[25вер.2026 12:23:01.584] [Render thread/DEBUG] [net.minecraftforge.registries.GameData/REGISTRIES]: Holder lookups applied: minecraft:command_argument_type
[25вер.2026 12:23:01.584] [Render thread/DEBUG] [net.minecraftforge.registries.GameData/REGISTRIES]: Applying holder lookups: minecraft:villager_type
[25вер.2026 12:23:01.586] [Render thread/DEBUG] [net.minecraftforge.registries.GameData/REGISTRIES]: Holder lookups applied: minecraft:villager_type
[25вер.2026 12:23:01.586] [Render thread/DEBUG] [net.minecraftforge.registries.GameData/REGISTRIES]: Applying holder lookups: minecraft:villager_profession
[25вер.2026 12:23:01.586] [Render thread/DEBUG] [net.minecraftforge.registries.GameData/REGISTRIES]: Holder lookups applied: minecraft:villager_profession
[25вер.2026 12:23:01.587] [Render thread/DEBUG] [net.minecraftforge.registries.GameData/REGISTRIES]: Applying holder lookups: minecraft:point_of_interest_type
[25вер.2026 12:23:01.587] [Render thread/DEBUG] [net.minecraftforge.registries.GameData/REGISTRIES]: Holder lookups applied: minecraft:point_of_interest_type
[25вер.2026 12:23:01.587] [Render thread/DEBUG] [net.minecraftforge.registries.GameData/REGISTRIES]: Applying holder lookups: minecraft:schedule
[25вер.2026 12:23:01.587] [Render thread/DEBUG] [net.minecraftforge.registries.GameData/REGISTRIES]: Holder lookups applied: minecraft:schedule
[25вер.2026 12:23:01.587] [Render thread/DEBUG] [net.minecraftforge.registries.GameData/REGISTRIES]: Applying holder lookups: minecraft:activity
[25вер.2026 12:23:01.588] [Render thread/DEBUG] [net.minecraftforge.registries.GameData/REGISTRIES]: Holder lookups applied: minecraft:activity
[25вер.2026 12:23:01.588] [Render thread/DEBUG] [net.minecraftforge.registries.GameData/REGISTRIES]: Applying holder lookups: minecraft:loot_pool_entry_type
[25вер.2026 12:23:01.588] [Render thread/DEBUG] [net.minecraftforge.registries.GameData/REGISTRIES]: Holder lookups applied: minecraft:loot_pool_entry_type
[25вер.2026 12:23:01.588] [Render thread/DEBUG] [net.minecraftforge.registries.GameData/REGISTRIES]: Applying holder lookups: minecraft:loot_function_type
[25вер.2026 12:23:01.588] [Render thread/DEBUG] [net.minecraftforge.registries.GameData/REGISTRIES]: Holder lookups applied: minecraft:loot_function_type
[25вер.2026 12:23:01.590] [Render thread/DEBUG] [net.minecraftforge.registries.GameData/REGISTRIES]: Applying holder lookups: minecraft:loot_condition_type
[25вер.2026 12:23:01.590] [Render thread/DEBUG] [net.minecraftforge.registries.GameData/REGISTRIES]: Holder lookups applied: minecraft:loot_condition_type
[25вер.2026 12:23:01.590] [Render thread/DEBUG] [net.minecraftforge.registries.GameData/REGISTRIES]: Applying holder lookups: minecraft:loot_number_provider_type
[25вер.2026 12:23:01.591] [Render thread/DEBUG] [net.minecraftforge.registries.GameData/REGISTRIES]: Holder lookups applied: minecraft:loot_number_provider_type
[25вер.2026 12:23:01.591] [Render thread/DEBUG] [net.minecraftforge.registries.GameData/REGISTRIES]: Applying holder lookups: minecraft:loot_nbt_provider_type
[25вер.2026 12:23:01.591] [Render thread/DEBUG] [net.minecraftforge.registries.GameData/REGISTRIES]: Holder lookups applied: minecraft:loot_nbt_provider_type
[25вер.2026 12:23:01.591] [Render thread/DEBUG] [net.minecraftforge.registries.GameData/REGISTRIES]: Applying holder lookups: minecraft:loot_score_provider_type
[25вер.2026 12:23:01.591] [Render thread/DEBUG] [net.minecraftforge.registries.GameData/REGISTRIES]: Holder lookups applied: minecraft:loot_score_provider_type
[25вер.2026 12:23:01.591] [Render thread/DEBUG] [net.minecraftforge.registries.GameData/REGISTRIES]: Applying holder lookups: minecraft:float_provider_type
[25вер.2026 12:23:01.591] [Render thread/DEBUG] [net.minecraftforge.registries.GameData/REGISTRIES]: Holder lookups applied: minecraft:float_provider_type
[25вер.2026 12:23:01.591] [Render thread/DEBUG] [net.minecraftforge.registries.GameData/REGISTRIES]: Applying holder lookups: minecraft:int_provider_type
[25вер.2026 12:23:01.592] [Render thread/DEBUG] [net.minecraftforge.registries.GameData/REGISTRIES]: Holder lookups applied: minecraft:int_provider_type
[25вер.2026 12:23:01.592] [Render thread/DEBUG] [net.minecraftforge.registries.GameData/REGISTRIES]: Applying holder lookups: minecraft:height_provider_type
[25вер.2026 12:23:01.592] [Render thread/DEBUG] [net.minecraftforge.registries.GameData/REGISTRIES]: Holder lookups applied: minecraft:height_provider_type
[25вер.2026 12:23:01.592] [Render thread/DEBUG] [net.minecraftforge.registries.GameData/REGISTRIES]: Applying holder lookups: minecraft:block_predicate_type
[25вер.2026 12:23:01.592] [Render thread/DEBUG] [net.minecraftforge.registries.GameData/REGISTRIES]: Holder lookups applied: minecraft:block_predicate_type
[25вер.2026 12:23:01.593] [Render thread/DEBUG] [net.minecraftforge.registries.GameData/REGISTRIES]: Applying holder lookups: minecraft:worldgen/carver
[25вер.2026 12:23:01.593] [Render thread/DEBUG] [net.minecraftforge.registries.GameData/REGISTRIES]: Holder lookups applied: minecraft:worldgen/carver
[25вер.2026 12:23:01.593] [Render thread/DEBUG] [net.minecraftforge.registries.GameData/REGISTRIES]: Applying holder lookups: minecraft:worldgen/feature
[25вер.2026 12:23:01.593] [Render thread/DEBUG] [net.minecraftforge.registries.GameData/REGISTRIES]: Holder lookups applied: minecraft:worldgen/feature
[25вер.2026 12:23:01.593] [Render thread/DEBUG] [net.minecraftforge.registries.GameData/REGISTRIES]: Applying holder lookups: minecraft:worldgen/structure_processor
[25вер.2026 12:23:01.593] [Render thread/DEBUG] [net.minecraftforge.registries.GameData/REGISTRIES]: Holder lookups applied: minecraft:worldgen/structure_processor
[25вер.2026 12:23:01.593] [Render thread/DEBUG] [net.minecraftforge.registries.GameData/REGISTRIES]: Applying holder lookups: minecraft:worldgen/structure_placement
[25вер.2026 12:23:01.594] [Render thread/DEBUG] [net.minecraftforge.registries.GameData/REGISTRIES]: Holder lookups applied: minecraft:worldgen/structure_placement
[25вер.2026 12:23:01.594] [Render thread/DEBUG] [net.minecraftforge.registries.GameData/REGISTRIES]: Applying holder lookups: minecraft:worldgen/structure_piece
[25вер.2026 12:23:01.594] [Render thread/DEBUG] [net.minecraftforge.registries.GameData/REGISTRIES]: Holder lookups applied: minecraft:worldgen/structure_piece
[25вер.2026 12:23:01.594] [Render thread/DEBUG] [net.minecraftforge.registries.GameData/REGISTRIES]: Applying holder lookups: minecraft:worldgen/structure_type
[25вер.2026 12:23:01.595] [Render thread/DEBUG] [net.minecraftforge.registries.GameData/REGISTRIES]: Holder lookups applied: minecraft:worldgen/structure_type
[25вер.2026 12:23:01.595] [Render thread/DEBUG] [net.minecraftforge.registries.GameData/REGISTRIES]: Applying holder lookups: minecraft:worldgen/placement_modifier_type
[25вер.2026 12:23:01.595] [Render thread/DEBUG] [net.minecraftforge.registries.GameData/REGISTRIES]: Holder lookups applied: minecraft:worldgen/placement_modifier_type
[25вер.2026 12:23:01.595] [Render thread/DEBUG] [net.minecraftforge.registries.GameData/REGISTRIES]: Applying holder lookups: minecraft:worldgen/block_state_provider_type
[25вер.2026 12:23:01.596] [Render thread/DEBUG] [net.minecraftforge.registries.GameData/REGISTRIES]: Holder lookups applied: minecraft:worldgen/block_state_provider_type
[25вер.2026 12:23:01.596] [Render thread/DEBUG] [net.minecraftforge.registries.GameData/REGISTRIES]: Applying holder lookups: minecraft:worldgen/foliage_placer_type
[25вер.2026 12:23:01.596] [Render thread/DEBUG] [net.minecraftforge.registries.GameData/REGISTRIES]: Holder lookups applied: minecraft:worldgen/foliage_placer_type
[25вер.2026 12:23:01.597] [Render thread/DEBUG] [net.minecraftforge.registries.GameData/REGISTRIES]: Applying holder lookups: minecraft:worldgen/trunk_placer_type
[25вер.2026 12:23:01.597] [Render thread/DEBUG] [net.minecraftforge.registries.GameData/REGISTRIES]: Holder lookups applied: minecraft:worldgen/trunk_placer_type
[25вер.2026 12:23:01.597] [Render thread/DEBUG] [net.minecraftforge.registries.GameData/REGISTRIES]: Applying holder lookups: minecraft:worldgen/root_placer_type
[25вер.2026 12:23:01.598] [Render thread/DEBUG] [net.minecraftforge.registries.GameData/REGISTRIES]: Holder lookups applied: minecraft:worldgen/root_placer_type
[25вер.2026 12:23:01.598] [Render thread/DEBUG] [net.minecraftforge.registries.GameData/REGISTRIES]: Applying holder lookups: minecraft:worldgen/tree_decorator_type
[25вер.2026 12:23:01.598] [Render thread/DEBUG] [net.minecraftforge.registries.GameData/REGISTRIES]: Holder lookups applied: minecraft:worldgen/tree_decorator_type
[25вер.2026 12:23:01.599] [Render thread/DEBUG] [net.minecraftforge.registries.GameData/REGISTRIES]: Applying holder lookups: minecraft:worldgen/feature_size_type
[25вер.2026 12:23:01.599] [Render thread/DEBUG] [net.minecraftforge.registries.GameData/REGISTRIES]: Holder lookups applied: minecraft:worldgen/feature_size_type
[25вер.2026 12:23:01.599] [Render thread/DEBUG] [net.minecraftforge.registries.GameData/REGISTRIES]: Applying holder lookups: minecraft:worldgen/biome_source
[25вер.2026 12:23:01.599] [Render thread/DEBUG] [net.minecraftforge.registries.GameData/REGISTRIES]: Holder lookups applied: minecraft:worldgen/biome_source
[25вер.2026 12:23:01.599] [Render thread/DEBUG] [net.minecraftforge.registries.GameData/REGISTRIES]: Applying holder lookups: minecraft:worldgen/chunk_generator
[25вер.2026 12:23:01.600] [Render thread/DEBUG] [net.minecraftforge.registries.GameData/REGISTRIES]: Holder lookups applied: minecraft:worldgen/chunk_generator
[25вер.2026 12:23:01.600] [Render thread/DEBUG] [net.minecraftforge.registries.GameData/REGISTRIES]: Applying holder lookups: minecraft:worldgen/material_condition
[25вер.2026 12:23:01.600] [Render thread/DEBUG] [net.minecraftforge.registries.GameData/REGISTRIES]: Holder lookups applied: minecraft:worldgen/material_condition
[25вер.2026 12:23:01.600] [Render thread/DEBUG] [net.minecraftforge.registries.GameData/REGISTRIES]: Applying holder lookups: minecraft:worldgen/material_rule
[25вер.2026 12:23:01.600] [Render thread/DEBUG] [net.minecraftforge.registries.GameData/REGISTRIES]: Holder lookups applied: minecraft:worldgen/material_rule
[25вер.2026 12:23:01.600] [Render thread/DEBUG] [net.minecraftforge.registries.GameData/REGISTRIES]: Applying holder lookups: minecraft:worldgen/density_function_type
[25вер.2026 12:23:01.600] [Render thread/DEBUG] [net.minecraftforge.registries.GameData/REGISTRIES]: Holder lookups applied: minecraft:worldgen/density_function_type
[25вер.2026 12:23:01.600] [Render thread/DEBUG] [net.minecraftforge.registries.GameData/REGISTRIES]: Applying holder lookups: minecraft:worldgen/structure_pool_element
[25вер.2026 12:23:01.601] [Render thread/DEBUG] [net.minecraftforge.registries.GameData/REGISTRIES]: Holder lookups applied: minecraft:worldgen/structure_pool_element
[25вер.2026 12:23:01.601] [Render thread/DEBUG] [net.minecraftforge.registries.GameData/REGISTRIES]: Applying holder lookups: minecraft:cat_variant
[25вер.2026 12:23:01.601] [Render thread/DEBUG] [net.minecraftforge.registries.GameData/REGISTRIES]: Holder lookups applied: minecraft:cat_variant
[25вер.2026 12:23:01.601] [Render thread/DEBUG] [net.minecraftforge.registries.GameData/REGISTRIES]: Applying holder lookups: minecraft:frog_variant
[25вер.2026 12:23:01.601] [Render thread/DEBUG] [net.minecraftforge.registries.GameData/REGISTRIES]: Holder lookups applied: minecraft:frog_variant
[25вер.2026 12:23:01.601] [Render thread/DEBUG] [net.minecraftforge.registries.GameData/REGISTRIES]: Applying holder lookups: minecraft:banner_pattern
[25вер.2026 12:23:01.601] [Render thread/DEBUG] [net.minecraftforge.registries.GameData/REGISTRIES]: Holder lookups applied: minecraft:banner_pattern
[25вер.2026 12:23:01.601] [Render thread/DEBUG] [net.minecraftforge.registries.GameData/REGISTRIES]: Applying holder lookups: minecraft:instrument
[25вер.2026 12:23:01.602] [Render thread/DEBUG] [net.minecraftforge.registries.GameData/REGISTRIES]: Holder lookups applied: minecraft:instrument
[25вер.2026 12:23:01.602] [Render thread/DEBUG] [net.minecraftforge.registries.GameData/REGISTRIES]: Applying holder lookups: minecraft:decorated_pot_patterns
[25вер.2026 12:23:01.602] [Render thread/DEBUG] [net.minecraftforge.registries.GameData/REGISTRIES]: Holder lookups applied: minecraft:decorated_pot_patterns
[25вер.2026 12:23:01.604] [Render thread/DEBUG] [net.minecraftforge.registries.GameData/REGISTRIES]: Applying holder lookups: minecraft:creative_mode_tab
[25вер.2026 12:23:01.606] [Render thread/DEBUG] [net.minecraftforge.registries.GameData/REGISTRIES]: Holder lookups applied: minecraft:creative_mode_tab
[25вер.2026 12:23:01.613] [Render thread/DEBUG] [net.minecraftforge.registries.GameData/REGISTRIES]: Applying holder lookups: forge:biome_modifier_serializers
[25вер.2026 12:23:01.614] [Render thread/DEBUG] [net.minecraftforge.registries.GameData/REGISTRIES]: Holder lookups applied: forge:biome_modifier_serializers
[25вер.2026 12:23:01.616] [Render thread/DEBUG] [net.minecraftforge.registries.GameData/REGISTRIES]: Applying holder lookups: forge:display_contexts
[25вер.2026 12:23:01.616] [Render thread/DEBUG] [net.minecraftforge.registries.GameData/REGISTRIES]: Holder lookups applied: forge:display_contexts
[25вер.2026 12:23:01.617] [Render thread/DEBUG] [net.minecraftforge.registries.GameData/REGISTRIES]: Applying holder lookups: forge:entity_data_serializers
[25вер.2026 12:23:01.618] [Render thread/DEBUG] [net.minecraftforge.registries.GameData/REGISTRIES]: Holder lookups applied: forge:entity_data_serializers
[25вер.2026 12:23:01.622] [Render thread/DEBUG] [net.minecraftforge.registries.GameData/REGISTRIES]: Applying holder lookups: forge:fluid_type
[25вер.2026 12:23:01.623] [Render thread/DEBUG] [net.minecraftforge.registries.GameData/REGISTRIES]: Holder lookups applied: forge:fluid_type
[25вер.2026 12:23:01.624] [Render thread/DEBUG] [net.minecraftforge.registries.GameData/REGISTRIES]: Applying holder lookups: forge:global_loot_modifier_serializers
[25вер.2026 12:23:01.624] [Render thread/DEBUG] [net.minecraftforge.registries.GameData/REGISTRIES]: Holder lookups applied: forge:global_loot_modifier_serializers
[25вер.2026 12:23:01.631] [Render thread/DEBUG] [net.minecraftforge.registries.GameData/REGISTRIES]: Applying holder lookups: forge:holder_set_type
[25вер.2026 12:23:01.632] [Render thread/DEBUG] [net.minecraftforge.registries.GameData/REGISTRIES]: Holder lookups applied: forge:holder_set_type
[25вер.2026 12:23:01.633] [Render thread/DEBUG] [net.minecraftforge.registries.GameData/REGISTRIES]: Applying holder lookups: forge:structure_modifier_serializers
[25вер.2026 12:23:01.633] [Render thread/DEBUG] [net.minecraftforge.registries.GameData/REGISTRIES]: Holder lookups applied: forge:structure_modifier_serializers
[25вер.2026 12:23:01.633] [Render thread/DEBUG] [net.minecraftforge.registries.GameData/REGISTRIES]: Applying holder lookups: minecraft:worldgen/biome
[25вер.2026 12:23:01.634] [Render thread/DEBUG] [net.minecraftforge.registries.GameData/REGISTRIES]: Holder lookups applied: minecraft:worldgen/biome
[25вер.2026 12:23:01.636] [Render thread/DEBUG] [net.minecraftforge.registries.GameData/REGISTRIES]: Applying holder lookups: superbwarfare:perk
[25вер.2026 12:23:01.637] [Render thread/DEBUG] [net.minecraftforge.registries.GameData/REGISTRIES]: Holder lookups applied: superbwarfare:perk
[25вер.2026 12:23:01.760] [Render thread/DEBUG] [net.minecraftforge.client.loading.ClientModLoader/CORE]: Generating PackInfo named mod:forge for mod file /
[25вер.2026 12:23:01.761] [Render thread/DEBUG] [net.minecraftforge.client.loading.ClientModLoader/CORE]: Generating PackInfo named mod:curios for mod file C:\Users\user\.gradle\caches\forge_gradle\deobf_dependencies\top\theillusivec4\curios\curios-forge\5.4.2+1.20.1_mapped_parchment_2023.08.13-1.20.1\curios-forge-5.4.2+1.20.1_mapped_parchment_2023.08.13-1.20.1.jar
[25вер.2026 12:23:01.761] [Render thread/DEBUG] [net.minecraftforge.client.loading.ClientModLoader/CORE]: Generating PackInfo named mod:geckolib for mod file C:\Users\user\.gradle\caches\forge_gradle\deobf_dependencies\software\bernie\geckolib\geckolib-forge-1.20.1\4.8.4_mapped_parchment_2023.08.13-1.20.1\geckolib-forge-1.20.1-4.8.4_mapped_parchment_2023.08.13-1.20.1.jar
[25вер.2026 12:23:01.761] [Render thread/DEBUG] [net.minecraftforge.client.loading.ClientModLoader/CORE]: Generating PackInfo named mod:superbwarfare for mod file C:\Users\user\.gradle\caches\forge_gradle\deobf_dependencies\curse\maven\superb-warfare-1218165\7292685_mapped_parchment_2023.08.13-1.20.1\superb-warfare-1218165-7292685_mapped_parchment_2023.08.13-1.20.1.jar
[25вер.2026 12:23:01.763] [Render thread/DEBUG] [net.minecraftforge.client.loading.ClientModLoader/CORE]: Generating PackInfo named mod:squadmc for mod file C:\Users\user\Desktop\mods\colaba3stran\build\resources\main
[25вер.2026 12:23:01.780] [Render thread/DEBUG] [mixin/]: Mixing client.TextureManagerMixin from geckolib.mixins.json into net.minecraft.client.renderer.texture.TextureManager
[25вер.2026 12:23:01.948] [Render thread/DEBUG] [mixin/]: Mixing EntityRenderDispatcherMixin from mixins.superbwarfare.json into net.minecraft.client.renderer.entity.EntityRenderDispatcher
[25вер.2026 12:23:02.118] [Render thread/INFO] [net.minecraftforge.gametest.ForgeGameTestHooks/]: Enabled Gametest Namespaces: [squadmc]
[25вер.2026 12:23:02.141] [Render thread/DEBUG] [mixin/]: Mixing ItemInHandLayerMixin from mixins.superbwarfare.json into net.minecraft.client.renderer.entity.layers.ItemInHandLayer
[25вер.2026 12:23:02.526] [Render thread/INFO] [net.minecraft.server.packs.resources.ReloadableResourceManager/]: Reloading ResourceManager: vanilla, mod_resources
[25вер.2026 12:23:02.546] [modloading-worker-0/DEBUG] [net.minecraftforge.fml.config.ConfigTracker/CONFIG]: Loading configs type CLIENT
[25вер.2026 12:23:02.548] [modloading-worker-0/DEBUG] [net.minecraftforge.fml.config.ConfigFileTypeHandler/CONFIG]: Built TOML config for C:\Users\user\Desktop\mods\colaba3stran\run\config\superbwarfare-client.toml
[25вер.2026 12:23:02.550] [modloading-worker-0/DEBUG] [net.minecraftforge.fml.config.ConfigFileTypeHandler/CONFIG]: Loaded TOML config file C:\Users\user\Desktop\mods\colaba3stran\run\config\superbwarfare-client.toml
[25вер.2026 12:23:02.558] [modloading-worker-0/DEBUG] [net.minecraftforge.fml.config.ConfigFileTypeHandler/CONFIG]: Watching TOML config file C:\Users\user\Desktop\mods\colaba3stran\run\config\superbwarfare-client.toml for changes
[25вер.2026 12:23:02.564] [modloading-worker-0/DEBUG] [net.minecraftforge.fml.config.ConfigFileTypeHandler/CONFIG]: Built TOML config for C:\Users\user\Desktop\mods\colaba3stran\run\config\curios-client.toml
[25вер.2026 12:23:02.565] [modloading-worker-0/DEBUG] [net.minecraftforge.fml.config.ConfigFileTypeHandler/CONFIG]: Loaded TOML config file C:\Users\user\Desktop\mods\colaba3stran\run\config\curios-client.toml
[25вер.2026 12:23:02.565] [modloading-worker-0/DEBUG] [net.minecraftforge.fml.config.ConfigFileTypeHandler/CONFIG]: Watching TOML config file C:\Users\user\Desktop\mods\colaba3stran\run\config\curios-client.toml for changes
[25вер.2026 12:23:02.566] [modloading-worker-0/DEBUG] [net.minecraftforge.fml.config.ConfigFileTypeHandler/CONFIG]: Built TOML config for C:\Users\user\Desktop\mods\colaba3stran\run\config\forge-client.toml
[25вер.2026 12:23:02.568] [modloading-worker-0/DEBUG] [net.minecraftforge.fml.config.ConfigFileTypeHandler/CONFIG]: Loaded TOML config file C:\Users\user\Desktop\mods\colaba3stran\run\config\forge-client.toml
[25вер.2026 12:23:02.569] [modloading-worker-0/DEBUG] [net.minecraftforge.fml.config.ConfigFileTypeHandler/CONFIG]: Watching TOML config file C:\Users\user\Desktop\mods\colaba3stran\run\config\forge-client.toml for changes
[25вер.2026 12:23:02.569] [modloading-worker-0/DEBUG] [net.minecraftforge.common.ForgeConfig/FORGEMOD]: Loaded forge config file forge-client.toml
[25вер.2026 12:23:02.570] [modloading-worker-0/DEBUG] [net.minecraftforge.fml.config.ConfigTracker/CONFIG]: Loading configs type COMMON
[25вер.2026 12:23:02.570] [modloading-worker-0/DEBUG] [net.minecraftforge.fml.config.ConfigFileTypeHandler/CONFIG]: Built TOML config for C:\Users\user\Desktop\mods\colaba3stran\run\config\superbwarfare-common.toml
[25вер.2026 12:23:02.572] [modloading-worker-0/DEBUG] [net.minecraftforge.fml.config.ConfigFileTypeHandler/CONFIG]: Loaded TOML config file C:\Users\user\Desktop\mods\colaba3stran\run\config\superbwarfare-common.toml
[25вер.2026 12:23:02.572] [modloading-worker-0/DEBUG] [net.minecraftforge.fml.config.ConfigFileTypeHandler/CONFIG]: Watching TOML config file C:\Users\user\Desktop\mods\colaba3stran\run\config\superbwarfare-common.toml for changes
[25вер.2026 12:23:02.686] [Worker-Main-10/DEBUG] [mixin/]: Mixing MixinSlotAttribute from curios.mixins.json into top.theillusivec4.curios.api.SlotAttribute
[25вер.2026 12:23:02.703] [Worker-Main-10/DEBUG] [mixin/]: Mixing MixinCuriosApi from curios.mixins.json into top.theillusivec4.curios.api.CuriosApi
[25вер.2026 12:23:02.766] [Forge Version Check/INFO] [net.minecraftforge.fml.VersionChecker/]: [forge] Starting version check at https://files.minecraftforge.net/net/minecraftforge/forge/promotions_slim.json
[25вер.2026 12:23:03.004] [Worker-Main-1/INFO] [net.minecraft.client.gui.font.providers.UnihexProvider/]: Found unifont_all_no_pua-15.0.06.hex, loading
[25вер.2026 12:23:03.116] [Worker-Main-5/WARN] [net.minecraft.client.sounds.SoundManager/]: File squadmc:sounds/btr82sounds/1p/btr82_fire11.ogg does not exist, cannot add it to event squadmc:btr82_cannon_fire
[25вер.2026 12:23:03.116] [Worker-Main-5/WARN] [net.minecraft.client.sounds.SoundManager/]: File squadmc:sounds/bradleysounds/1pbradley_25mm_initial_semi_1p_01.ogg does not exist, cannot add it to event squadmc:bradley_cannon_fire_1p
[25вер.2026 12:23:03.116] [Worker-Main-5/WARN] [net.minecraft.client.sounds.SoundManager/]: File squadmc:sounds/bmp2sounds/kornet_3p/prefire_kornet_1p.ogg does not exist, cannot add it to event squadmc:tow_prefire_1p
[25вер.2026 12:23:03.116] [Worker-Main-5/WARN] [net.minecraft.client.sounds.SoundManager/]: File squadmc:sounds/bmd4sounds/cannon/3p_veryfar/120mm_fire_far_initial_05.ogg does not exist, cannot add it to event squadmc:120mm_fire_3p_far_very
[25вер.2026 12:23:03.116] [Worker-Main-5/WARN] [net.minecraft.client.sounds.SoundManager/]: File squadmc:sounds/strykermortarsounds/mortar/3p_far_very/mortar_120mm_fire_far_01.ogg does not exist, cannot add it to event squadmc:mortar_fire_3p_far_very
[25вер.2026 12:23:03.116] [Worker-Main-5/WARN] [net.minecraft.client.sounds.SoundManager/]: File squadmc:sounds/strykermortarsounds/mortar/3p_far_very/mortar_120mm_fire_far_02.ogg does not exist, cannot add it to event squadmc:mortar_fire_3p_far_very
[25вер.2026 12:23:03.117] [Worker-Main-5/WARN] [net.minecraft.client.sounds.SoundManager/]: File squadmc:sounds/strykermortarsounds/mortar/3p_far_very/mortar_120mm_fire_far_03.ogg does not exist, cannot add it to event squadmc:mortar_fire_3p_far_very
[25вер.2026 12:23:03.117] [Worker-Main-5/WARN] [net.minecraft.client.sounds.SoundManager/]: File squadmc:sounds/strykermortarsounds/mortar/3p_far_very/mortar_120mm_fire_far_04.ogg does not exist, cannot add it to event squadmc:mortar_fire_3p_far_very
[25вер.2026 12:23:03.117] [Worker-Main-5/WARN] [net.minecraft.client.sounds.SoundManager/]: File squadmc:sounds/strykermortarsounds/mortar/3p_far_very/mortar_120mm_fire_far_05.ogg does not exist, cannot add it to event squadmc:mortar_fire_3p_far_very
[25вер.2026 12:23:03.303] [Worker-Main-10/INFO] [com.atsuishio.superbwarfare.Mod/]: This Mod used to be made by MCreator!
[25вер.2026 12:23:03.362] [Forge Version Check/DEBUG] [net.minecraftforge.fml.VersionChecker/]: [forge] Received version check data:
{
  "homepage": "https://files.minecraftforge.net/net/minecraftforge/forge/",
  "promos": {
    "1.1-latest": "1.3.4.29",
    "1.2.3-latest": "1.4.1.64",
    "1.2.4-latest": "2.0.0.68",
    "1.2.5-latest": "3.4.9.171",
    "1.3.2-latest": "4.3.5.318",
    "1.4.0-latest": "5.0.0.326",
    "1.4.1-latest": "6.0.0.329",
    "1.4.2-latest": "6.0.1.355",
    "1.4.3-latest": "6.2.1.358",
    "1.4.4-latest": "6.3.0.378",
    "1.4.5-latest": "6.4.2.448",
    "1.4.6-latest": "6.5.0.489",
    "1.4.7-latest": "6.6.2.534",
    "1.5-latest": "7.7.0.598",
    "1.5.1-latest": "7.7.2.682",
    "1.5.2-latest": "7.8.1.738",
    "1.5.2-recommended": "7.8.1.738",
    "1.6.1-latest": "8.9.0.775",
    "1.6.2-latest": "9.10.1.871",
    "1.6.2-recommended": "9.10.1.871",
    "1.6.3-latest": "9.11.0.878",
    "1.6.4-latest": "9.11.1.1345",
    "1.6.4-recommended": "9.11.1.1345",
    "1.7.2-latest": "10.12.2.1161",
    "1.7.2-recommended": "10.12.2.1161",
    "1.7.10-latest": "10.13.4.1614",
    "1.7.10-recommended": "10.13.4.1614",
    "1.8-latest": "11.14.4.1577",
    "1.8-recommended": "11.14.4.1563",
    "1.8.8-latest": "11.15.0.1655",
    "1.8.9-latest": "11.15.1.2318",
    "1.8.9-recommended": "11.15.1.2318",
    "1.9-latest": "12.16.1.1938",
    "1.9-recommended": "12.16.1.1887",
    "1.9.4-latest": "12.17.0.2317",
    "1.9.4-recommended": "12.17.0.2317",
    "1.10-latest": "12.18.0.2000",
    "1.10.2-latest": "12.18.3.2511",
    "1.10.2-recommended": "12.18.3.2511",
    "1.11-latest": "13.19.1.2199",
    "1.11-recommended": "13.19.1.2189",
    "1.11.2-latest": "13.20.1.2588",
    "1.11.2-recommended": "13.20.1.2588",
    "1.12-latest": "14.21.1.2443",
    "1.12-recommended": "14.21.1.2387",
    "1.12.1-latest": "14.22.1.2485",
    "1.12.1-recommended": "14.22.1.2478",
    "1.12.2-latest": "14.23.5.2864",
    "1.12.2-recommended": "14.23.5.2859",
    "1.13.2-latest": "25.0.223",
    "1.14.2-latest": "26.0.63",
    "1.14.3-latest": "27.0.60",
    "1.14.4-latest": "28.2.30",
    "1.14.4-recommended": "28.2.26",
    "1.15-latest": "29.0.4",
    "1.15.1-latest": "30.0.51",
    "1.15.2-latest": "31.2.62",
    "1.15.2-recommended": "31.2.57",
    "1.16.1-latest": "32.0.108",
    "1.16.2-latest": "33.0.61",
    "1.16.3-latest": "34.1.42",
    "1.16.3-recommended": "34.1.0",
    "1.16.4-latest": "35.1.37",
    "1.16.4-recommended": "35.1.4",
    "1.16.5-latest": "36.2.42",
    "1.16.5-recommended": "36.2.34",
    "1.17.1-latest": "37.1.1",
    "1.17.1-recommended": "37.1.1",
    "1.18-latest": "38.0.17",
    "1.18.1-latest": "39.1.2",
    "1.18.1-recommended": "39.1.0",
    "1.18.2-recommended": "40.3.0",
    "1.18.2-latest": "40.3.12",
    "1.19-latest": "41.1.0",
    "1.19-recommended": "41.1.0",
    "1.19.1-latest": "42.0.9",
    "1.19.2-recommended": "43.5.0",
    "1.19.2-latest": "43.5.2",
    "1.19.3-latest": "44.1.23",
    "1.19.3-recommended": "44.1.0",
    "1.19.4-recommended": "45.4.0",
    "1.19.4-latest": "45.4.5",
    "1.20-latest": "46.0.14",
    "1.20.1-recommended": "47.4.10",
    "1.20.1-latest": "47.4.23",
    "1.20.2-latest": "48.1.0",
    "1.20.2-recommended": "48.1.0",
    "1.20.3-latest": "49.0.2",
    "1.20.4-latest": "49.2.8",
    "1.20.4-recommended": "49.2.0",
    "1.20.6-latest": "50.2.10",
    "1.20.6-recommended": "50.2.0",
    "1.21-latest": "51.0.33",
    "1.21.1-latest": "52.1.16",
    "1.21.1-recommended": "52.1.0",
    "1.21.3-latest": "53.1.12",
    "1.21.3-recommended": "53.1.0",
    "1.21.4-latest": "54.1.18",
    "1.21.4-recommended": "54.1.14",
    "1.21.5-latest": "55.1.14",
    "1.21.5-recommended": "55.1.0",
    "1.21.6-latest": "56.0.9",
    "1.21.7-latest": "57.0.3",
    "1.21.8-latest": "58.1.22",
    "1.21.8-recommended": "58.1.0",
    "1.21.9-latest": "59.0.5",
    "1.21.10-latest": "60.1.15",
    "1.21.10-recommended": "60.1.0",
    "1.21.11-latest": "61.2.1",
    "1.21.11-recommended": "61.2.0",
    "26.1-latest": "62.0.9",
    "26.1.1-latest": "63.0.2",
    "26.1.2-latest": "64.1.3",
    "26.1.2-recommended": "64.1.0",
    "26.2-latest": "65.1.3",
    "26.2-recommended": "65.1.0",
    "26.3-latest": "66.0.3"
  }
}
[25вер.2026 12:23:03.364] [Forge Version Check/INFO] [net.minecraftforge.fml.VersionChecker/]: [forge] Found status: OUTDATED Current: 47.2.0 Target: 47.4.10
[25вер.2026 12:23:03.411] [Render thread/DEBUG] [net.minecraftforge.fml.DeferredWorkQueue/LOADING]: Dispatching synchronous work for work queue COMMON_SETUP: 4 jobs
[25вер.2026 12:23:03.474] [Render thread/DEBUG] [net.minecraftforge.fml.DeferredWorkQueue/LOADING]: Synchronous work queue completed in 62.66 ms
[25вер.2026 12:23:03.795] [Worker-Main-6/WARN] [net.minecraft.client.renderer.texture.SpriteLoader/]: Texture squadmc:item/at4 with size 300x300 limits mip level from 4 to 2
[25вер.2026 12:23:03.864] [Render thread/DEBUG] [net.minecraftforge.fml.DeferredWorkQueue/LOADING]: Dispatching synchronous work for work queue SIDED_SETUP: 5 jobs
[25вер.2026 12:23:03.906] [Render thread/DEBUG] [net.minecraftforge.fml.DeferredWorkQueue/LOADING]: Synchronous work queue completed in 41.86 ms
[25вер.2026 12:23:04.315] [Worker-Main-5/WARN] [net.minecraft.client.resources.model.ModelBakery/]: Unable to load model: 'squadmc:btr80_icon#inventory' referenced from: squadmc:btr80_icon#inventory: java.io.FileNotFoundException: squadmc:models/item/btr80_icon.json
[25вер.2026 12:23:04.315] [Worker-Main-5/WARN] [net.minecraft.client.resources.model.ModelBakery/]: Unable to load model: 'squadmc:btr82_icon#inventory' referenced from: squadmc:btr82_icon#inventory: java.io.FileNotFoundException: squadmc:models/item/btr82_icon.json
[25вер.2026 12:23:04.315] [Worker-Main-5/WARN] [net.minecraft.client.resources.model.ModelBakery/]: Unable to load model: 'squadmc:at4_used#inventory' referenced from: squadmc:at4_used#inventory: java.io.FileNotFoundException: squadmc:models/item/at4_used.json
[25вер.2026 12:23:04.899] [Worker-Main-5/WARN] [net.minecraft.client.resources.model.ModelManager/]: Missing textures in model squadmc:at4#inventory:
    minecraft:textures/atlas/blocks.png:squadmc:item/fcl_at4_icon
[25вер.2026 12:23:04.972] [Render thread/DEBUG] [net.minecraftforge.fml.DeferredWorkQueue/LOADING]: Dispatching synchronous work for work queue ENQUEUE_IMC: 1 jobs
[25вер.2026 12:23:04.973] [Render thread/DEBUG] [net.minecraftforge.fml.DeferredWorkQueue/LOADING]: Synchronous work queue completed in 249.1 μs
[25вер.2026 12:23:05.043] [modloading-worker-0/DEBUG] [net.minecraftforge.registries.GameData/REGISTRIES]: Freezing registries
[25вер.2026 12:23:05.044] [modloading-worker-0/DEBUG] [net.minecraftforge.registries.ForgeRegistry/REGISTRIES]: Registry minecraft:block Sync: FROZEN -> ACTIVE
[25вер.2026 12:23:05.052] [modloading-worker-0/DEBUG] [net.minecraftforge.registries.ForgeRegistry/REGISTRIES]: Registry minecraft:fluid Sync: FROZEN -> ACTIVE
[25вер.2026 12:23:05.052] [modloading-worker-0/DEBUG] [net.minecraftforge.registries.ForgeRegistry/REGISTRIES]: Registry minecraft:item Sync: FROZEN -> ACTIVE
[25вер.2026 12:23:05.060] [modloading-worker-0/DEBUG] [net.minecraftforge.registries.ForgeRegistry/REGISTRIES]: Registry minecraft:mob_effect Sync: FROZEN -> ACTIVE
[25вер.2026 12:23:05.061] [modloading-worker-0/DEBUG] [net.minecraftforge.registries.ForgeRegistry/REGISTRIES]: Registry minecraft:sound_event Sync: FROZEN -> ACTIVE
[25вер.2026 12:23:05.067] [modloading-worker-0/DEBUG] [net.minecraftforge.registries.ForgeRegistry/REGISTRIES]: Registry minecraft:potion Sync: FROZEN -> ACTIVE
[25вер.2026 12:23:05.068] [modloading-worker-0/DEBUG] [net.minecraftforge.registries.ForgeRegistry/REGISTRIES]: Registry minecraft:enchantment Sync: FROZEN -> ACTIVE
[25вер.2026 12:23:05.068] [modloading-worker-0/DEBUG] [net.minecraftforge.registries.ForgeRegistry/REGISTRIES]: Registry minecraft:entity_type Sync: FROZEN -> ACTIVE
[25вер.2026 12:23:05.069] [modloading-worker-0/DEBUG] [net.minecraftforge.registries.ForgeRegistry/REGISTRIES]: Registry minecraft:block_entity_type Sync: FROZEN -> ACTIVE
[25вер.2026 12:23:05.069] [modloading-worker-0/DEBUG] [net.minecraftforge.registries.ForgeRegistry/REGISTRIES]: Registry minecraft:particle_type Sync: FROZEN -> ACTIVE
[25вер.2026 12:23:05.070] [modloading-worker-0/DEBUG] [net.minecraftforge.registries.ForgeRegistry/REGISTRIES]: Registry minecraft:menu Sync: FROZEN -> ACTIVE
[25вер.2026 12:23:05.070] [modloading-worker-0/DEBUG] [net.minecraftforge.registries.ForgeRegistry/REGISTRIES]: Registry minecraft:painting_variant Sync: FROZEN -> ACTIVE
[25вер.2026 12:23:05.070] [modloading-worker-0/DEBUG] [net.minecraftforge.registries.ForgeRegistry/REGISTRIES]: Registry minecraft:recipe_type Sync: FROZEN -> ACTIVE
[25вер.2026 12:23:05.070] [modloading-worker-0/DEBUG] [net.minecraftforge.registries.ForgeRegistry/REGISTRIES]: Registry minecraft:recipe_serializer Sync: FROZEN -> ACTIVE
[25вер.2026 12:23:05.071] [modloading-worker-0/DEBUG] [net.minecraftforge.registries.ForgeRegistry/REGISTRIES]: Registry minecraft:attribute Sync: FROZEN -> ACTIVE
[25вер.2026 12:23:05.071] [modloading-worker-0/DEBUG] [net.minecraftforge.registries.ForgeRegistry/REGISTRIES]: Registry minecraft:stat_type Sync: FROZEN -> ACTIVE
[25вер.2026 12:23:05.071] [modloading-worker-0/DEBUG] [net.minecraftforge.registries.ForgeRegistry/REGISTRIES]: Registry minecraft:command_argument_type Sync: FROZEN -> ACTIVE
[25вер.2026 12:23:05.071] [modloading-worker-0/DEBUG] [net.minecraftforge.registries.ForgeRegistry/REGISTRIES]: Registry minecraft:villager_profession Sync: FROZEN -> ACTIVE
[25вер.2026 12:23:05.071] [modloading-worker-0/DEBUG] [net.minecraftforge.registries.ForgeRegistry/REGISTRIES]: Registry minecraft:point_of_interest_type Sync: FROZEN -> ACTIVE
[25вер.2026 12:23:05.072] [modloading-worker-0/DEBUG] [net.minecraftforge.registries.ForgeRegistry/REGISTRIES]: Registry minecraft:memory_module_type Sync: FROZEN -> ACTIVE
[25вер.2026 12:23:05.073] [modloading-worker-0/DEBUG] [net.minecraftforge.registries.ForgeRegistry/REGISTRIES]: Registry minecraft:sensor_type Sync: FROZEN -> ACTIVE
[25вер.2026 12:23:05.073] [modloading-worker-0/DEBUG] [net.minecraftforge.registries.ForgeRegistry/REGISTRIES]: Registry minecraft:schedule Sync: FROZEN -> ACTIVE
[25вер.2026 12:23:05.073] [modloading-worker-0/DEBUG] [net.minecraftforge.registries.ForgeRegistry/REGISTRIES]: Registry minecraft:activity Sync: FROZEN -> ACTIVE
[25вер.2026 12:23:05.073] [modloading-worker-0/DEBUG] [net.minecraftforge.registries.ForgeRegistry/REGISTRIES]: Registry minecraft:worldgen/carver Sync: FROZEN -> ACTIVE
[25вер.2026 12:23:05.073] [modloading-worker-0/DEBUG] [net.minecraftforge.registries.ForgeRegistry/REGISTRIES]: Registry minecraft:worldgen/feature Sync: FROZEN -> ACTIVE
[25вер.2026 12:23:05.073] [modloading-worker-0/DEBUG] [net.minecraftforge.registries.ForgeRegistry/REGISTRIES]: Registry minecraft:chunk_status Sync: FROZEN -> ACTIVE
[25вер.2026 12:23:05.074] [modloading-worker-0/DEBUG] [net.minecraftforge.registries.ForgeRegistry/REGISTRIES]: Registry minecraft:worldgen/block_state_provider_type Sync: FROZEN -> ACTIVE
[25вер.2026 12:23:05.074] [modloading-worker-0/DEBUG] [net.minecraftforge.registries.ForgeRegistry/REGISTRIES]: Registry minecraft:worldgen/foliage_placer_type Sync: FROZEN -> ACTIVE
[25вер.2026 12:23:05.074] [modloading-worker-0/DEBUG] [net.minecraftforge.registries.ForgeRegistry/REGISTRIES]: Registry minecraft:worldgen/tree_decorator_type Sync: FROZEN -> ACTIVE
[25вер.2026 12:23:05.074] [modloading-worker-0/DEBUG] [net.minecraftforge.registries.ForgeRegistry/REGISTRIES]: Registry minecraft:worldgen/biome Sync: FROZEN -> ACTIVE
[25вер.2026 12:23:05.074] [modloading-worker-0/DEBUG] [net.minecraftforge.registries.ForgeRegistry/REGISTRIES]: Registry forge:entity_data_serializers Sync: FROZEN -> ACTIVE
[25вер.2026 12:23:05.074] [modloading-worker-0/DEBUG] [net.minecraftforge.registries.ForgeRegistry/REGISTRIES]: Registry forge:global_loot_modifier_serializers Sync: FROZEN -> ACTIVE
[25вер.2026 12:23:05.074] [modloading-worker-0/DEBUG] [net.minecraftforge.registries.ForgeRegistry/REGISTRIES]: Registry forge:biome_modifier_serializers Sync: FROZEN -> ACTIVE
[25вер.2026 12:23:05.074] [modloading-worker-0/DEBUG] [net.minecraftforge.registries.ForgeRegistry/REGISTRIES]: Registry forge:fluid_type Sync: FROZEN -> ACTIVE
[25вер.2026 12:23:05.074] [modloading-worker-0/DEBUG] [net.minecraftforge.registries.ForgeRegistry/REGISTRIES]: Registry forge:structure_modifier_serializers Sync: FROZEN -> ACTIVE
[25вер.2026 12:23:05.074] [modloading-worker-0/DEBUG] [net.minecraftforge.registries.ForgeRegistry/REGISTRIES]: Registry forge:holder_set_type Sync: FROZEN -> ACTIVE
[25вер.2026 12:23:05.074] [modloading-worker-0/DEBUG] [net.minecraftforge.registries.ForgeRegistry/REGISTRIES]: Registry forge:display_contexts Sync: FROZEN -> ACTIVE
[25вер.2026 12:23:05.074] [modloading-worker-0/DEBUG] [net.minecraftforge.registries.ForgeRegistry/REGISTRIES]: Registry superbwarfare:perk Sync: FROZEN -> ACTIVE
[25вер.2026 12:23:05.673] [modloading-worker-0/DEBUG] [net.minecraftforge.registries.GameData/REGISTRIES]: All registries frozen
[25вер.2026 12:23:05.716] [Render thread/DEBUG] [net.minecraftforge.common.ForgeI18n/CORE]: Loading I18N data entries: 7531
[25вер.2026 12:23:05.736] [Render thread/WARN] [net.minecraft.client.sounds.SoundEngine/]: Missing sound for event: minecraft:item.goat_horn.play
[25вер.2026 12:23:05.736] [Render thread/WARN] [net.minecraft.client.sounds.SoundEngine/]: Missing sound for event: minecraft:entity.goat.screaming.horn_break
[25вер.2026 12:23:05.737] [Render thread/WARN] [net.minecraft.client.sounds.SoundEngine/]: Missing sound for event: squadmc:bmp2_cannon_fire_1p
[25вер.2026 12:23:05.766] [Render thread/INFO] [com.mojang.blaze3d.audio.Library/]: OpenAL initialized on device OpenAL Soft on Динамики (AB13X USB Audio)
[25вер.2026 12:23:05.766] [Render thread/INFO] [net.minecraft.client.sounds.SoundEngine/SOUNDS]: Sound engine started
[25вер.2026 12:23:05.874] [Render thread/INFO] [net.minecraft.client.renderer.texture.TextureAtlas/]: Created: 8192x4096x4 minecraft:textures/atlas/blocks.png-atlas
[25вер.2026 12:23:05.941] [Render thread/INFO] [net.minecraft.client.renderer.texture.TextureAtlas/]: Created: 256x256x4 minecraft:textures/atlas/signs.png-atlas
[25вер.2026 12:23:05.941] [Render thread/INFO] [net.minecraft.client.renderer.texture.TextureAtlas/]: Created: 512x512x4 minecraft:textures/atlas/banner_patterns.png-atlas
[25вер.2026 12:23:05.942] [Render thread/INFO] [net.minecraft.client.renderer.texture.TextureAtlas/]: Created: 512x512x4 minecraft:textures/atlas/shield_patterns.png-atlas
[25вер.2026 12:23:05.942] [Render thread/INFO] [net.minecraft.client.renderer.texture.TextureAtlas/]: Created: 1024x1024x4 minecraft:textures/atlas/armor_trims.png-atlas
[25вер.2026 12:23:05.946] [Render thread/INFO] [net.minecraft.client.renderer.texture.TextureAtlas/]: Created: 256x256x4 minecraft:textures/atlas/chest.png-atlas
[25вер.2026 12:23:05.946] [Render thread/INFO] [net.minecraft.client.renderer.texture.TextureAtlas/]: Created: 128x64x4 minecraft:textures/atlas/decorated_pot.png-atlas
[25вер.2026 12:23:05.946] [Render thread/INFO] [net.minecraft.client.renderer.texture.TextureAtlas/]: Created: 512x256x4 minecraft:textures/atlas/beds.png-atlas
[25вер.2026 12:23:05.946] [Render thread/INFO] [net.minecraft.client.renderer.texture.TextureAtlas/]: Created: 512x256x4 minecraft:textures/atlas/shulker_boxes.png-atlas
[25вер.2026 12:23:05.953] [Render thread/DEBUG] [mixin/]: Mixing PlayerModelMixin from mixins.superbwarfare.json into net.minecraft.client.model.PlayerModel
[25вер.2026 12:23:06.050] [Render thread/DEBUG] [mixin/]: Mixing PlayerItemInHandLayerMixin from mixins.superbwarfare.json into net.minecraft.client.renderer.entity.layers.PlayerItemInHandLayer
[25вер.2026 12:23:06.086] [Render thread/WARN] [net.minecraft.client.renderer.ShaderInstance/]: Shader rendertype_entity_translucent_emissive could not find sampler named Sampler2 in the specified shader program.
[25вер.2026 12:23:06.132] [Render thread/INFO] [net.minecraft.client.renderer.texture.TextureAtlas/]: Created: 1024x1024x0 minecraft:textures/atlas/particles.png-atlas
[25вер.2026 12:23:06.134] [Render thread/INFO] [net.minecraft.client.renderer.texture.TextureAtlas/]: Created: 256x256x0 minecraft:textures/atlas/paintings.png-atlas
[25вер.2026 12:23:06.134] [Render thread/INFO] [net.minecraft.client.renderer.texture.TextureAtlas/]: Created: 256x128x0 minecraft:textures/atlas/mob_effects.png-atlas
[25вер.2026 12:23:06.404] [Realms Notification Availability checker #1/INFO] [com.mojang.realmsclient.client.RealmsClient/]: Could not authorize you against Realms server: java.lang.RuntimeException: Failed to parse into SignedJWT: 0
[25вер.2026 12:23:10.748] [Render thread/INFO] [net.minecraftforge.registries.GameData/REGISTRIES]: Injecting existing registry data into this CLIENT instance
[25вер.2026 12:23:10.763] [Render thread/DEBUG] [net.minecraftforge.registries.ForgeRegistry/REGISTRIES]: Registry minecraft:entity_type: Fixed minecraft:entity_type id mismatch squadmc:bmd4: 203 (init) -> 200 (map).
[25вер.2026 12:23:10.763] [Render thread/DEBUG] [net.minecraftforge.registries.ForgeRegistry/REGISTRIES]: Registry minecraft:entity_type: Fixed minecraft:entity_type id mismatch squadmc:bmp1: 205 (init) -> 202 (map).
[25вер.2026 12:23:10.763] [Render thread/DEBUG] [net.minecraftforge.registries.ForgeRegistry/REGISTRIES]: Registry minecraft:entity_type: Fixed minecraft:entity_type id mismatch squadmc:bmp2: 197 (init) -> 195 (map).
[25вер.2026 12:23:10.763] [Render thread/DEBUG] [net.minecraftforge.registries.ForgeRegistry/REGISTRIES]: Registry minecraft:entity_type: Fixed minecraft:entity_type id mismatch squadmc:bradley: 201 (init) -> 198 (map).
[25вер.2026 12:23:10.763] [Render thread/DEBUG] [net.minecraftforge.registries.ForgeRegistry/REGISTRIES]: Registry minecraft:entity_type: Fixed minecraft:entity_type id mismatch squadmc:bradley_sand: 231 (init) -> 224 (map).
[25вер.2026 12:23:10.763] [Render thread/DEBUG] [net.minecraftforge.registries.ForgeRegistry/REGISTRIES]: Registry minecraft:entity_type: Fixed minecraft:entity_type id mismatch squadmc:brdm2: 234 (init) -> 226 (map).
[25вер.2026 12:23:10.763] [Render thread/DEBUG] [net.minecraftforge.registries.ForgeRegistry/REGISTRIES]: Registry minecraft:entity_type: Fixed minecraft:entity_type id mismatch squadmc:btr80: 196 (init) -> 194 (map).
[25вер.2026 12:23:10.763] [Render thread/DEBUG] [net.minecraftforge.registries.ForgeRegistry/REGISTRIES]: Registry minecraft:entity_type: Fixed minecraft:entity_type id mismatch squadmc:btr82: 193 (init) -> 192 (map).
[25вер.2026 12:23:10.764] [Render thread/DEBUG] [net.minecraftforge.registries.ForgeRegistry/REGISTRIES]: Registry minecraft:entity_type: Fixed minecraft:entity_type id mismatch squadmc:emplags17: 236 (init) -> 229 (map).
[25вер.2026 12:23:10.764] [Render thread/DEBUG] [net.minecraftforge.registries.ForgeRegistry/REGISTRIES]: Registry minecraft:entity_type: Fixed minecraft:entity_type id mismatch squadmc:empltow: 238 (init) -> 231 (map).
[25вер.2026 12:23:10.764] [Render thread/DEBUG] [net.minecraftforge.registries.ForgeRegistry/REGISTRIES]: Registry minecraft:entity_type: Fixed minecraft:entity_type id mismatch squadmc:emplzis3: 237 (init) -> 230 (map).
[25вер.2026 12:23:10.764] [Render thread/DEBUG] [net.minecraftforge.registries.ForgeRegistry/REGISTRIES]: Registry minecraft:entity_type: Fixed minecraft:entity_type id mismatch squadmc:fenek: 199 (init) -> 236 (map).
[25вер.2026 12:23:10.764] [Render thread/DEBUG] [net.minecraftforge.registries.ForgeRegistry/REGISTRIES]: Registry minecraft:entity_type: Fixed minecraft:entity_type id mismatch squadmc:fmtv: 226 (init) -> 219 (map).
[25вер.2026 12:23:10.764] [Render thread/DEBUG] [net.minecraftforge.registries.ForgeRegistry/REGISTRIES]: Registry minecraft:entity_type: Fixed minecraft:entity_type id mismatch squadmc:fmtv_green: 227 (init) -> 232 (map).
[25вер.2026 12:23:10.764] [Render thread/DEBUG] [net.minecraftforge.registries.ForgeRegistry/REGISTRIES]: Registry minecraft:entity_type: Fixed minecraft:entity_type id mismatch squadmc:gaz_tigr: 212 (init) -> 208 (map).
[25вер.2026 12:23:10.764] [Render thread/DEBUG] [net.minecraftforge.registries.ForgeRegistry/REGISTRIES]: Registry minecraft:entity_type: Fixed minecraft:entity_type id mismatch squadmc:gaz_tigr_mg: 213 (init) -> 209 (map).
[25вер.2026 12:23:10.764] [Render thread/DEBUG] [net.minecraftforge.registries.ForgeRegistry/REGISTRIES]: Registry minecraft:entity_type: Fixed minecraft:entity_type id mismatch squadmc:gaz_tigr_rws: 214 (init) -> 210 (map).
[25вер.2026 12:23:10.764] [Render thread/DEBUG] [net.minecraftforge.registries.ForgeRegistry/REGISTRIES]: Registry minecraft:entity_type: Fixed minecraft:entity_type id mismatch squadmc:grad: 222 (init) -> 216 (map).
[25вер.2026 12:23:10.764] [Render thread/DEBUG] [net.minecraftforge.registries.ForgeRegistry/REGISTRIES]: Registry minecraft:entity_type: Fixed minecraft:entity_type id mismatch squadmc:humvee: 208 (init) -> 205 (map).
[25вер.2026 12:23:10.764] [Render thread/DEBUG] [net.minecraftforge.registries.ForgeRegistry/REGISTRIES]: Registry minecraft:entity_type: Fixed minecraft:entity_type id mismatch squadmc:humvee_m2: 211 (init) -> 207 (map).
[25вер.2026 12:23:10.764] [Render thread/DEBUG] [net.minecraftforge.registries.ForgeRegistry/REGISTRIES]: Registry minecraft:entity_type: Fixed minecraft:entity_type id mismatch squadmc:humvee_tow: 210 (init) -> 206 (map).
[25вер.2026 12:23:10.764] [Render thread/DEBUG] [net.minecraftforge.registries.ForgeRegistry/REGISTRIES]: Registry minecraft:entity_type: Fixed minecraft:entity_type id mismatch squadmc:konkurs_dummy: 198 (init) -> 196 (map).
[25вер.2026 12:23:10.764] [Render thread/DEBUG] [net.minecraftforge.registries.ForgeRegistry/REGISTRIES]: Registry minecraft:entity_type: Fixed minecraft:entity_type id mismatch squadmc:lav25: 200 (init) -> 197 (map).
[25вер.2026 12:23:10.764] [Render thread/DEBUG] [net.minecraftforge.registries.ForgeRegistry/REGISTRIES]: Registry minecraft:entity_type: Fixed minecraft:entity_type id mismatch squadmc:leopard_2a7v: 220 (init) -> 233 (map).
[25вер.2026 12:23:10.764] [Render thread/DEBUG] [net.minecraftforge.registries.ForgeRegistry/REGISTRIES]: Registry minecraft:entity_type: Fixed minecraft:entity_type id mismatch squadmc:m1a2: 219 (init) -> 214 (map).
[25вер.2026 12:23:10.764] [Render thread/DEBUG] [net.minecraftforge.registries.ForgeRegistry/REGISTRIES]: Registry minecraft:entity_type: Fixed minecraft:entity_type id mismatch squadmc:m1a2_sand: 230 (init) -> 223 (map).
[25вер.2026 12:23:10.764] [Render thread/DEBUG] [net.minecraftforge.registries.ForgeRegistry/REGISTRIES]: Registry minecraft:entity_type: Fixed minecraft:entity_type id mismatch squadmc:m2empl: 235 (init) -> 228 (map).
[25вер.2026 12:23:10.764] [Render thread/DEBUG] [net.minecraftforge.registries.ForgeRegistry/REGISTRIES]: Registry minecraft:entity_type: Fixed minecraft:entity_type id mismatch squadmc:malyutka: 206 (init) -> 204 (map).
[25вер.2026 12:23:10.764] [Render thread/DEBUG] [net.minecraftforge.registries.ForgeRegistry/REGISTRIES]: Registry minecraft:entity_type: Fixed minecraft:entity_type id mismatch squadmc:motorboat: 223 (init) -> 217 (map).
[25вер.2026 12:23:10.764] [Render thread/DEBUG] [net.minecraftforge.registries.ForgeRegistry/REGISTRIES]: Registry minecraft:entity_type: Fixed minecraft:entity_type id mismatch squadmc:motuo: 224 (init) -> 218 (map).
[25вер.2026 12:23:10.764] [Render thread/DEBUG] [net.minecraftforge.registries.ForgeRegistry/REGISTRIES]: Registry minecraft:entity_type: Fixed minecraft:entity_type id mismatch squadmc:mtlb: 233 (init) -> 225 (map).
[25вер.2026 12:23:10.764] [Render thread/DEBUG] [net.minecraftforge.registries.ForgeRegistry/REGISTRIES]: Registry minecraft:entity_type: Fixed minecraft:entity_type id mismatch squadmc:puma: 232 (init) -> 234 (map).
[25вер.2026 12:23:10.764] [Render thread/DEBUG] [net.minecraftforge.registries.ForgeRegistry/REGISTRIES]: Registry minecraft:entity_type: Fixed minecraft:entity_type id mismatch squadmc:spike_missile: 192 (init) -> 237 (map).
[25вер.2026 12:23:10.764] [Render thread/DEBUG] [net.minecraftforge.registries.ForgeRegistry/REGISTRIES]: Registry minecraft:entity_type: Fixed minecraft:entity_type id mismatch squadmc:sprut: 221 (init) -> 215 (map).
[25вер.2026 12:23:10.764] [Render thread/DEBUG] [net.minecraftforge.registries.ForgeRegistry/REGISTRIES]: Registry minecraft:entity_type: Fixed minecraft:entity_type id mismatch squadmc:stryker_m2: 229 (init) -> 222 (map).
[25вер.2026 12:23:10.764] [Render thread/DEBUG] [net.minecraftforge.registries.ForgeRegistry/REGISTRIES]: Registry minecraft:entity_type: Fixed minecraft:entity_type id mismatch squadmc:stryker_mortar: 228 (init) -> 221 (map).
[25вер.2026 12:23:10.764] [Render thread/DEBUG] [net.minecraftforge.registries.ForgeRegistry/REGISTRIES]: Registry minecraft:entity_type: Fixed minecraft:entity_type id mismatch squadmc:t64: 209 (init) -> 235 (map).
[25вер.2026 12:23:10.764] [Render thread/DEBUG] [net.minecraftforge.registries.ForgeRegistry/REGISTRIES]: Registry minecraft:entity_type: Fixed minecraft:entity_type id mismatch squadmc:t72av: 204 (init) -> 201 (map).
[25вер.2026 12:23:10.764] [Render thread/DEBUG] [net.minecraftforge.registries.ForgeRegistry/REGISTRIES]: Registry minecraft:entity_type: Fixed minecraft:entity_type id mismatch squadmc:t80: 207 (init) -> 203 (map).
[25вер.2026 12:23:10.764] [Render thread/DEBUG] [net.minecraftforge.registries.ForgeRegistry/REGISTRIES]: Registry minecraft:entity_type: Fixed minecraft:entity_type id mismatch squadmc:tda_dummy: 194 (init) -> 193 (map).
[25вер.2026 12:23:10.764] [Render thread/DEBUG] [net.minecraftforge.registries.ForgeRegistry/REGISTRIES]: Registry minecraft:entity_type: Fixed minecraft:entity_type id mismatch squadmc:tow_dummy: 202 (init) -> 199 (map).
[25вер.2026 12:23:10.764] [Render thread/DEBUG] [net.minecraftforge.registries.ForgeRegistry/REGISTRIES]: Registry minecraft:entity_type: Fixed minecraft:entity_type id mismatch squadmc:toyota: 215 (init) -> 211 (map).
[25вер.2026 12:23:10.764] [Render thread/DEBUG] [net.minecraftforge.registries.ForgeRegistry/REGISTRIES]: Registry minecraft:entity_type: Fixed minecraft:entity_type id mismatch squadmc:toyota_hilux_zu23: 216 (init) -> 227 (map).
[25вер.2026 12:23:10.764] [Render thread/DEBUG] [net.minecraftforge.registries.ForgeRegistry/REGISTRIES]: Registry minecraft:entity_type: Fixed minecraft:entity_type id mismatch squadmc:uaz: 217 (init) -> 212 (map).
[25вер.2026 12:23:10.764] [Render thread/DEBUG] [net.minecraftforge.registries.ForgeRegistry/REGISTRIES]: Registry minecraft:entity_type: Fixed minecraft:entity_type id mismatch squadmc:uaz_dshka: 218 (init) -> 213 (map).
[25вер.2026 12:23:10.765] [Render thread/DEBUG] [net.minecraftforge.registries.ForgeRegistry/REGISTRIES]: Registry minecraft:entity_type: Fixed minecraft:entity_type id mismatch squadmc:ural_green: 225 (init) -> 220 (map).
[25вер.2026 12:23:10.765] [Render thread/DEBUG] [net.minecraftforge.registries.ForgeRegistry/REGISTRIES]: Registry minecraft:entity_type: Fixed minecraft:entity_type id mismatch squadmc:vehicle_smoke_cloud: 195 (init) -> 238 (map).
[25вер.2026 12:23:10.778] [Render thread/DEBUG] [net.minecraftforge.registries.ForgeRegistry/REGISTRIES]: Registry minecraft:sound_event: Fixed minecraft:sound_event id mismatch squadmc:120mm_fire_1p: 1624 (init) -> 1628 (map).
[25вер.2026 12:23:10.779] [Render thread/DEBUG] [net.minecraftforge.registries.ForgeRegistry/REGISTRIES]: Registry minecraft:sound_event: Fixed minecraft:sound_event id mismatch squadmc:120mm_fire_3p: 1625 (init) -> 1629 (map).
[25вер.2026 12:23:10.779] [Render thread/DEBUG] [net.minecraftforge.registries.ForgeRegistry/REGISTRIES]: Registry minecraft:sound_event: Fixed minecraft:sound_event id mismatch squadmc:120mm_fire_3p_far: 1626 (init) -> 1630 (map).
[25вер.2026 12:23:10.779] [Render thread/DEBUG] [net.minecraftforge.registries.ForgeRegistry/REGISTRIES]: Registry minecraft:sound_event: Fixed minecraft:sound_event id mismatch squadmc:120mm_fire_3p_far_very: 1627 (init) -> 1631 (map).
[25вер.2026 12:23:10.779] [Render thread/DEBUG] [net.minecraftforge.registries.ForgeRegistry/REGISTRIES]: Registry minecraft:sound_event: Fixed minecraft:sound_event id mismatch squadmc:at3_fire_1p: 1636 (init) -> 1642 (map).
[25вер.2026 12:23:10.779] [Render thread/DEBUG] [net.minecraftforge.registries.ForgeRegistry/REGISTRIES]: Registry minecraft:sound_event: Fixed minecraft:sound_event id mismatch squadmc:at3_fire_3p: 1637 (init) -> 1643 (map).
[25вер.2026 12:23:10.779] [Render thread/DEBUG] [net.minecraftforge.registries.ForgeRegistry/REGISTRIES]: Registry minecraft:sound_event: Fixed minecraft:sound_event id mismatch squadmc:at3_reload: 1638 (init) -> 1644 (map).
[25вер.2026 12:23:10.779] [Render thread/DEBUG] [net.minecraftforge.registries.ForgeRegistry/REGISTRIES]: Registry minecraft:sound_event: Fixed minecraft:sound_event id mismatch squadmc:bmd4_engine_idle_1p: 1620 (init) -> 1624 (map).
[25вер.2026 12:23:10.779] [Render thread/DEBUG] [net.minecraftforge.registries.ForgeRegistry/REGISTRIES]: Registry minecraft:sound_event: Fixed minecraft:sound_event id mismatch squadmc:bmd4_engine_idle_3p: 1621 (init) -> 1625 (map).
[25вер.2026 12:23:10.779] [Render thread/DEBUG] [net.minecraftforge.registries.ForgeRegistry/REGISTRIES]: Registry minecraft:sound_event: Fixed minecraft:sound_event id mismatch squadmc:bmd4_engine_running_1p: 1622 (init) -> 1626 (map).
[25вер.2026 12:23:10.779] [Render thread/DEBUG] [net.minecraftforge.registries.ForgeRegistry/REGISTRIES]: Registry minecraft:sound_event: Fixed minecraft:sound_event id mismatch squadmc:bmd4_engine_running_3p: 1623 (init) -> 1627 (map).
[25вер.2026 12:23:10.779] [Render thread/DEBUG] [net.minecraftforge.registries.ForgeRegistry/REGISTRIES]: Registry minecraft:sound_event: Fixed minecraft:sound_event id mismatch squadmc:bmp1_engine_idle_1p: 1632 (init) -> 1638 (map).
[25вер.2026 12:23:10.779] [Render thread/DEBUG] [net.minecraftforge.registries.ForgeRegistry/REGISTRIES]: Registry minecraft:sound_event: Fixed minecraft:sound_event id mismatch squadmc:bmp1_engine_idle_3p: 1633 (init) -> 1639 (map).
[25вер.2026 12:23:10.779] [Render thread/DEBUG] [net.minecraftforge.registries.ForgeRegistry/REGISTRIES]: Registry minecraft:sound_event: Fixed minecraft:sound_event id mismatch squadmc:bmp1_engine_running_1p: 1635 (init) -> 1641 (map).
[25вер.2026 12:23:10.779] [Render thread/DEBUG] [net.minecraftforge.registries.ForgeRegistry/REGISTRIES]: Registry minecraft:sound_event: Fixed minecraft:sound_event id mismatch squadmc:bmp1_engine_running_3p: 1634 (init) -> 1640 (map).
[25вер.2026 12:23:10.779] [Render thread/DEBUG] [net.minecraftforge.registries.ForgeRegistry/REGISTRIES]: Registry minecraft:sound_event: Fixed minecraft:sound_event id mismatch squadmc:bmp1_fire_1p: 1639 (init) -> 1645 (map).
[25вер.2026 12:23:10.779] [Render thread/DEBUG] [net.minecraftforge.registries.ForgeRegistry/REGISTRIES]: Registry minecraft:sound_event: Fixed minecraft:sound_event id mismatch squadmc:bmp1_fire_3p: 1640 (init) -> 1646 (map).
[25вер.2026 12:23:10.779] [Render thread/DEBUG] [net.minecraftforge.registries.ForgeRegistry/REGISTRIES]: Registry minecraft:sound_event: Fixed minecraft:sound_event id mismatch squadmc:bmp1_fire_3p_far: 1641 (init) -> 1647 (map).
[25вер.2026 12:23:10.779] [Render thread/DEBUG] [net.minecraftforge.registries.ForgeRegistry/REGISTRIES]: Registry minecraft:sound_event: Fixed minecraft:sound_event id mismatch squadmc:bmp1_fire_3p_far_very: 1642 (init) -> 1648 (map).
[25вер.2026 12:23:10.779] [Render thread/DEBUG] [net.minecraftforge.registries.ForgeRegistry/REGISTRIES]: Registry minecraft:sound_event: Fixed minecraft:sound_event id mismatch squadmc:btr82_smoke_explode: 1657 (init) -> 1623 (map).
[25вер.2026 12:23:10.779] [Render thread/DEBUG] [net.minecraftforge.registries.ForgeRegistry/REGISTRIES]: Registry minecraft:sound_event: Fixed minecraft:sound_event id mismatch squadmc:btr82_smoke_launch: 1656 (init) -> 1622 (map).
[25вер.2026 12:23:10.779] [Render thread/DEBUG] [net.minecraftforge.registries.ForgeRegistry/REGISTRIES]: Registry minecraft:sound_event: Fixed minecraft:sound_event id mismatch squadmc:empty: 1650 (init) -> 1620 (map).
[25вер.2026 12:23:10.779] [Render thread/DEBUG] [net.minecraftforge.registries.ForgeRegistry/REGISTRIES]: Registry minecraft:sound_event: Fixed minecraft:sound_event id mismatch squadmc:humvee_idle_1p: 1645 (init) -> 1649 (map).
[25вер.2026 12:23:10.779] [Render thread/DEBUG] [net.minecraftforge.registries.ForgeRegistry/REGISTRIES]: Registry minecraft:sound_event: Fixed minecraft:sound_event id mismatch squadmc:humvee_idle_3p: 1646 (init) -> 1650 (map).
[25вер.2026 12:23:10.779] [Render thread/DEBUG] [net.minecraftforge.registries.ForgeRegistry/REGISTRIES]: Registry minecraft:sound_event: Fixed minecraft:sound_event id mismatch squadmc:humvee_running_1p_3p: 1647 (init) -> 1651 (map).
[25вер.2026 12:23:10.779] [Render thread/DEBUG] [net.minecraftforge.registries.ForgeRegistry/REGISTRIES]: Registry minecraft:sound_event: Fixed minecraft:sound_event id mismatch squadmc:m1a2_idle_1p: 1652 (init) -> 1654 (map).
[25вер.2026 12:23:10.779] [Render thread/DEBUG] [net.minecraftforge.registries.ForgeRegistry/REGISTRIES]: Registry minecraft:sound_event: Fixed minecraft:sound_event id mismatch squadmc:m1a2_idle_3p: 1653 (init) -> 1655 (map).
[25вер.2026 12:23:10.779] [Render thread/DEBUG] [net.minecraftforge.registries.ForgeRegistry/REGISTRIES]: Registry minecraft:sound_event: Fixed minecraft:sound_event id mismatch squadmc:m1a2_running_1p: 1655 (init) -> 1657 (map).
[25вер.2026 12:23:10.779] [Render thread/DEBUG] [net.minecraftforge.registries.ForgeRegistry/REGISTRIES]: Registry minecraft:sound_event: Fixed minecraft:sound_event id mismatch squadmc:m1a2_running_3p: 1654 (init) -> 1656 (map).
[25вер.2026 12:23:10.779] [Render thread/DEBUG] [net.minecraftforge.registries.ForgeRegistry/REGISTRIES]: Registry minecraft:sound_event: Fixed minecraft:sound_event id mismatch squadmc:m2_fire: 1648 (init) -> 1652 (map).
[25вер.2026 12:23:10.780] [Render thread/DEBUG] [net.minecraftforge.registries.ForgeRegistry/REGISTRIES]: Registry minecraft:sound_event: Fixed minecraft:sound_event id mismatch squadmc:m2_reload: 1649 (init) -> 1653 (map).
[25вер.2026 12:23:10.780] [Render thread/DEBUG] [net.minecraftforge.registries.ForgeRegistry/REGISTRIES]: Registry minecraft:sound_event: Fixed minecraft:sound_event id mismatch squadmc:pkt_coax: 1651 (init) -> 1621 (map).
[25вер.2026 12:23:10.780] [Render thread/DEBUG] [net.minecraftforge.registries.ForgeRegistry/REGISTRIES]: Registry minecraft:sound_event: Fixed minecraft:sound_event id mismatch squadmc:reload_120mm_auto: 1644 (init) -> 1637 (map).
[25вер.2026 12:23:10.780] [Render thread/DEBUG] [net.minecraftforge.registries.ForgeRegistry/REGISTRIES]: Registry minecraft:sound_event: Fixed minecraft:sound_event id mismatch squadmc:reload_120mm_mechan: 1643 (init) -> 1632 (map).
[25вер.2026 12:23:10.780] [Render thread/DEBUG] [net.minecraftforge.registries.ForgeRegistry/REGISTRIES]: Registry minecraft:sound_event: Fixed minecraft:sound_event id mismatch squadmc:t72av_engine_idle_1p: 1628 (init) -> 1633 (map).
[25вер.2026 12:23:10.780] [Render thread/DEBUG] [net.minecraftforge.registries.ForgeRegistry/REGISTRIES]: Registry minecraft:sound_event: Fixed minecraft:sound_event id mismatch squadmc:t72av_engine_idle_3p: 1629 (init) -> 1634 (map).
[25вер.2026 12:23:10.780] [Render thread/DEBUG] [net.minecraftforge.registries.ForgeRegistry/REGISTRIES]: Registry minecraft:sound_event: Fixed minecraft:sound_event id mismatch squadmc:t72av_engine_running_1p: 1631 (init) -> 1636 (map).
[25вер.2026 12:23:10.780] [Render thread/DEBUG] [net.minecraftforge.registries.ForgeRegistry/REGISTRIES]: Registry minecraft:sound_event: Fixed minecraft:sound_event id mismatch squadmc:t72av_engine_running_3p: 1630 (init) -> 1635 (map).
[25вер.2026 12:23:10.791] [Render thread/DEBUG] [net.minecraftforge.registries.ForgeRegistry/REGISTRIES]: Registry minecraft:block Sync: ACTIVE -> STAGING
[25вер.2026 12:23:10.795] [Render thread/DEBUG] [net.minecraftforge.registries.ForgeRegistry/REGISTRIES]: Registry minecraft:fluid Sync: ACTIVE -> STAGING
[25вер.2026 12:23:10.795] [Render thread/DEBUG] [net.minecraftforge.registries.ForgeRegistry/REGISTRIES]: Registry minecraft:item Sync: ACTIVE -> STAGING
[25вер.2026 12:23:10.801] [Render thread/DEBUG] [net.minecraftforge.registries.ForgeRegistry/REGISTRIES]: Registry minecraft:mob_effect Sync: ACTIVE -> STAGING
[25вер.2026 12:23:10.801] [Render thread/DEBUG] [net.minecraftforge.registries.ForgeRegistry/REGISTRIES]: Registry minecraft:sound_event Sync: ACTIVE -> STAGING
[25вер.2026 12:23:10.806] [Render thread/DEBUG] [net.minecraftforge.registries.ForgeRegistry/REGISTRIES]: Registry minecraft:potion Sync: ACTIVE -> STAGING
[25вер.2026 12:23:10.807] [Render thread/DEBUG] [net.minecraftforge.registries.ForgeRegistry/REGISTRIES]: Registry minecraft:enchantment Sync: ACTIVE -> STAGING
[25вер.2026 12:23:10.807] [Render thread/DEBUG] [net.minecraftforge.registries.ForgeRegistry/REGISTRIES]: Registry minecraft:entity_type Sync: ACTIVE -> STAGING
[25вер.2026 12:23:10.808] [Render thread/DEBUG] [net.minecraftforge.registries.ForgeRegistry/REGISTRIES]: Registry minecraft:block_entity_type Sync: ACTIVE -> STAGING
[25вер.2026 12:23:10.808] [Render thread/DEBUG] [net.minecraftforge.registries.ForgeRegistry/REGISTRIES]: Registry minecraft:particle_type Sync: ACTIVE -> STAGING
[25вер.2026 12:23:10.810] [Render thread/DEBUG] [net.minecraftforge.registries.ForgeRegistry/REGISTRIES]: Registry minecraft:menu Sync: ACTIVE -> STAGING
[25вер.2026 12:23:10.810] [Render thread/DEBUG] [net.minecraftforge.registries.ForgeRegistry/REGISTRIES]: Registry minecraft:painting_variant Sync: ACTIVE -> STAGING
[25вер.2026 12:23:10.810] [Render thread/DEBUG] [net.minecraftforge.registries.ForgeRegistry/REGISTRIES]: Registry minecraft:recipe_type Sync: ACTIVE -> STAGING
[25вер.2026 12:23:10.811] [Render thread/DEBUG] [net.minecraftforge.registries.ForgeRegistry/REGISTRIES]: Registry minecraft:recipe_serializer Sync: ACTIVE -> STAGING
[25вер.2026 12:23:10.811] [Render thread/DEBUG] [net.minecraftforge.registries.ForgeRegistry/REGISTRIES]: Registry minecraft:attribute Sync: ACTIVE -> STAGING
[25вер.2026 12:23:10.811] [Render thread/DEBUG] [net.minecraftforge.registries.ForgeRegistry/REGISTRIES]: Registry minecraft:stat_type Sync: ACTIVE -> STAGING
[25вер.2026 12:23:10.811] [Render thread/DEBUG] [net.minecraftforge.registries.ForgeRegistry/REGISTRIES]: Registry minecraft:command_argument_type Sync: ACTIVE -> STAGING
[25вер.2026 12:23:10.811] [Render thread/DEBUG] [net.minecraftforge.registries.ForgeRegistry/REGISTRIES]: Registry minecraft:villager_profession Sync: ACTIVE -> STAGING
[25вер.2026 12:23:10.811] [Render thread/DEBUG] [net.minecraftforge.registries.ForgeRegistry/REGISTRIES]: Registry minecraft:point_of_interest_type Sync: ACTIVE -> STAGING
[25вер.2026 12:23:10.812] [Render thread/DEBUG] [net.minecraftforge.registries.ForgeRegistry/REGISTRIES]: Registry minecraft:memory_module_type Sync: ACTIVE -> STAGING
[25вер.2026 12:23:10.813] [Render thread/DEBUG] [net.minecraftforge.registries.ForgeRegistry/REGISTRIES]: Registry minecraft:sensor_type Sync: ACTIVE -> STAGING
[25вер.2026 12:23:10.813] [Render thread/DEBUG] [net.minecraftforge.registries.ForgeRegistry/REGISTRIES]: Registry minecraft:schedule Sync: ACTIVE -> STAGING
[25вер.2026 12:23:10.813] [Render thread/DEBUG] [net.minecraftforge.registries.ForgeRegistry/REGISTRIES]: Registry minecraft:activity Sync: ACTIVE -> STAGING
[25вер.2026 12:23:10.813] [Render thread/DEBUG] [net.minecraftforge.registries.ForgeRegistry/REGISTRIES]: Registry minecraft:worldgen/carver Sync: ACTIVE -> STAGING
[25вер.2026 12:23:10.813] [Render thread/DEBUG] [net.minecraftforge.registries.ForgeRegistry/REGISTRIES]: Registry minecraft:worldgen/feature Sync: ACTIVE -> STAGING
[25вер.2026 12:23:10.813] [Render thread/DEBUG] [net.minecraftforge.registries.ForgeRegistry/REGISTRIES]: Registry minecraft:chunk_status Sync: ACTIVE -> STAGING
[25вер.2026 12:23:10.813] [Render thread/DEBUG] [net.minecraftforge.registries.ForgeRegistry/REGISTRIES]: Registry minecraft:worldgen/block_state_provider_type Sync: ACTIVE -> STAGING
[25вер.2026 12:23:10.814] [Render thread/DEBUG] [net.minecraftforge.registries.ForgeRegistry/REGISTRIES]: Registry minecraft:worldgen/foliage_placer_type Sync: ACTIVE -> STAGING
[25вер.2026 12:23:10.814] [Render thread/DEBUG] [net.minecraftforge.registries.ForgeRegistry/REGISTRIES]: Registry minecraft:worldgen/tree_decorator_type Sync: ACTIVE -> STAGING
[25вер.2026 12:23:10.814] [Render thread/DEBUG] [net.minecraftforge.registries.ForgeRegistry/REGISTRIES]: Registry minecraft:worldgen/biome Sync: ACTIVE -> STAGING
[25вер.2026 12:23:10.814] [Render thread/DEBUG] [net.minecraftforge.registries.ForgeRegistry/REGISTRIES]: Registry forge:entity_data_serializers Sync: ACTIVE -> STAGING
[25вер.2026 12:23:10.814] [Render thread/DEBUG] [net.minecraftforge.registries.ForgeRegistry/REGISTRIES]: Registry forge:global_loot_modifier_serializers Sync: ACTIVE -> STAGING
[25вер.2026 12:23:10.814] [Render thread/DEBUG] [net.minecraftforge.registries.ForgeRegistry/REGISTRIES]: Registry forge:biome_modifier_serializers Sync: ACTIVE -> STAGING
[25вер.2026 12:23:10.814] [Render thread/DEBUG] [net.minecraftforge.registries.ForgeRegistry/REGISTRIES]: Registry forge:fluid_type Sync: ACTIVE -> STAGING
[25вер.2026 12:23:10.814] [Render thread/DEBUG] [net.minecraftforge.registries.ForgeRegistry/REGISTRIES]: Registry forge:structure_modifier_serializers Sync: ACTIVE -> STAGING
[25вер.2026 12:23:10.814] [Render thread/DEBUG] [net.minecraftforge.registries.ForgeRegistry/REGISTRIES]: Registry forge:holder_set_type Sync: ACTIVE -> STAGING
[25вер.2026 12:23:10.814] [Render thread/DEBUG] [net.minecraftforge.registries.ForgeRegistry/REGISTRIES]: Registry forge:display_contexts Sync: ACTIVE -> STAGING
[25вер.2026 12:23:10.814] [Render thread/DEBUG] [net.minecraftforge.registries.ForgeRegistry/REGISTRIES]: Registry superbwarfare:perk Sync: ACTIVE -> STAGING
[25вер.2026 12:23:11.108] [Render thread/DEBUG] [net.minecraftforge.registries.ObjectHolderRegistry/REGISTRIES]: Applying holder lookups
[25вер.2026 12:23:11.109] [Render thread/DEBUG] [net.minecraftforge.registries.ObjectHolderRef/]: Unable to lookup virtuarealcraft:curse_flame for public static net.minecraft.world.effect.MobEffect com.atsuishio.superbwarfare.compat.CompatHolder.VRC_CURSE_FLAME. This means the object wasn't registered. It's likely just mod options.
[25вер.2026 12:23:11.114] [Render thread/DEBUG] [net.minecraftforge.registries.ObjectHolderRegistry/REGISTRIES]: Holder lookups applied
[25вер.2026 12:23:11.132] [Render thread/DEBUG] [net.minecraftforge.server.ServerLifecycleHooks/CORE]: Generating PackInfo named mod:forge for mod file /
[25вер.2026 12:23:11.132] [Render thread/DEBUG] [net.minecraftforge.server.ServerLifecycleHooks/CORE]: Generating PackInfo named mod:curios for mod file C:\Users\user\.gradle\caches\forge_gradle\deobf_dependencies\top\theillusivec4\curios\curios-forge\5.4.2+1.20.1_mapped_parchment_2023.08.13-1.20.1\curios-forge-5.4.2+1.20.1_mapped_parchment_2023.08.13-1.20.1.jar
[25вер.2026 12:23:11.132] [Render thread/DEBUG] [net.minecraftforge.server.ServerLifecycleHooks/CORE]: Generating PackInfo named mod:geckolib for mod file C:\Users\user\.gradle\caches\forge_gradle\deobf_dependencies\software\bernie\geckolib\geckolib-forge-1.20.1\4.8.4_mapped_parchment_2023.08.13-1.20.1\geckolib-forge-1.20.1-4.8.4_mapped_parchment_2023.08.13-1.20.1.jar
[25вер.2026 12:23:11.132] [Render thread/DEBUG] [net.minecraftforge.server.ServerLifecycleHooks/CORE]: Generating PackInfo named mod:superbwarfare for mod file C:\Users\user\.gradle\caches\forge_gradle\deobf_dependencies\curse\maven\superb-warfare-1218165\7292685_mapped_parchment_2023.08.13-1.20.1\superb-warfare-1218165-7292685_mapped_parchment_2023.08.13-1.20.1.jar
[25вер.2026 12:23:11.133] [Render thread/DEBUG] [net.minecraftforge.server.ServerLifecycleHooks/CORE]: Generating PackInfo named mod:squadmc for mod file C:\Users\user\Desktop\mods\colaba3stran\build\resources\main
[25вер.2026 12:23:11.729] [Render thread/DEBUG] [net.minecraftforge.coremod.transformer.CoreModBaseTransformer/COREMOD]: Transforming net/minecraft/server/commands/SummonCommand
[25вер.2026 12:23:11.920] [Worker-Main-7/ERROR] [com.atsuishio.superbwarfare.Mod/]: invalid resource location for SoundEvent squadmc:Empty!
[25вер.2026 12:23:11.927] [Worker-Main-7/ERROR] [com.atsuishio.superbwarfare.Mod/]: invalid SoundEvent superbwarfare:truck_ho"TerrainCompat": [[1.156, 0, 1.594], [-1.156, 0, 1.594], [1.156, 0, -1.594], [-1.156, 0, -1.594]],rn!
[25вер.2026 12:23:11.954] [Worker-Main-7/ERROR] [com.atsuishio.superbwarfare.Mod/]: Couldn't parse data file squadmc:turrets/empl_kornet from squadmc:sbw/vehicles/turrets/empl_kornet.json
com.google.gson.JsonSyntaxException: java.lang.IllegalStateException: Expected END_ARRAY but was NUMBER at line 15 column 11 path $.Seats[0].CameraPos.Position[3]
	at com.google.gson.internal.bind.ReflectiveTypeAdapterFactory$Adapter.read(ReflectiveTypeAdapterFactory.java:395) ~[gson-2.10.jar%23130!/:?]
	at com.google.gson.internal.bind.ReflectiveTypeAdapterFactory$1.readIntoField(ReflectiveTypeAdapterFactory.java:212) ~[gson-2.10.jar%23130!/:?]
	at com.google.gson.internal.bind.ReflectiveTypeAdapterFactory$FieldReflectionAdapter.readField(ReflectiveTypeAdapterFactory.java:431) ~[gson-2.10.jar%23130!/:?]
	at com.google.gson.internal.bind.ReflectiveTypeAdapterFactory$Adapter.read(ReflectiveTypeAdapterFactory.java:391) ~[gson-2.10.jar%23130!/:?]
	at com.google.gson.internal.bind.TypeAdapterRuntimeTypeWrapper.read(TypeAdapterRuntimeTypeWrapper.java:40) ~[gson-2.10.jar%23130!/:?]
	at com.google.gson.internal.bind.CollectionTypeAdapterFactory$Adapter.read(CollectionTypeAdapterFactory.java:82) ~[gson-2.10.jar%23130!/:?]
	at com.google.gson.internal.bind.CollectionTypeAdapterFactory$Adapter.read(CollectionTypeAdapterFactory.java:61) ~[gson-2.10.jar%23130!/:?]
	at com.google.gson.Gson.fromJson(Gson.java:1214) ~[gson-2.10.jar%23130!/:?]
	at com.google.gson.Gson.fromJson(Gson.java:1173) ~[gson-2.10.jar%23130!/:?]
	at com.atsuishio.superbwarfare.data.ObjectToList$ListOrObjectAdapter.read(ObjectToList.java:71) ~[superb-warfare-1218165-7292685_mapped_parchment_2023.08.13-1.20.1.jar%23199!/:1.20.1-0.8.8-6a6b54795]
	at com.atsuishio.superbwarfare.data.ObjectToList$ListOrObjectAdapter.read(ObjectToList.java:31) ~[superb-warfare-1218165-7292685_mapped_parchment_2023.08.13-1.20.1.jar%23199!/:1.20.1-0.8.8-6a6b54795]
	at com.google.gson.internal.bind.ReflectiveTypeAdapterFactory$1.readIntoField(ReflectiveTypeAdapterFactory.java:212) ~[gson-2.10.jar%23130!/:?]
	at com.google.gson.internal.bind.ReflectiveTypeAdapterFactory$FieldReflectionAdapter.readField(ReflectiveTypeAdapterFactory.java:431) ~[gson-2.10.jar%23130!/:?]
	at com.google.gson.internal.bind.ReflectiveTypeAdapterFactory$Adapter.read(ReflectiveTypeAdapterFactory.java:391) ~[gson-2.10.jar%23130!/:?]
	at com.google.gson.Gson.fromJson(Gson.java:1214) ~[gson-2.10.jar%23130!/:?]
	at com.google.gson.Gson.fromJson(Gson.java:1124) ~[gson-2.10.jar%23130!/:?]
	at com.google.gson.Gson.fromJson(Gson.java:1062) ~[gson-2.10.jar%23130!/:?]
	at com.atsuishio.superbwarfare.data.ComplexJsonResourceReloadListener.lambda$prepare$0(ComplexJsonResourceReloadListener.java:37) ~[superb-warfare-1218165-7292685_mapped_parchment_2023.08.13-1.20.1.jar%23199!/:1.20.1-0.8.8-6a6b54795]
	at java.util.HashMap.forEach(HashMap.java:1421) ~[?:?]
	at com.atsuishio.superbwarfare.data.ComplexJsonResourceReloadListener.prepare(ComplexJsonResourceReloadListener.java:27) ~[superb-warfare-1218165-7292685_mapped_parchment_2023.08.13-1.20.1.jar%23199!/:1.20.1-0.8.8-6a6b54795]
	at net.minecraft.server.packs.resources.SimplePreparableReloadListener.lambda$reload$0(SimplePreparableReloadListener.java:11) ~[forge-1.20.1-47.2.0_mapped_parchment_2023.08.13-1.20.1.jar%23191!/:?]
	at java.util.concurrent.CompletableFuture$AsyncSupply.run(CompletableFuture.java:1768) ~[?:?]
	at java.util.concurrent.CompletableFuture$AsyncSupply.exec(CompletableFuture.java:1760) ~[?:?]
	at java.util.concurrent.ForkJoinTask.doExec(ForkJoinTask.java:373) ~[?:?]
	at java.util.concurrent.ForkJoinPool$WorkQueue.topLevelExec(ForkJoinPool.java:1182) ~[?:?]
	at java.util.concurrent.ForkJoinPool.scan(ForkJoinPool.java:1655) ~[?:?]
	at java.util.concurrent.ForkJoinPool.runWorker(ForkJoinPool.java:1622) ~[?:?]
	at java.util.concurrent.ForkJoinWorkerThread.run(ForkJoinWorkerThread.java:165) ~[?:?]
Caused by: java.lang.IllegalStateException: Expected END_ARRAY but was NUMBER at line 15 column 11 path $.Seats[0].CameraPos.Position[3]
	at com.google.gson.stream.JsonReader.endArray(JsonReader.java:376) ~[gson-2.10.jar%23130!/:?]
	at com.atsuishio.superbwarfare.data.Vec3Adapter.read(Vec3Adapter.java:42) ~[superb-warfare-1218165-7292685_mapped_parchment_2023.08.13-1.20.1.jar%23199!/:1.20.1-0.8.8-6a6b54795]
	at com.atsuishio.superbwarfare.data.Vec3Adapter.read(Vec3Adapter.java:11) ~[superb-warfare-1218165-7292685_mapped_parchment_2023.08.13-1.20.1.jar%23199!/:1.20.1-0.8.8-6a6b54795]
	at com.google.gson.internal.bind.ReflectiveTypeAdapterFactory$1.readIntoField(ReflectiveTypeAdapterFactory.java:212) ~[gson-2.10.jar%23130!/:?]
	at com.google.gson.internal.bind.ReflectiveTypeAdapterFactory$FieldReflectionAdapter.readField(ReflectiveTypeAdapterFactory.java:431) ~[gson-2.10.jar%23130!/:?]
	at com.google.gson.internal.bind.ReflectiveTypeAdapterFactory$Adapter.read(ReflectiveTypeAdapterFactory.java:391) ~[gson-2.10.jar%23130!/:?]
	... 27 more
[25вер.2026 12:23:11.989] [Worker-Main-7/WARN] [com.atsuishio.superbwarfare.Mod/]: sbw/guns ID for squadmc:at4 is empty, try using squadmc:at4 as id
[25вер.2026 12:23:12.018] [Worker-Main-1/DEBUG] [net.minecraftforge.coremod.transformer.CoreModBaseTransformer/COREMOD]: Transforming net/minecraft/world/entity/raid/Raid
[25вер.2026 12:23:12.153] [Worker-Main-1/ERROR] [net.minecraftforge.common.ForgeHooks/]: Couldn't parse element loot_tables:superbwarfare:grant_manual
com.google.gson.JsonSyntaxException: Expected name to be an item, was unknown string 'patchouli:guide_book'
	at net.minecraft.util.GsonHelper.lambda$convertToItem$0(GsonHelper.java:145) ~[forge-1.20.1-47.2.0_mapped_parchment_2023.08.13-1.20.1.jar%23191!/:?]
	at java.util.Optional.orElseThrow(Optional.java:403) ~[?:?]
	at net.minecraft.util.GsonHelper.convertToItem(GsonHelper.java:145) ~[forge-1.20.1-47.2.0_mapped_parchment_2023.08.13-1.20.1.jar%23191!/:?]
	at net.minecraft.util.GsonHelper.getAsItem(GsonHelper.java:153) ~[forge-1.20.1-47.2.0_mapped_parchment_2023.08.13-1.20.1.jar%23191!/:?]
	at net.minecraft.world.level.storage.loot.entries.LootItem$Serializer.deserialize(LootItem.java:55) ~[forge-1.20.1-47.2.0_mapped_parchment_2023.08.13-1.20.1.jar%23191!/:?]
	at net.minecraft.world.level.storage.loot.entries.LootItem$Serializer.deserialize(LootItem.java:40) ~[forge-1.20.1-47.2.0_mapped_parchment_2023.08.13-1.20.1.jar%23191!/:?]
	at net.minecraft.world.level.storage.loot.entries.LootPoolSingletonContainer$Serializer.deserializeCustom(LootPoolSingletonContainer.java:151) ~[forge-1.20.1-47.2.0_mapped_parchment_2023.08.13-1.20.1.jar%23191!/:?]
	at net.minecraft.world.level.storage.loot.entries.LootPoolSingletonContainer$Serializer.deserializeCustom(LootPoolSingletonContainer.java:129) ~[forge-1.20.1-47.2.0_mapped_parchment_2023.08.13-1.20.1.jar%23191!/:?]
	at net.minecraft.world.level.storage.loot.entries.LootPoolEntryContainer$Serializer.deserialize(LootPoolEntryContainer.java:86) ~[forge-1.20.1-47.2.0_mapped_parchment_2023.08.13-1.20.1.jar%23191!/:?]
	at net.minecraft.world.level.storage.loot.entries.LootPoolEntryContainer$Serializer.deserialize(LootPoolEntryContainer.java:74) ~[forge-1.20.1-47.2.0_mapped_parchment_2023.08.13-1.20.1.jar%23191!/:?]
	at net.minecraft.world.level.storage.loot.GsonAdapterFactory$JsonAdapter.deserialize(GsonAdapterFactory.java:102) ~[forge-1.20.1-47.2.0_mapped_parchment_2023.08.13-1.20.1.jar%23191!/:?]
	at com.google.gson.internal.bind.TreeTypeAdapter.read(TreeTypeAdapter.java:76) ~[gson-2.10.jar%23130!/:?]
	at com.google.gson.internal.bind.TypeAdapterRuntimeTypeWrapper.read(TypeAdapterRuntimeTypeWrapper.java:40) ~[gson-2.10.jar%23130!/:?]
	at com.google.gson.internal.bind.ArrayTypeAdapter.read(ArrayTypeAdapter.java:72) ~[gson-2.10.jar%23130!/:?]
	at com.google.gson.Gson.fromJson(Gson.java:1214) ~[gson-2.10.jar%23130!/:?]
	at com.google.gson.Gson.fromJson(Gson.java:1319) ~[gson-2.10.jar%23130!/:?]
	at com.google.gson.Gson.fromJson(Gson.java:1290) ~[gson-2.10.jar%23130!/:?]
	at com.google.gson.internal.bind.TreeTypeAdapter$GsonContextImpl.deserialize(TreeTypeAdapter.java:179) ~[gson-2.10.jar%23130!/:?]
	at net.minecraft.util.GsonHelper.convertToObject(GsonHelper.java:463) ~[forge-1.20.1-47.2.0_mapped_parchment_2023.08.13-1.20.1.jar%23191!/:?]
	at net.minecraft.util.GsonHelper.getAsObject(GsonHelper.java:471) ~[forge-1.20.1-47.2.0_mapped_parchment_2023.08.13-1.20.1.jar%23191!/:?]
	at net.minecraft.world.level.storage.loot.LootPool$Serializer.deserialize(LootPool.java:192) ~[forge-1.20.1-47.2.0_mapped_parchment_2023.08.13-1.20.1.jar%23191!/:?]
	at net.minecraft.world.level.storage.loot.LootPool$Serializer.deserialize(LootPool.java:189) ~[forge-1.20.1-47.2.0_mapped_parchment_2023.08.13-1.20.1.jar%23191!/:?]
	at com.google.gson.internal.bind.TreeTypeAdapter.read(TreeTypeAdapter.java:76) ~[gson-2.10.jar%23130!/:?]
	at com.google.gson.internal.bind.TypeAdapterRuntimeTypeWrapper.read(TypeAdapterRuntimeTypeWrapper.java:40) ~[gson-2.10.jar%23130!/:?]
	at com.google.gson.internal.bind.ArrayTypeAdapter.read(ArrayTypeAdapter.java:72) ~[gson-2.10.jar%23130!/:?]
	at com.google.gson.Gson.fromJson(Gson.java:1214) ~[gson-2.10.jar%23130!/:?]
	at com.google.gson.Gson.fromJson(Gson.java:1319) ~[gson-2.10.jar%23130!/:?]
	at com.google.gson.Gson.fromJson(Gson.java:1290) ~[gson-2.10.jar%23130!/:?]
	at com.google.gson.internal.bind.TreeTypeAdapter$GsonContextImpl.deserialize(TreeTypeAdapter.java:179) ~[gson-2.10.jar%23130!/:?]
	at net.minecraft.util.GsonHelper.convertToObject(GsonHelper.java:463) ~[forge-1.20.1-47.2.0_mapped_parchment_2023.08.13-1.20.1.jar%23191!/:?]
	at net.minecraft.util.GsonHelper.getAsObject(GsonHelper.java:481) ~[forge-1.20.1-47.2.0_mapped_parchment_2023.08.13-1.20.1.jar%23191!/:?]
	at net.minecraft.world.level.storage.loot.LootTable$Serializer.deserialize(LootTable.java:294) ~[forge-1.20.1-47.2.0_mapped_parchment_2023.08.13-1.20.1.jar%23191!/:?]
	at net.minecraft.world.level.storage.loot.LootTable$Serializer.deserialize(LootTable.java:291) ~[forge-1.20.1-47.2.0_mapped_parchment_2023.08.13-1.20.1.jar%23191!/:?]
	at com.google.gson.internal.bind.TreeTypeAdapter.read(TreeTypeAdapter.java:76) ~[gson-2.10.jar%23130!/:?]
	at com.google.gson.Gson.fromJson(Gson.java:1214) ~[gson-2.10.jar%23130!/:?]
	at com.google.gson.Gson.fromJson(Gson.java:1319) ~[gson-2.10.jar%23130!/:?]
	at com.google.gson.Gson.fromJson(Gson.java:1261) ~[gson-2.10.jar%23130!/:?]
	at net.minecraftforge.common.ForgeHooks.loadLootTable(ForgeHooks.java:871) ~[forge-1.20.1-47.2.0_mapped_parchment_2023.08.13-1.20.1.jar%23190%23197!/:?]
	at net.minecraftforge.common.ForgeHooks.lambda$getLootTableDeserializer$3(ForgeHooks.java:848) ~[forge-1.20.1-47.2.0_mapped_parchment_2023.08.13-1.20.1.jar%23190%23197!/:?]
	at net.minecraft.world.level.storage.loot.LootDataType.deserialize(LootDataType.java:45) ~[forge-1.20.1-47.2.0_mapped_parchment_2023.08.13-1.20.1.jar%23191!/:?]
	at net.minecraft.world.level.storage.loot.LootDataManager.lambda$scheduleElementParse$4(LootDataManager.java:56) ~[forge-1.20.1-47.2.0_mapped_parchment_2023.08.13-1.20.1.jar%23191!/:?]
	at java.util.HashMap.forEach(HashMap.java:1421) ~[?:?]
	at net.minecraft.world.level.storage.loot.LootDataManager.lambda$scheduleElementParse$5(LootDataManager.java:55) ~[forge-1.20.1-47.2.0_mapped_parchment_2023.08.13-1.20.1.jar%23191!/:?]
	at java.util.concurrent.CompletableFuture$AsyncRun.run(CompletableFuture.java:1804) ~[?:?]
	at java.util.concurrent.CompletableFuture$AsyncRun.exec(CompletableFuture.java:1796) ~[?:?]
	at java.util.concurrent.ForkJoinTask.doExec(ForkJoinTask.java:373) ~[?:?]
	at java.util.concurrent.ForkJoinPool$WorkQueue.topLevelExec(ForkJoinPool.java:1182) ~[?:?]
	at java.util.concurrent.ForkJoinPool.scan(ForkJoinPool.java:1655) ~[?:?]
	at java.util.concurrent.ForkJoinPool.runWorker(ForkJoinPool.java:1622) ~[?:?]
	at java.util.concurrent.ForkJoinWorkerThread.run(ForkJoinWorkerThread.java:165) ~[?:?]
[25вер.2026 12:23:12.408] [Render thread/INFO] [net.minecraft.world.item.crafting.RecipeManager/]: Loaded 8 recipes
[25вер.2026 12:23:12.485] [Render thread/INFO] [net.minecraft.advancements.AdvancementList/]: Loaded 1589 advancements
[25вер.2026 12:23:12.492] [Render thread/INFO] [top.theillusivec4.curios.Curios/]: Loaded 12 curio slots
[25вер.2026 12:23:12.496] [Render thread/INFO] [top.theillusivec4.curios.Curios/]: Loaded 1 curio entities
[25вер.2026 12:23:12.827] [Render thread/DEBUG] [net.minecraftforge.common.ForgeHooks/WP]: Gathering id map for writing to world save New World
[25вер.2026 12:23:12.833] [Render thread/DEBUG] [net.minecraftforge.common.ForgeHooks/WP]: ID Map collection complete New World
[25вер.2026 12:23:12.886] [Server thread/INFO] [net.minecraft.client.server.IntegratedServer/]: Starting integrated minecraft server version 1.20.1
[25вер.2026 12:23:12.887] [Server thread/INFO] [net.minecraft.server.MinecraftServer/]: Generating keypair
[25вер.2026 12:23:12.946] [Server thread/DEBUG] [net.minecraftforge.fml.config.ConfigTracker/CONFIG]: Loading configs type SERVER
[25вер.2026 12:23:12.946] [Server thread/DEBUG] [net.minecraftforge.fml.config.ConfigFileTypeHandler/CONFIG]: Built TOML config for .\saves\New World (7)\serverconfig\superbwarfare-server.toml
[25вер.2026 12:23:12.947] [Server thread/DEBUG] [net.minecraftforge.fml.config.ConfigFileTypeHandler/CONFIG]: Loaded TOML config file .\saves\New World (7)\serverconfig\superbwarfare-server.toml
[25вер.2026 12:23:12.948] [Server thread/DEBUG] [net.minecraftforge.fml.config.ConfigFileTypeHandler/CONFIG]: Watching TOML config file .\saves\New World (7)\serverconfig\superbwarfare-server.toml for changes
[25вер.2026 12:23:12.949] [Server thread/DEBUG] [net.minecraftforge.fml.config.ConfigFileTypeHandler/CONFIG]: Built TOML config for .\saves\New World (7)\serverconfig\curios-server.toml
[25вер.2026 12:23:12.950] [Server thread/DEBUG] [net.minecraftforge.fml.config.ConfigFileTypeHandler/CONFIG]: Loaded TOML config file .\saves\New World (7)\serverconfig\curios-server.toml
[25вер.2026 12:23:12.950] [Server thread/DEBUG] [net.minecraftforge.fml.config.ConfigFileTypeHandler/CONFIG]: Watching TOML config file .\saves\New World (7)\serverconfig\curios-server.toml for changes
[25вер.2026 12:23:12.950] [Server thread/DEBUG] [net.minecraftforge.fml.config.ConfigFileTypeHandler/CONFIG]: Built TOML config for .\saves\New World (7)\serverconfig\forge-server.toml
[25вер.2026 12:23:12.952] [Server thread/DEBUG] [net.minecraftforge.fml.config.ConfigFileTypeHandler/CONFIG]: Loaded TOML config file .\saves\New World (7)\serverconfig\forge-server.toml
[25вер.2026 12:23:12.952] [Server thread/DEBUG] [net.minecraftforge.fml.config.ConfigFileTypeHandler/CONFIG]: Watching TOML config file .\saves\New World (7)\serverconfig\forge-server.toml for changes
[25вер.2026 12:23:12.952] [Server thread/DEBUG] [net.minecraftforge.common.ForgeConfig/FORGEMOD]: Loaded forge config file forge-server.toml
[25вер.2026 12:23:12.985] [Server thread/DEBUG] [net.minecraftforge.coremod.transformer.CoreModBaseTransformer/COREMOD]: Transforming net/minecraft/world/level/levelgen/PhantomSpawner
[25вер.2026 12:23:12.993] [Server thread/DEBUG] [net.minecraftforge.coremod.transformer.CoreModBaseTransformer/COREMOD]: Transforming net/minecraft/world/level/levelgen/PatrolSpawner
[25вер.2026 12:23:12.996] [Server thread/DEBUG] [net.minecraftforge.coremod.transformer.CoreModBaseTransformer/COREMOD]: Transforming net/minecraft/world/entity/npc/CatSpawner
[25вер.2026 12:23:12.999] [Server thread/DEBUG] [net.minecraftforge.coremod.transformer.CoreModBaseTransformer/COREMOD]: Transforming net/minecraft/world/entity/ai/village/VillageSiege
[25вер.2026 12:23:13.184] [Server thread/INFO] [net.minecraft.server.MinecraftServer/]: Preparing start region for dimension minecraft:overworld
[25вер.2026 12:23:14.425] [Server thread/DEBUG] [net.minecraftforge.coremod.transformer.CoreModBaseTransformer/COREMOD]: Transforming net/minecraft/world/level/levelgen/structure/templatesystem/StructureTemplate
[25вер.2026 12:23:14.525] [Render thread/INFO] [net.minecraft.server.level.progress.LoggerChunkProgressListener/]: Preparing spawn area: 0%
[25вер.2026 12:23:14.525] [Render thread/INFO] [net.minecraft.server.level.progress.LoggerChunkProgressListener/]: Preparing spawn area: 0%
[25вер.2026 12:23:14.525] [Render thread/INFO] [net.minecraft.server.level.progress.LoggerChunkProgressListener/]: Preparing spawn area: 0%
[25вер.2026 12:23:14.716] [Render thread/INFO] [net.minecraft.server.level.progress.LoggerChunkProgressListener/]: Preparing spawn area: 0%
[25вер.2026 12:23:15.215] [Render thread/INFO] [net.minecraft.server.level.progress.LoggerChunkProgressListener/]: Preparing spawn area: 83%
[25вер.2026 12:23:15.758] [Render thread/INFO] [net.minecraft.server.level.progress.LoggerChunkProgressListener/]: Preparing spawn area: 100%
[25вер.2026 12:23:16.592] [Render thread/INFO] [net.minecraft.server.level.progress.LoggerChunkProgressListener/]: Preparing spawn area: 100%
[25вер.2026 12:23:16.727] [Render thread/INFO] [net.minecraft.server.level.progress.LoggerChunkProgressListener/]: Preparing spawn area: 100%
[25вер.2026 12:23:16.877] [Server thread/INFO] [net.minecraftforge.server.permission.PermissionAPI/]: Successfully initialized permission handler forge:default_handler
[25вер.2026 12:23:16.889] [Render thread/INFO] [net.minecraft.server.level.progress.LoggerChunkProgressListener/]: Time elapsed: 3686 ms
[25вер.2026 12:23:17.197] [Server thread/DEBUG] [io.netty.buffer.AbstractByteBuf/]: -Dio.netty.buffer.checkAccessible: true
[25вер.2026 12:23:17.199] [Server thread/DEBUG] [io.netty.buffer.AbstractByteBuf/]: -Dio.netty.buffer.checkBounds: true
[25вер.2026 12:23:17.200] [Server thread/DEBUG] [io.netty.util.ResourceLeakDetectorFactory/]: Loaded default ResourceLeakDetector: io.netty.util.ResourceLeakDetector@6b9718e
[25вер.2026 12:23:17.224] [Server thread/DEBUG] [net.minecraftforge.coremod.transformer.CoreModBaseTransformer/COREMOD]: Transforming net/minecraft/world/level/NaturalSpawner
[25вер.2026 12:23:17.271] [Server thread/INFO] [net.minecraft.client.server.IntegratedServer/]: Changing view distance to 25, from 10
[25вер.2026 12:23:17.280] [Server thread/INFO] [net.minecraft.client.server.IntegratedServer/]: Changing simulation distance to 10, from 0
[25вер.2026 12:23:17.367] [Render thread/DEBUG] [io.netty.channel.MultithreadEventLoopGroup/]: -Dio.netty.eventLoopThreads: 24
[25вер.2026 12:23:17.393] [Render thread/DEBUG] [io.netty.util.internal.InternalThreadLocalMap/]: -Dio.netty.threadLocalMap.stringBuilder.initialSize: 1024
[25вер.2026 12:23:17.393] [Render thread/DEBUG] [io.netty.util.internal.InternalThreadLocalMap/]: -Dio.netty.threadLocalMap.stringBuilder.maxSize: 4096
[25вер.2026 12:23:17.403] [Render thread/DEBUG] [io.netty.channel.nio.NioEventLoop/]: -Dio.netty.noKeySetOptimization: false
[25вер.2026 12:23:17.403] [Render thread/DEBUG] [io.netty.channel.nio.NioEventLoop/]: -Dio.netty.selectorAutoRebuildThreshold: 512
[25вер.2026 12:23:17.411] [Render thread/DEBUG] [io.netty.util.internal.PlatformDependent/]: org.jctools-core.MpscChunkedArrayQueue: available
[25вер.2026 12:23:17.462] [Render thread/DEBUG] [io.netty.channel.DefaultChannelId/]: -Dio.netty.processId: 10872 (auto-detected)
[25вер.2026 12:23:17.467] [Render thread/WARN] [io.netty.util.internal.SystemPropertyUtil/]: Unable to parse the boolean system property 'java.net.preferIPv6Addresses':system - using the default value: false
[25вер.2026 12:23:17.467] [Render thread/DEBUG] [io.netty.util.NetUtil/]: -Djava.net.preferIPv4Stack: false
[25вер.2026 12:23:17.467] [Render thread/DEBUG] [io.netty.util.NetUtil/]: -Djava.net.preferIPv6Addresses: false
[25вер.2026 12:23:17.490] [Render thread/DEBUG] [io.netty.util.NetUtilInitializations/]: Loopback interface: lo (Software Loopback Interface 1, 127.0.0.1)
[25вер.2026 12:23:17.493] [Render thread/DEBUG] [io.netty.util.NetUtil/]: Failed to get SOMAXCONN from sysctl and file \proc\sys\net\core\somaxconn. Default: 200
[25вер.2026 12:23:17.621] [Render thread/DEBUG] [io.netty.channel.DefaultChannelId/]: -Dio.netty.machineId: 00:00:00:00:00:00:00:e0 (auto-detected)
[25вер.2026 12:23:17.644] [Render thread/DEBUG] [io.netty.buffer.PooledByteBufAllocator/]: -Dio.netty.allocator.numHeapArenas: 24
[25вер.2026 12:23:17.644] [Render thread/DEBUG] [io.netty.buffer.PooledByteBufAllocator/]: -Dio.netty.allocator.numDirectArenas: 24
[25вер.2026 12:23:17.644] [Render thread/DEBUG] [io.netty.buffer.PooledByteBufAllocator/]: -Dio.netty.allocator.pageSize: 8192
[25вер.2026 12:23:17.644] [Render thread/DEBUG] [io.netty.buffer.PooledByteBufAllocator/]: -Dio.netty.allocator.maxOrder: 9
[25вер.2026 12:23:17.644] [Render thread/DEBUG] [io.netty.buffer.PooledByteBufAllocator/]: -Dio.netty.allocator.chunkSize: 4194304
[25вер.2026 12:23:17.644] [Render thread/DEBUG] [io.netty.buffer.PooledByteBufAllocator/]: -Dio.netty.allocator.smallCacheSize: 256
[25вер.2026 12:23:17.644] [Render thread/DEBUG] [io.netty.buffer.PooledByteBufAllocator/]: -Dio.netty.allocator.normalCacheSize: 64
[25вер.2026 12:23:17.644] [Render thread/DEBUG] [io.netty.buffer.PooledByteBufAllocator/]: -Dio.netty.allocator.maxCachedBufferCapacity: 32768
[25вер.2026 12:23:17.644] [Render thread/DEBUG] [io.netty.buffer.PooledByteBufAllocator/]: -Dio.netty.allocator.cacheTrimInterval: 8192
[25вер.2026 12:23:17.644] [Render thread/DEBUG] [io.netty.buffer.PooledByteBufAllocator/]: -Dio.netty.allocator.cacheTrimIntervalMillis: 0
[25вер.2026 12:23:17.645] [Render thread/DEBUG] [io.netty.buffer.PooledByteBufAllocator/]: -Dio.netty.allocator.useCacheForAllThreads: false
[25вер.2026 12:23:17.645] [Render thread/DEBUG] [io.netty.buffer.PooledByteBufAllocator/]: -Dio.netty.allocator.maxCachedByteBuffersPerChunk: 1023
[25вер.2026 12:23:17.657] [Render thread/DEBUG] [io.netty.buffer.ByteBufUtil/]: -Dio.netty.allocator.type: pooled
[25вер.2026 12:23:17.657] [Render thread/DEBUG] [io.netty.buffer.ByteBufUtil/]: -Dio.netty.threadLocalDirectBufferSize: 0
[25вер.2026 12:23:17.657] [Render thread/DEBUG] [io.netty.buffer.ByteBufUtil/]: -Dio.netty.maxThreadLocalCharBufferSize: 16384
[25вер.2026 12:23:17.695] [Netty Local Client IO #0/DEBUG] [net.minecraftforge.network.HandshakeHandler/FMLHANDSHAKE]: Starting local connection.
[25вер.2026 12:23:17.742] [Netty Local Client IO #0/DEBUG] [mixin/]: Mixing ClientboundSetPassengersPacketMixin from mixins.superbwarfare.json into net.minecraft.network.protocol.game.ClientboundSetPassengersPacket
[25вер.2026 12:23:17.812] [Netty Local Client IO #0/DEBUG] [io.netty.util.Recycler/]: -Dio.netty.recycler.maxCapacityPerThread: 4096
[25вер.2026 12:23:17.813] [Netty Local Client IO #0/DEBUG] [io.netty.util.Recycler/]: -Dio.netty.recycler.ratio: 8
[25вер.2026 12:23:17.813] [Netty Local Client IO #0/DEBUG] [io.netty.util.Recycler/]: -Dio.netty.recycler.chunkSize: 32
[25вер.2026 12:23:17.813] [Netty Local Client IO #0/DEBUG] [io.netty.util.Recycler/]: -Dio.netty.recycler.blocking: false
[25вер.2026 12:23:17.828] [Netty Server IO #1/DEBUG] [net.minecraftforge.network.HandshakeHandler/FMLHANDSHAKE]: Starting local connection.
[25вер.2026 12:23:17.876] [Server thread/DEBUG] [net.minecraftforge.network.HandshakeHandler/FMLHANDSHAKE]: Sending ticking packet info 'net.minecraftforge.network.HandshakeMessages$S2CModData' to 'fml:handshake' sequence 0
[25вер.2026 12:23:17.884] [Netty Local Client IO #0/DEBUG] [net.minecraftforge.network.LoginWrapper/FMLHANDSHAKE]: Recieved login wrapper packet event for channel fml:handshake with index 0
[25вер.2026 12:23:17.932] [Server thread/DEBUG] [net.minecraftforge.network.HandshakeHandler/FMLHANDSHAKE]: Sending ticking packet info 'net.minecraftforge.network.HandshakeMessages$S2CModList' to 'fml:handshake' sequence 1
[25вер.2026 12:23:17.932] [Netty Local Client IO #0/DEBUG] [net.minecraftforge.network.LoginWrapper/FMLHANDSHAKE]: Recieved login wrapper packet event for channel fml:handshake with index 1
[25вер.2026 12:23:17.933] [Netty Local Client IO #0/DEBUG] [net.minecraftforge.network.HandshakeHandler/FMLHANDSHAKE]: Logging into server with mod list [minecraft, forge, curios, geckolib, superbwarfare, squadmc]
[25вер.2026 12:23:17.934] [Netty Local Client IO #0/DEBUG] [net.minecraftforge.network.NetworkRegistry/NETREGISTRY]: Channel 'fml:loginwrapper' : Version test of 'FML3' from server : ACCEPTED
[25вер.2026 12:23:17.934] [Netty Local Client IO #0/DEBUG] [net.minecraftforge.network.NetworkRegistry/NETREGISTRY]: Channel 'forge:tier_sorting' : Version test of '1.0' from server : ACCEPTED
[25вер.2026 12:23:17.934] [Netty Local Client IO #0/DEBUG] [net.minecraftforge.network.NetworkRegistry/NETREGISTRY]: Channel 'fml:handshake' : Version test of 'FML3' from server : ACCEPTED
[25вер.2026 12:23:17.934] [Netty Local Client IO #0/DEBUG] [net.minecraftforge.network.NetworkRegistry/NETREGISTRY]: Channel 'curios:main' : Version test of '1' from server : ACCEPTED
[25вер.2026 12:23:17.934] [Netty Local Client IO #0/DEBUG] [net.minecraftforge.network.NetworkRegistry/NETREGISTRY]: Channel 'minecraft:unregister' : Version test of 'FML3' from server : ACCEPTED
[25вер.2026 12:23:17.934] [Netty Local Client IO #0/DEBUG] [net.minecraftforge.network.NetworkRegistry/NETREGISTRY]: Channel 'fml:play' : Version test of 'FML3' from server : ACCEPTED
[25вер.2026 12:23:17.934] [Netty Local Client IO #0/DEBUG] [net.minecraftforge.network.NetworkRegistry/NETREGISTRY]: Channel 'minecraft:register' : Version test of 'FML3' from server : ACCEPTED
[25вер.2026 12:23:17.934] [Netty Local Client IO #0/DEBUG] [net.minecraftforge.network.NetworkRegistry/NETREGISTRY]: Channel 'forge:split' : Version test of '1.1' from server : ACCEPTED
[25вер.2026 12:23:17.934] [Netty Local Client IO #0/DEBUG] [net.minecraftforge.network.NetworkRegistry/NETREGISTRY]: Channel 'squadmc:spike_control' : Version test of '2' from server : ACCEPTED
[25вер.2026 12:23:17.935] [Netty Local Client IO #0/DEBUG] [net.minecraftforge.network.NetworkRegistry/NETREGISTRY]: Channel 'superbwarfare:superbwarfare' : Version test of '1' from server : ACCEPTED
[25вер.2026 12:23:17.935] [Netty Local Client IO #0/DEBUG] [net.minecraftforge.network.NetworkRegistry/NETREGISTRY]: Channel 'geckolib:main' : Version test of '1' from server : ACCEPTED
[25вер.2026 12:23:17.935] [Netty Local Client IO #0/DEBUG] [net.minecraftforge.network.NetworkRegistry/NETREGISTRY]: Channel 'squadmc:main' : Version test of '1' from server : ACCEPTED
[25вер.2026 12:23:17.935] [Netty Local Client IO #0/DEBUG] [net.minecraftforge.network.NetworkRegistry/NETREGISTRY]: Accepting channel list from server
[25вер.2026 12:23:17.936] [Netty Local Client IO #0/DEBUG] [net.minecraftforge.network.LoginWrapper/FMLHANDSHAKE]: Dispatching wrapped packet reply for channel fml:handshake with index 1
[25вер.2026 12:23:17.938] [Netty Local Client IO #0/DEBUG] [net.minecraftforge.network.HandshakeHandler/FMLHANDSHAKE]: Accepted server connection
[25вер.2026 12:23:17.938] [Netty Server IO #1/DEBUG] [net.minecraftforge.network.LoginWrapper/FMLHANDSHAKE]: Recieved login wrapper packet event for channel fml:handshake with index 1
[25вер.2026 12:23:17.938] [Netty Server IO #1/DEBUG] [net.minecraftforge.network.HandshakeHandler/FMLHANDSHAKE]: Received client indexed reply 1 of type net.minecraftforge.network.HandshakeMessages$C2SModListReply
[25вер.2026 12:23:17.939] [Netty Server IO #1/DEBUG] [net.minecraftforge.network.HandshakeHandler/FMLHANDSHAKE]: Received client connection with modlist [minecraft, forge, curios, geckolib, superbwarfare, squadmc]
[25вер.2026 12:23:17.939] [Netty Local Client IO #0/DEBUG] [net.minecraftforge.network.HandshakeHandler/REGISTRIES]: Expecting 20 registries: [minecraft:command_argument_type, minecraft:recipe_serializer, minecraft:sound_event, minecraft:particle_type, minecraft:villager_profession, minecraft:item, minecraft:potion, minecraft:painting_variant, forge:fluid_type, minecraft:block_entity_type, forge:display_contexts, minecraft:block, forge:entity_data_serializers, minecraft:mob_effect, minecraft:stat_type, superbwarfare:perk, minecraft:menu, minecraft:enchantment, minecraft:fluid, minecraft:entity_type]
[25вер.2026 12:23:17.939] [Netty Server IO #1/DEBUG] [net.minecraftforge.network.NetworkRegistry/NETREGISTRY]: Channel 'fml:loginwrapper' : Version test of 'FML3' from client : ACCEPTED
[25вер.2026 12:23:17.939] [Netty Server IO #1/DEBUG] [net.minecraftforge.network.NetworkRegistry/NETREGISTRY]: Channel 'forge:tier_sorting' : Version test of '1.0' from client : ACCEPTED
[25вер.2026 12:23:17.939] [Netty Server IO #1/DEBUG] [net.minecraftforge.network.NetworkRegistry/NETREGISTRY]: Channel 'fml:handshake' : Version test of 'FML3' from client : ACCEPTED
[25вер.2026 12:23:17.939] [Netty Server IO #1/DEBUG] [net.minecraftforge.network.NetworkRegistry/NETREGISTRY]: Channel 'curios:main' : Version test of '1' from client : ACCEPTED
[25вер.2026 12:23:17.939] [Netty Server IO #1/DEBUG] [net.minecraftforge.network.NetworkRegistry/NETREGISTRY]: Channel 'minecraft:unregister' : Version test of 'FML3' from client : ACCEPTED
[25вер.2026 12:23:17.939] [Netty Server IO #1/DEBUG] [net.minecraftforge.network.NetworkRegistry/NETREGISTRY]: Channel 'fml:play' : Version test of 'FML3' from client : ACCEPTED
[25вер.2026 12:23:17.939] [Netty Server IO #1/DEBUG] [net.minecraftforge.network.NetworkRegistry/NETREGISTRY]: Channel 'minecraft:register' : Version test of 'FML3' from client : ACCEPTED
[25вер.2026 12:23:17.939] [Netty Server IO #1/DEBUG] [net.minecraftforge.network.NetworkRegistry/NETREGISTRY]: Channel 'forge:split' : Version test of '1.1' from client : ACCEPTED
[25вер.2026 12:23:17.939] [Netty Server IO #1/DEBUG] [net.minecraftforge.network.NetworkRegistry/NETREGISTRY]: Channel 'squadmc:spike_control' : Version test of '2' from client : ACCEPTED
[25вер.2026 12:23:17.940] [Netty Server IO #1/DEBUG] [net.minecraftforge.network.NetworkRegistry/NETREGISTRY]: Channel 'superbwarfare:superbwarfare' : Version test of '1' from client : ACCEPTED
[25вер.2026 12:23:17.940] [Netty Server IO #1/DEBUG] [net.minecraftforge.network.NetworkRegistry/NETREGISTRY]: Channel 'geckolib:main' : Version test of '1' from client : ACCEPTED
[25вер.2026 12:23:17.940] [Netty Server IO #1/DEBUG] [net.minecraftforge.network.NetworkRegistry/NETREGISTRY]: Channel 'squadmc:main' : Version test of '1' from client : ACCEPTED
[25вер.2026 12:23:17.940] [Netty Server IO #1/DEBUG] [net.minecraftforge.network.NetworkRegistry/NETREGISTRY]: Accepting channel list from client
[25вер.2026 12:23:17.940] [Netty Server IO #1/DEBUG] [net.minecraftforge.network.HandshakeHandler/FMLHANDSHAKE]: Accepted client connection mod list
[25вер.2026 12:23:18.026] [Server thread/DEBUG] [net.minecraftforge.network.HandshakeHandler/FMLHANDSHAKE]: Sending ticking packet info 'Config superbwarfare-server.toml' to 'fml:handshake' sequence 2
[25вер.2026 12:23:18.027] [Netty Local Client IO #0/DEBUG] [net.minecraftforge.network.LoginWrapper/FMLHANDSHAKE]: Recieved login wrapper packet event for channel fml:handshake with index 2
[25вер.2026 12:23:18.027] [Netty Local Client IO #0/DEBUG] [net.minecraftforge.network.HandshakeHandler/FMLHANDSHAKE]: Received config sync from server
[25вер.2026 12:23:18.027] [Netty Local Client IO #0/DEBUG] [net.minecraftforge.network.LoginWrapper/FMLHANDSHAKE]: Dispatching wrapped packet reply for channel fml:handshake with index 2
[25вер.2026 12:23:18.028] [Netty Server IO #1/DEBUG] [net.minecraftforge.network.LoginWrapper/FMLHANDSHAKE]: Recieved login wrapper packet event for channel fml:handshake with index 2
[25вер.2026 12:23:18.028] [Netty Server IO #1/DEBUG] [net.minecraftforge.network.HandshakeHandler/FMLHANDSHAKE]: Received client indexed reply 2 of type net.minecraftforge.network.HandshakeMessages$C2SAcknowledge
[25вер.2026 12:23:18.028] [Netty Server IO #1/DEBUG] [net.minecraftforge.network.HandshakeHandler/FMLHANDSHAKE]: Received acknowledgement from client
[25вер.2026 12:23:18.081] [Server thread/DEBUG] [net.minecraftforge.network.HandshakeHandler/FMLHANDSHAKE]: Sending ticking packet info 'Config curios-server.toml' to 'fml:handshake' sequence 3
[25вер.2026 12:23:18.083] [Netty Local Client IO #0/DEBUG] [net.minecraftforge.network.LoginWrapper/FMLHANDSHAKE]: Recieved login wrapper packet event for channel fml:handshake with index 3
[25вер.2026 12:23:18.083] [Netty Local Client IO #0/DEBUG] [net.minecraftforge.network.HandshakeHandler/FMLHANDSHAKE]: Received config sync from server
[25вер.2026 12:23:18.083] [Netty Local Client IO #0/DEBUG] [net.minecraftforge.network.LoginWrapper/FMLHANDSHAKE]: Dispatching wrapped packet reply for channel fml:handshake with index 3
[25вер.2026 12:23:18.084] [Netty Server IO #1/DEBUG] [net.minecraftforge.network.LoginWrapper/FMLHANDSHAKE]: Recieved login wrapper packet event for channel fml:handshake with index 3
[25вер.2026 12:23:18.084] [Netty Server IO #1/DEBUG] [net.minecraftforge.network.HandshakeHandler/FMLHANDSHAKE]: Received client indexed reply 3 of type net.minecraftforge.network.HandshakeMessages$C2SAcknowledge
[25вер.2026 12:23:18.084] [Netty Server IO #1/DEBUG] [net.minecraftforge.network.HandshakeHandler/FMLHANDSHAKE]: Received acknowledgement from client
[25вер.2026 12:23:18.140] [Server thread/DEBUG] [net.minecraftforge.network.HandshakeHandler/FMLHANDSHAKE]: Sending ticking packet info 'Config forge-server.toml' to 'fml:handshake' sequence 4
[25вер.2026 12:23:18.141] [Netty Local Client IO #0/DEBUG] [net.minecraftforge.network.LoginWrapper/FMLHANDSHAKE]: Recieved login wrapper packet event for channel fml:handshake with index 4
[25вер.2026 12:23:18.141] [Netty Local Client IO #0/DEBUG] [net.minecraftforge.network.HandshakeHandler/FMLHANDSHAKE]: Received config sync from server
[25вер.2026 12:23:18.141] [Netty Local Client IO #0/DEBUG] [net.minecraftforge.network.LoginWrapper/FMLHANDSHAKE]: Dispatching wrapped packet reply for channel fml:handshake with index 4
[25вер.2026 12:23:18.141] [Netty Server IO #1/DEBUG] [net.minecraftforge.network.LoginWrapper/FMLHANDSHAKE]: Recieved login wrapper packet event for channel fml:handshake with index 4
[25вер.2026 12:23:18.142] [Netty Server IO #1/DEBUG] [net.minecraftforge.network.HandshakeHandler/FMLHANDSHAKE]: Received client indexed reply 4 of type net.minecraftforge.network.HandshakeMessages$C2SAcknowledge
[25вер.2026 12:23:18.142] [Netty Server IO #1/DEBUG] [net.minecraftforge.network.HandshakeHandler/FMLHANDSHAKE]: Received acknowledgement from client
[25вер.2026 12:23:18.194] [Server thread/DEBUG] [net.minecraftforge.network.HandshakeHandler/FMLHANDSHAKE]: Handshake complete!
[25вер.2026 12:23:18.254] [Netty Local Client IO #0/INFO] [net.minecraftforge.network.NetworkHooks/]: Connected to a modded server.
[25вер.2026 12:23:18.255] [Netty Local Client IO #0/DEBUG] [mixin/]: Mixing ClientPacketListenerMixin from mixins.superbwarfare.json into net.minecraft.client.multiplayer.ClientPacketListener
[25вер.2026 12:23:18.256] [Netty Local Client IO #0/DEBUG] [mixin/]: Renaming synthetic method lambda$vehicleEntityUpdate$0([ILnet/minecraft/world/entity/Entity;)Ljava/lang/Integer; to md8b4ee3$lambda$vehicleEntityUpdate$0$0 in mixins.superbwarfare.json:ClientPacketListenerMixin
[25вер.2026 12:23:18.292] [Netty Local Client IO #0/DEBUG] [mixin/]: Mixing KeyboardInputMixin from mixins.superbwarfare.json into net.minecraft.client.player.KeyboardInput
[25вер.2026 12:23:18.375] [Server thread/INFO] [net.minecraft.server.players.PlayerList/]: Dev[local:E:46bcdd19] logged in with entity id 22 at (4015.6120773517528, -42.13186424311915, 5755.95681285909)
[25вер.2026 12:23:18.443] [Server thread/INFO] [net.minecraft.server.MinecraftServer/]: Dev joined the game
[25вер.2026 12:23:18.900] [Render thread/INFO] [net.minecraft.advancements.AdvancementList/]: Loaded 67 advancements
[25вер.2026 12:23:18.904] [Render thread/DEBUG] [mixin/]: Mixing ProjectileUtilMixin from mixins.superbwarfare.json into net.minecraft.world.entity.projectile.ProjectileUtil
[25вер.2026 12:23:22.885] [Server thread/WARN] [net.minecraft.server.MinecraftServer/]: Can't keep up! Is the server overloaded? Running 5207ms or 104 ticks behind
[25вер.2026 12:23:23.979] [Render thread/INFO] [tech.squadmc.squadmcor.client.smoke.IrisCompat/]: [squadmc] No Iris/Oculus/OptiFine detected
[25вер.2026 12:23:23.979] [Render thread/INFO] [tech.squadmc.squadmcor.client.smoke.IrisCompat/]: [squadmc] shader pack active = false
[25вер.2026 12:23:29.754] [Render thread/WARN] [net.minecraft.client.sounds.SoundEngine/SOUNDS]: Unable to play empty soundEvent: squadmc:empty
[25вер.2026 12:23:40.762] [Server thread/INFO] [net.minecraft.server.MinecraftServer/]: [Dev: Summoned new BMP-2]
[25вер.2026 12:23:40.772] [Render thread/INFO] [net.minecraft.client.gui.components.ChatComponent/]: [System] [CHAT] Summoned new BMP-2
[25вер.2026 12:24:59.778] [Server thread/INFO] [net.minecraft.client.server.IntegratedServer/]: Saving and pausing game...
[25вер.2026 12:24:59.789] [Server thread/INFO] [net.minecraft.server.MinecraftServer/]: Saving chunks for level 'ServerLevel[New World]'/minecraft:overworld
[25вер.2026 12:24:59.827] [Server thread/INFO] [net.minecraft.server.MinecraftServer/]: Saving chunks for level 'ServerLevel[New World]'/minecraft:the_end
[25вер.2026 12:24:59.830] [Server thread/INFO] [net.minecraft.server.MinecraftServer/]: Saving chunks for level 'ServerLevel[New World]'/minecraft:the_nether
[25вер.2026 12:24:59.833] [Server thread/DEBUG] [net.minecraftforge.common.ForgeHooks/WP]: Gathering id map for writing to world save New World
[25вер.2026 12:24:59.839] [Server thread/DEBUG] [net.minecraftforge.common.ForgeHooks/WP]: ID Map collection complete New World
