[01июл.2026 00:51:38.098] [main/INFO] [cpw.mods.modlauncher.Launcher/MODLAUNCHER]: ModLauncher running: args [--launchTarget, forgedatauserdev, --assetIndex, 5, --assetsDir, C:\Users\shali\.gradle\caches\forge_gradle\assets, --gameDir, ., --fml.forgeVersion, 47.2.0, --fml.mcVersion, 1.20.1, --fml.forgeGroup, net.minecraftforge, --fml.mcpVersion, 20230612.114412, --mod, extensiontest, --all, --output, C:\Users\shali\OneDrive\Desktop\SuperbWarfareExtensionModExample-master\src\generated\resources, --existing, C:\Users\shali\OneDrive\Desktop\SuperbWarfareExtensionModExample-master\src\main\resources]
[01июл.2026 00:51:38.105] [main/INFO] [cpw.mods.modlauncher.Launcher/MODLAUNCHER]: ModLauncher 10.0.9+10.0.9+main.dcd20f30 starting: java version 17.0.19 by Eclipse Adoptium; OS Windows 10 arch amd64 version 10.0
[01июл.2026 00:51:38.153] [main/DEBUG] [cpw.mods.modlauncher.LaunchServiceHandler/MODLAUNCHER]: Found launch services [fmlclientdev,forgeclient,minecraft,forgegametestserverdev,fmlserveruserdev,fmlclient,fmldatauserdev,forgeserverdev,forgeserveruserdev,forgeclientdev,forgeclientuserdev,forgeserver,forgedatadev,fmlserver,fmlclientuserdev,fmlserverdev,forgedatauserdev,testharness,forgegametestserveruserdev]
[01июл.2026 00:51:38.169] [main/DEBUG] [cpw.mods.modlauncher.NameMappingServiceHandler/MODLAUNCHER]: Found naming services : [srgtomcp]
[01июл.2026 00:51:38.195] [main/DEBUG] [cpw.mods.modlauncher.LaunchPluginHandler/MODLAUNCHER]: Found launch plugins: [mixin,eventbus,slf4jfixer,object_holder_definalize,runtime_enum_extender,capability_token_subclass,accesstransformer,runtimedistcleaner]
[01июл.2026 00:51:38.207] [main/DEBUG] [cpw.mods.modlauncher.TransformationServicesHandler/MODLAUNCHER]: Discovering transformation services
[01июл.2026 00:51:38.213] [main/DEBUG] [net.minecraftforge.fml.loading.FMLPaths/CORE]: Path GAMEDIR is C:\Users\shali\OneDrive\Desktop\SuperbWarfareExtensionModExample-master\run-data
[01июл.2026 00:51:38.214] [main/DEBUG] [net.minecraftforge.fml.loading.FMLPaths/CORE]: Path MODSDIR is C:\Users\shali\OneDrive\Desktop\SuperbWarfareExtensionModExample-master\run-data\mods
[01июл.2026 00:51:38.215] [main/DEBUG] [net.minecraftforge.fml.loading.FMLPaths/CORE]: Path CONFIGDIR is C:\Users\shali\OneDrive\Desktop\SuperbWarfareExtensionModExample-master\run-data\config
[01июл.2026 00:51:38.215] [main/DEBUG] [net.minecraftforge.fml.loading.FMLPaths/CORE]: Path FMLCONFIG is C:\Users\shali\OneDrive\Desktop\SuperbWarfareExtensionModExample-master\run-data\config\fml.toml
[01июл.2026 00:51:38.250] [main/WARN] [net.minecraftforge.fml.loading.FMLConfig/CORE]: Configuration file C:\Users\shali\OneDrive\Desktop\SuperbWarfareExtensionModExample-master\run-data\config\fml.toml is not correct. Correcting
[01июл.2026 00:51:38.251] [main/INFO] [net.minecraftforge.fml.loading.FMLConfig/CORE]: Incorrect key [earlyWindowSkipGLVersions] was corrected from null to []
[01июл.2026 00:51:38.252] [main/INFO] [net.minecraftforge.fml.loading.FMLConfig/CORE]: Incorrect key [earlyWindowSquir] was corrected from null to false
[01июл.2026 00:51:38.264] [main/DEBUG] [cpw.mods.modlauncher.TransformationServicesHandler/MODLAUNCHER]: Found additional transformation services from discovery services: 
[01июл.2026 00:51:38.272] [main/INFO] [net.minecraftforge.fml.loading.ImmediateWindowHandler/]: ImmediateWindowProvider not loading because launch target is forgedatauserdev
[01июл.2026 00:51:38.280] [main/DEBUG] [cpw.mods.modlauncher.TransformationServicesHandler/MODLAUNCHER]: Found transformer services : [mixin,fml]
[01июл.2026 00:51:38.280] [main/DEBUG] [cpw.mods.modlauncher.TransformationServicesHandler/MODLAUNCHER]: Transformation services loading
[01июл.2026 00:51:38.281] [main/DEBUG] [cpw.mods.modlauncher.TransformationServiceDecorator/MODLAUNCHER]: Loading service mixin
[01июл.2026 00:51:38.281] [main/DEBUG] [cpw.mods.modlauncher.TransformationServiceDecorator/MODLAUNCHER]: Loaded service mixin
[01июл.2026 00:51:38.282] [main/DEBUG] [cpw.mods.modlauncher.TransformationServiceDecorator/MODLAUNCHER]: Loading service fml
[01июл.2026 00:51:38.283] [main/DEBUG] [net.minecraftforge.fml.loading.LauncherVersion/CORE]: Found FMLLauncher version 1.0
[01июл.2026 00:51:38.284] [main/DEBUG] [net.minecraftforge.fml.loading.FMLLoader/CORE]: FML 1.0 loading
[01июл.2026 00:51:38.284] [main/DEBUG] [net.minecraftforge.fml.loading.FMLLoader/CORE]: FML found ModLauncher version : 10.0.9+10.0.9+main.dcd20f30
[01июл.2026 00:51:38.285] [main/DEBUG] [net.minecraftforge.fml.loading.FMLLoader/CORE]: FML found AccessTransformer version : 8.0.4+66+master.c09db6d7
[01июл.2026 00:51:38.286] [main/DEBUG] [net.minecraftforge.fml.loading.FMLLoader/CORE]: FML found EventBus version : 6.0.5+6.0.5+master.eb8e549b
[01июл.2026 00:51:38.286] [main/DEBUG] [net.minecraftforge.fml.loading.FMLLoader/CORE]: Found Runtime Dist Cleaner
[01июл.2026 00:51:38.288] [main/DEBUG] [net.minecraftforge.fml.loading.FMLLoader/CORE]: FML found CoreMod version : 5.0.1+15+master.dc5a2922
[01июл.2026 00:51:38.289] [main/DEBUG] [net.minecraftforge.fml.loading.FMLLoader/CORE]: Found ForgeSPI package implementation version 7.0.1+7.0.1+master.d2b38bf6
[01июл.2026 00:51:38.290] [main/DEBUG] [net.minecraftforge.fml.loading.FMLLoader/CORE]: Found ForgeSPI package specification 5
[01июл.2026 00:51:38.290] [main/DEBUG] [cpw.mods.modlauncher.TransformationServiceDecorator/MODLAUNCHER]: Loaded service fml
[01июл.2026 00:51:38.291] [main/DEBUG] [cpw.mods.modlauncher.TransformationServicesHandler/MODLAUNCHER]: Configuring option handling for services
[01июл.2026 00:51:38.300] [main/DEBUG] [cpw.mods.modlauncher.TransformationServicesHandler/MODLAUNCHER]: Transformation services initializing
[01июл.2026 00:51:38.301] [main/DEBUG] [cpw.mods.modlauncher.TransformationServiceDecorator/MODLAUNCHER]: Initializing transformation service mixin
[01июл.2026 00:51:38.315] [main/DEBUG] [mixin/]: MixinService [ModLauncher] was successfully booted in cpw.mods.cl.ModuleClassLoader@70e8f8e
[01июл.2026 00:51:38.329] [main/INFO] [mixin/]: SpongePowered MIXIN Subsystem Version=0.8.5 Source=union:/C:/Users/shali/.gradle/caches/modules-2/files-2.1/org.spongepowered/mixin/0.8.5/9d1c0c3a304ae6697ecd477218fa61b850bf57fc/mixin-0.8.5.jar%23128!/ Service=ModLauncher Env=CLIENT
[01июл.2026 00:51:38.332] [main/DEBUG] [mixin/]: Initialising Mixin Platform Manager
[01июл.2026 00:51:38.332] [main/DEBUG] [mixin/]: Adding mixin platform agents for container ModLauncher Root Container(ModLauncher:4f56a0a2)
[01июл.2026 00:51:38.333] [main/DEBUG] [mixin/]: Instancing new MixinPlatformAgentMinecraftForge for ModLauncher Root Container(ModLauncher:4f56a0a2)
[01июл.2026 00:51:38.333] [main/DEBUG] [mixin/]: MixinPlatformAgentMinecraftForge rejected container ModLauncher Root Container(ModLauncher:4f56a0a2)
[01июл.2026 00:51:38.334] [main/DEBUG] [mixin/]: Instancing new MixinPlatformAgentDefault for ModLauncher Root Container(ModLauncher:4f56a0a2)
[01июл.2026 00:51:38.334] [main/DEBUG] [mixin/]: MixinPlatformAgentDefault accepted container ModLauncher Root Container(ModLauncher:4f56a0a2)
[01июл.2026 00:51:38.336] [main/DEBUG] [cpw.mods.modlauncher.TransformationServiceDecorator/MODLAUNCHER]: Initialized transformation service mixin
[01июл.2026 00:51:38.337] [main/DEBUG] [cpw.mods.modlauncher.TransformationServiceDecorator/MODLAUNCHER]: Initializing transformation service fml
[01июл.2026 00:51:38.337] [main/DEBUG] [net.minecraftforge.fml.loading.FMLServiceProvider/CORE]: Setting up basic FML game directories
[01июл.2026 00:51:38.338] [main/DEBUG] [net.minecraftforge.fml.loading.FMLPaths/CORE]: Path GAMEDIR is C:\Users\shali\OneDrive\Desktop\SuperbWarfareExtensionModExample-master\run-data
[01июл.2026 00:51:38.338] [main/DEBUG] [net.minecraftforge.fml.loading.FMLPaths/CORE]: Path MODSDIR is C:\Users\shali\OneDrive\Desktop\SuperbWarfareExtensionModExample-master\run-data\mods
[01июл.2026 00:51:38.338] [main/DEBUG] [net.minecraftforge.fml.loading.FMLPaths/CORE]: Path CONFIGDIR is C:\Users\shali\OneDrive\Desktop\SuperbWarfareExtensionModExample-master\run-data\config
[01июл.2026 00:51:38.339] [main/DEBUG] [net.minecraftforge.fml.loading.FMLPaths/CORE]: Path FMLCONFIG is C:\Users\shali\OneDrive\Desktop\SuperbWarfareExtensionModExample-master\run-data\config\fml.toml
[01июл.2026 00:51:38.339] [main/DEBUG] [net.minecraftforge.fml.loading.FMLServiceProvider/CORE]: Loading configuration
[01июл.2026 00:51:38.344] [main/DEBUG] [net.minecraftforge.fml.loading.FMLServiceProvider/CORE]: Preparing ModFile
[01июл.2026 00:51:38.347] [main/DEBUG] [net.minecraftforge.fml.loading.FMLServiceProvider/CORE]: Preparing launch handler
[01июл.2026 00:51:38.347] [main/DEBUG] [net.minecraftforge.fml.loading.FMLLoader/CORE]: Using forgedatauserdev as launch service
[01июл.2026 00:51:38.359] [main/DEBUG] [net.minecraftforge.fml.loading.FMLLoader/CORE]: Received command line version data  : VersionInfo[forgeVersion=47.2.0, mcVersion=1.20.1, mcpVersion=20230612.114412, forgeGroup=net.minecraftforge]
[01июл.2026 00:51:38.362] [main/DEBUG] [cpw.mods.modlauncher.TransformationServiceDecorator/MODLAUNCHER]: Initialized transformation service fml
[01июл.2026 00:51:38.362] [main/DEBUG] [cpw.mods.modlauncher.NameMappingServiceHandler/MODLAUNCHER]: Current naming domain is 'mcp'
[01июл.2026 00:51:38.363] [main/DEBUG] [cpw.mods.modlauncher.NameMappingServiceHandler/MODLAUNCHER]: Identified name mapping providers {srg=srgtomcp:1234}
[01июл.2026 00:51:38.363] [main/DEBUG] [cpw.mods.modlauncher.TransformationServicesHandler/MODLAUNCHER]: Transformation services begin scanning
[01июл.2026 00:51:38.364] [main/DEBUG] [cpw.mods.modlauncher.TransformationServiceDecorator/MODLAUNCHER]: Beginning scan trigger - transformation service mixin
[01июл.2026 00:51:38.364] [main/DEBUG] [cpw.mods.modlauncher.TransformationServiceDecorator/MODLAUNCHER]: End scan trigger - transformation service mixin
[01июл.2026 00:51:38.364] [main/DEBUG] [cpw.mods.modlauncher.TransformationServiceDecorator/MODLAUNCHER]: Beginning scan trigger - transformation service fml
[01июл.2026 00:51:38.365] [main/DEBUG] [net.minecraftforge.fml.loading.FMLServiceProvider/CORE]: Initiating mod scan
[01июл.2026 00:51:38.375] [main/DEBUG] [net.minecraftforge.fml.loading.moddiscovery.ModListHandler/CORE]: Found mod coordinates from lists: []
[01июл.2026 00:51:38.379] [main/DEBUG] [net.minecraftforge.fml.loading.moddiscovery.ModDiscoverer/CORE]: Found Mod Locators : (mods folder:null),(maven libs:null),(exploded directory:null),(minecraft:null),(userdev classpath:null)
[01июл.2026 00:51:38.380] [main/DEBUG] [net.minecraftforge.fml.loading.moddiscovery.ModDiscoverer/CORE]: Found Dependency Locators : (JarInJar:null)
[01июл.2026 00:51:38.385] [main/DEBUG] [net.minecraftforge.fml.loading.targets.CommonLaunchHandler/CORE]: Got mod coordinates extensiontest%%C:\Users\shali\OneDrive\Desktop\SuperbWarfareExtensionModExample-master\build\resources\main;extensiontest%%C:\Users\shali\OneDrive\Desktop\SuperbWarfareExtensionModExample-master\build\classes\java\main from env
[01июл.2026 00:51:38.386] [main/DEBUG] [net.minecraftforge.fml.loading.targets.CommonLaunchHandler/CORE]: Found supplied mod coordinates [{extensiontest=[C:\Users\shali\OneDrive\Desktop\SuperbWarfareExtensionModExample-master\build\resources\main, C:\Users\shali\OneDrive\Desktop\SuperbWarfareExtensionModExample-master\build\classes\java\main]}]
[01июл.2026 00:51:38.667] [main/DEBUG] [net.minecraftforge.fml.loading.moddiscovery.ModFileInfo/LOADING]: Found valid mod file forge-1.20.1-47.2.0_mapped_parchment_2023.08.13-1.20.1-recomp.jar with {minecraft} mods - versions {1.20.1}
[01июл.2026 00:51:38.672] [main/DEBUG] [net.minecraftforge.fml.loading.moddiscovery.ModFileParser/LOADING]: Considering mod file candidate C:\Users\shali\.gradle\caches\modules-2\files-2.1\net.minecraftforge\javafmllanguage\1.20.1-47.2.0\7f9181f85acc66547685a72020713fc8cbde98\javafmllanguage-1.20.1-47.2.0.jar
[01июл.2026 00:51:38.673] [main/WARN] [net.minecraftforge.fml.loading.moddiscovery.ModFileParser/LOADING]: Mod file C:\Users\shali\.gradle\caches\modules-2\files-2.1\net.minecraftforge\javafmllanguage\1.20.1-47.2.0\7f9181f85acc66547685a72020713fc8cbde98\javafmllanguage-1.20.1-47.2.0.jar is missing mods.toml file
[01июл.2026 00:51:38.677] [main/DEBUG] [net.minecraftforge.fml.loading.moddiscovery.ModFileParser/LOADING]: Considering mod file candidate C:\Users\shali\.gradle\caches\modules-2\files-2.1\net.minecraftforge\lowcodelanguage\1.20.1-47.2.0\7872f5205685fdd26fae39b1be79b0e60ca5b7bd\lowcodelanguage-1.20.1-47.2.0.jar
[01июл.2026 00:51:38.677] [main/WARN] [net.minecraftforge.fml.loading.moddiscovery.ModFileParser/LOADING]: Mod file C:\Users\shali\.gradle\caches\modules-2\files-2.1\net.minecraftforge\lowcodelanguage\1.20.1-47.2.0\7872f5205685fdd26fae39b1be79b0e60ca5b7bd\lowcodelanguage-1.20.1-47.2.0.jar is missing mods.toml file
[01июл.2026 00:51:38.680] [main/DEBUG] [net.minecraftforge.fml.loading.moddiscovery.ModFileParser/LOADING]: Considering mod file candidate C:\Users\shali\.gradle\caches\modules-2\files-2.1\net.minecraftforge\mclanguage\1.20.1-47.2.0\d501d161cabed08b3c139a2c6217b02a39f3c3e9\mclanguage-1.20.1-47.2.0.jar
[01июл.2026 00:51:38.680] [main/WARN] [net.minecraftforge.fml.loading.moddiscovery.ModFileParser/LOADING]: Mod file C:\Users\shali\.gradle\caches\modules-2\files-2.1\net.minecraftforge\mclanguage\1.20.1-47.2.0\d501d161cabed08b3c139a2c6217b02a39f3c3e9\mclanguage-1.20.1-47.2.0.jar is missing mods.toml file
[01июл.2026 00:51:38.684] [main/DEBUG] [net.minecraftforge.fml.loading.moddiscovery.ModFileParser/LOADING]: Considering mod file candidate C:\Users\shali\.gradle\caches\modules-2\files-2.1\net.minecraftforge\fmlcore\1.20.1-47.2.0\ffd3c6debac0a388c9e33ac43c9f5eafb91cb466\fmlcore-1.20.1-47.2.0.jar
[01июл.2026 00:51:38.684] [main/WARN] [net.minecraftforge.fml.loading.moddiscovery.ModFileParser/LOADING]: Mod file C:\Users\shali\.gradle\caches\modules-2\files-2.1\net.minecraftforge\fmlcore\1.20.1-47.2.0\ffd3c6debac0a388c9e33ac43c9f5eafb91cb466\fmlcore-1.20.1-47.2.0.jar is missing mods.toml file
[01июл.2026 00:51:38.690] [main/DEBUG] [net.minecraftforge.fml.loading.moddiscovery.ModFileParser/LOADING]: Considering mod file candidate C:\Users\shali\OneDrive\Desktop\SuperbWarfareExtensionModExample-master\build\resources\main
[01июл.2026 00:51:38.703] [main/DEBUG] [net.minecraftforge.fml.loading.moddiscovery.ModFileInfo/LOADING]: Found valid mod file main with {squadmc} mods - versions {1.0-SNAPSHOT}
[01июл.2026 00:51:38.706] [main/DEBUG] [net.minecraftforge.fml.loading.moddiscovery.ModFileParser/LOADING]: Considering mod file candidate /
[01июл.2026 00:51:38.709] [main/DEBUG] [net.minecraftforge.fml.loading.moddiscovery.ModFileInfo/LOADING]: Found valid mod file  with {forge} mods - versions {47.2.0}
[01июл.2026 00:51:38.729] [main/DEBUG] [net.minecraftforge.fml.loading.moddiscovery.ModFileParser/LOADING]: Considering mod file candidate C:\Users\shali\.gradle\caches\forge_gradle\deobf_dependencies\software\bernie\geckolib\geckolib-forge-1.20.1\4.4.6_mapped_parchment_2023.08.13-1.20.1\geckolib-forge-1.20.1-4.4.6_mapped_parchment_2023.08.13-1.20.1.jar
[01июл.2026 00:51:38.730] [main/DEBUG] [net.minecraftforge.fml.loading.moddiscovery.ModFileInfo/LOADING]: Found valid mod file geckolib-forge-1.20.1-4.4.6_mapped_parchment_2023.08.13-1.20.1.jar with {geckolib} mods - versions {4.4.6}
[01июл.2026 00:51:38.736] [main/DEBUG] [net.minecraftforge.fml.loading.moddiscovery.ModFileParser/LOADING]: Considering mod file candidate C:\Users\shali\.gradle\caches\forge_gradle\deobf_dependencies\curse\maven\superb-warfare-1218165\7292685_mapped_parchment_2023.08.13-1.20.1\superb-warfare-1218165-7292685_mapped_parchment_2023.08.13-1.20.1.jar
[01июл.2026 00:51:38.738] [main/DEBUG] [net.minecraftforge.fml.loading.moddiscovery.ModFileInfo/LOADING]: Found valid mod file superb-warfare-1218165-7292685_mapped_parchment_2023.08.13-1.20.1.jar with {superbwarfare} mods - versions {0.8.8}
[01июл.2026 00:51:38.742] [main/DEBUG] [net.minecraftforge.fml.loading.moddiscovery.ModFileParser/LOADING]: Considering mod file candidate C:\Users\shali\.gradle\caches\forge_gradle\deobf_dependencies\top\theillusivec4\curios\curios-forge\5.4.2+1.20.1_mapped_parchment_2023.08.13-1.20.1\curios-forge-5.4.2+1.20.1_mapped_parchment_2023.08.13-1.20.1.jar
[01июл.2026 00:51:38.746] [main/DEBUG] [net.minecraftforge.fml.loading.moddiscovery.ModFileInfo/LOADING]: Found valid mod file curios-forge-5.4.2+1.20.1_mapped_parchment_2023.08.13-1.20.1.jar with {curios} mods - versions {5.4.2+1.20.1}
[01июл.2026 00:51:38.750] [main/DEBUG] [net.minecraftforge.fml.loading.moddiscovery.ModFileParser/LOADING]: Considering mod file candidate C:\Users\shali\.gradle\caches\forge_gradle\deobf_dependencies\software\bernie\geckolib\geckolib-forge-1.20.1\4.4.6_mapped_parchment_2023.08.13-1.20.1\geckolib-forge-1.20.1-4.4.6_mapped_parchment_2023.08.13-1.20.1.jar
[01июл.2026 00:51:38.752] [main/DEBUG] [net.minecraftforge.fml.loading.moddiscovery.ModFileInfo/LOADING]: Found valid mod file geckolib-forge-1.20.1-4.4.6_mapped_parchment_2023.08.13-1.20.1.jar with {geckolib} mods - versions {4.4.6}
[01июл.2026 00:51:38.757] [main/DEBUG] [net.minecraftforge.fml.loading.moddiscovery.ModFileParser/LOADING]: Considering mod file candidate C:\Users\shali\.gradle\caches\forge_gradle\deobf_dependencies\curse\maven\superb-warfare-1218165\7292685_mapped_parchment_2023.08.13-1.20.1\superb-warfare-1218165-7292685_mapped_parchment_2023.08.13-1.20.1.jar
[01июл.2026 00:51:38.759] [main/DEBUG] [net.minecraftforge.fml.loading.moddiscovery.ModFileInfo/LOADING]: Found valid mod file superb-warfare-1218165-7292685_mapped_parchment_2023.08.13-1.20.1.jar with {superbwarfare} mods - versions {0.8.8}
[01июл.2026 00:51:38.763] [main/DEBUG] [net.minecraftforge.fml.loading.moddiscovery.ModFileParser/LOADING]: Considering mod file candidate C:\Users\shali\.gradle\caches\forge_gradle\deobf_dependencies\top\theillusivec4\curios\curios-forge\5.4.2+1.20.1_mapped_parchment_2023.08.13-1.20.1\curios-forge-5.4.2+1.20.1_mapped_parchment_2023.08.13-1.20.1.jar
[01июл.2026 00:51:38.764] [main/DEBUG] [net.minecraftforge.fml.loading.moddiscovery.ModFileInfo/LOADING]: Found valid mod file curios-forge-5.4.2+1.20.1_mapped_parchment_2023.08.13-1.20.1.jar with {curios} mods - versions {5.4.2+1.20.1}
[01июл.2026 00:51:38.768] [main/DEBUG] [net.minecraftforge.fml.loading.UniqueModListBuilder/]: Found 2 mods for first modid curios, selecting most recent based on version data
[01июл.2026 00:51:38.769] [main/DEBUG] [net.minecraftforge.fml.loading.UniqueModListBuilder/]: Selected file curios-forge-5.4.2+1.20.1_mapped_parchment_2023.08.13-1.20.1.jar for modid curios with version 5.4.2+1.20.1
[01июл.2026 00:51:38.769] [main/DEBUG] [net.minecraftforge.fml.loading.UniqueModListBuilder/]: Found 2 mods for first modid geckolib, selecting most recent based on version data
[01июл.2026 00:51:38.769] [main/DEBUG] [net.minecraftforge.fml.loading.UniqueModListBuilder/]: Selected file geckolib-forge-1.20.1-4.4.6_mapped_parchment_2023.08.13-1.20.1.jar for modid geckolib with version 4.4.6
[01июл.2026 00:51:38.769] [main/DEBUG] [net.minecraftforge.fml.loading.UniqueModListBuilder/]: Found 2 mods for first modid superbwarfare, selecting most recent based on version data
[01июл.2026 00:51:38.770] [main/DEBUG] [net.minecraftforge.fml.loading.UniqueModListBuilder/]: Selected file superb-warfare-1218165-7292685_mapped_parchment_2023.08.13-1.20.1.jar for modid superbwarfare with version 0.8.8
[01июл.2026 00:51:38.777] [main/DEBUG] [net.minecraftforge.fml.loading.moddiscovery.AbstractJarFileDependencyLocator/]: Failed to load resource META-INF\jarjar\metadata.json from forge-1.20.1-47.2.0_mapped_parchment_2023.08.13-1.20.1-recomp.jar, it does not contain dependency information.
[01июл.2026 00:51:38.777] [main/DEBUG] [net.minecraftforge.fml.loading.moddiscovery.AbstractJarFileDependencyLocator/]: Failed to load resource META-INF\jarjar\metadata.json from , it does not contain dependency information.
[01июл.2026 00:51:38.777] [main/DEBUG] [net.minecraftforge.fml.loading.moddiscovery.AbstractJarFileDependencyLocator/]: Failed to load resource META-INF\jarjar\metadata.json from curios-forge-5.4.2+1.20.1_mapped_parchment_2023.08.13-1.20.1.jar, it does not contain dependency information.
[01июл.2026 00:51:38.778] [main/DEBUG] [net.minecraftforge.fml.loading.moddiscovery.AbstractJarFileDependencyLocator/]: Failed to load resource META-INF\jarjar\metadata.json from superb-warfare-1218165-7292685_mapped_parchment_2023.08.13-1.20.1.jar, it does not contain dependency information.
[01июл.2026 00:51:38.778] [main/DEBUG] [net.minecraftforge.fml.loading.moddiscovery.AbstractJarFileDependencyLocator/]: Failed to load resource META-INF\jarjar\metadata.json from main, it does not contain dependency information.
[01июл.2026 00:51:38.779] [main/DEBUG] [net.minecraftforge.fml.loading.moddiscovery.AbstractJarFileDependencyLocator/]: Failed to load resource META-INF\jarjar\metadata.json from mclanguage-1.20.1-47.2.0.jar, it does not contain dependency information.
[01июл.2026 00:51:38.779] [main/DEBUG] [net.minecraftforge.fml.loading.moddiscovery.AbstractJarFileDependencyLocator/]: Failed to load resource META-INF\jarjar\metadata.json from javafmllanguage-1.20.1-47.2.0.jar, it does not contain dependency information.
[01июл.2026 00:51:38.780] [main/DEBUG] [net.minecraftforge.fml.loading.moddiscovery.AbstractJarFileDependencyLocator/]: Failed to load resource META-INF\jarjar\metadata.json from fmlcore-1.20.1-47.2.0.jar, it does not contain dependency information.
[01июл.2026 00:51:38.780] [main/DEBUG] [net.minecraftforge.fml.loading.moddiscovery.AbstractJarFileDependencyLocator/]: Failed to load resource META-INF\jarjar\metadata.json from lowcodelanguage-1.20.1-47.2.0.jar, it does not contain dependency information.
[01июл.2026 00:51:38.844] [main/DEBUG] [net.minecraftforge.fml.loading.moddiscovery.AbstractJarFileDependencyLocator/]: Failed to load resource META-INF\jarjar\metadata.json from mclib-20.jar, it does not contain dependency information.
[01июл.2026 00:51:38.881] [main/INFO] [net.minecraftforge.fml.loading.moddiscovery.JarInJarDependencyLocator/]: Found 1 dependencies adding them to mods collection
[01июл.2026 00:51:38.884] [main/DEBUG] [net.minecraftforge.fml.loading.moddiscovery.ModFileInfo/LOADING]: Found valid mod file forge-1.20.1-47.2.0_mapped_parchment_2023.08.13-1.20.1-recomp.jar with {minecraft} mods - versions {1.20.1}
[01июл.2026 00:51:38.886] [main/DEBUG] [net.minecraftforge.fml.loading.moddiscovery.ModFile/LOADING]: Loading mod file C:\Users\shali\.gradle\caches\forge_gradle\minecraft_user_repo\net\minecraftforge\forge\1.20.1-47.2.0_mapped_parchment_2023.08.13-1.20.1\forge-1.20.1-47.2.0_mapped_parchment_2023.08.13-1.20.1-recomp.jar with languages [LanguageSpec[languageName=minecraft, acceptedVersions=1]]
[01июл.2026 00:51:38.888] [main/DEBUG] [net.minecraftforge.fml.loading.moddiscovery.ModFileParser/LOADING]: Considering mod file candidate /
[01июл.2026 00:51:38.889] [main/DEBUG] [net.minecraftforge.fml.loading.moddiscovery.ModFileInfo/LOADING]: Found valid mod file  with {forge} mods - versions {47.2.0}
[01июл.2026 00:51:38.889] [main/DEBUG] [net.minecraftforge.fml.loading.moddiscovery.ModFile/LOADING]: Loading mod file / with languages [LanguageSpec[languageName=javafml, acceptedVersions=[24,]]]
[01июл.2026 00:51:38.892] [main/DEBUG] [net.minecraftforge.fml.loading.moddiscovery.ModFileParser/LOADING]: Found coremod field_to_method with Javascript path coremods/field_to_method.js
[01июл.2026 00:51:38.892] [main/DEBUG] [net.minecraftforge.fml.loading.moddiscovery.ModFileParser/LOADING]: Found coremod field_to_instanceof with Javascript path coremods/field_to_instanceof.js
[01июл.2026 00:51:38.892] [main/DEBUG] [net.minecraftforge.fml.loading.moddiscovery.ModFileParser/LOADING]: Found coremod add_bouncer_method with Javascript path coremods/add_bouncer_method.js
[01июл.2026 00:51:38.892] [main/DEBUG] [net.minecraftforge.fml.loading.moddiscovery.ModFileParser/LOADING]: Found coremod method_redirector with Javascript path coremods/method_redirector.js
[01июл.2026 00:51:38.893] [main/DEBUG] [net.minecraftforge.fml.loading.moddiscovery.ModFile/LOADING]: Found coremod coremods/field_to_method.js
[01июл.2026 00:51:38.893] [main/DEBUG] [net.minecraftforge.fml.loading.moddiscovery.ModFile/LOADING]: Found coremod coremods/field_to_instanceof.js
[01июл.2026 00:51:38.893] [main/DEBUG] [net.minecraftforge.fml.loading.moddiscovery.ModFile/LOADING]: Found coremod coremods/add_bouncer_method.js
[01июл.2026 00:51:38.893] [main/DEBUG] [net.minecraftforge.fml.loading.moddiscovery.ModFile/LOADING]: Found coremod coremods/method_redirector.js
[01июл.2026 00:51:38.893] [main/DEBUG] [net.minecraftforge.fml.loading.moddiscovery.ModFileParser/LOADING]: Considering mod file candidate C:\Users\shali\.gradle\caches\forge_gradle\deobf_dependencies\top\theillusivec4\curios\curios-forge\5.4.2+1.20.1_mapped_parchment_2023.08.13-1.20.1\curios-forge-5.4.2+1.20.1_mapped_parchment_2023.08.13-1.20.1.jar
[01июл.2026 00:51:38.894] [main/DEBUG] [net.minecraftforge.fml.loading.moddiscovery.ModFileInfo/LOADING]: Found valid mod file curios-forge-5.4.2+1.20.1_mapped_parchment_2023.08.13-1.20.1.jar with {curios} mods - versions {5.4.2+1.20.1}
[01июл.2026 00:51:38.895] [main/DEBUG] [net.minecraftforge.fml.loading.moddiscovery.ModFile/LOADING]: Loading mod file C:\Users\shali\.gradle\caches\forge_gradle\deobf_dependencies\top\theillusivec4\curios\curios-forge\5.4.2+1.20.1_mapped_parchment_2023.08.13-1.20.1\curios-forge-5.4.2+1.20.1_mapped_parchment_2023.08.13-1.20.1.jar with languages [LanguageSpec[languageName=javafml, acceptedVersions=[41,)]]
[01июл.2026 00:51:38.895] [main/DEBUG] [net.minecraftforge.fml.loading.moddiscovery.ModFileParser/LOADING]: Considering mod file candidate C:\Users\shali\.gradle\caches\forge_gradle\deobf_dependencies\software\bernie\geckolib\geckolib-forge-1.20.1\4.4.6_mapped_parchment_2023.08.13-1.20.1\geckolib-forge-1.20.1-4.4.6_mapped_parchment_2023.08.13-1.20.1.jar
[01июл.2026 00:51:38.896] [main/DEBUG] [net.minecraftforge.fml.loading.moddiscovery.ModFileInfo/LOADING]: Found valid mod file geckolib-forge-1.20.1-4.4.6_mapped_parchment_2023.08.13-1.20.1.jar with {geckolib} mods - versions {4.4.6}
[01июл.2026 00:51:38.896] [main/DEBUG] [net.minecraftforge.fml.loading.moddiscovery.ModFile/LOADING]: Loading mod file C:\Users\shali\.gradle\caches\forge_gradle\deobf_dependencies\software\bernie\geckolib\geckolib-forge-1.20.1\4.4.6_mapped_parchment_2023.08.13-1.20.1\geckolib-forge-1.20.1-4.4.6_mapped_parchment_2023.08.13-1.20.1.jar with languages [LanguageSpec[languageName=javafml, acceptedVersions=[47,)]]
[01июл.2026 00:51:38.897] [main/DEBUG] [net.minecraftforge.fml.loading.moddiscovery.ModFileParser/LOADING]: Considering mod file candidate C:\Users\shali\.gradle\caches\forge_gradle\deobf_dependencies\curse\maven\superb-warfare-1218165\7292685_mapped_parchment_2023.08.13-1.20.1\superb-warfare-1218165-7292685_mapped_parchment_2023.08.13-1.20.1.jar
[01июл.2026 00:51:38.898] [main/DEBUG] [net.minecraftforge.fml.loading.moddiscovery.ModFileInfo/LOADING]: Found valid mod file superb-warfare-1218165-7292685_mapped_parchment_2023.08.13-1.20.1.jar with {superbwarfare} mods - versions {0.8.8}
[01июл.2026 00:51:38.898] [main/DEBUG] [net.minecraftforge.fml.loading.moddiscovery.ModFile/LOADING]: Loading mod file C:\Users\shali\.gradle\caches\forge_gradle\deobf_dependencies\curse\maven\superb-warfare-1218165\7292685_mapped_parchment_2023.08.13-1.20.1\superb-warfare-1218165-7292685_mapped_parchment_2023.08.13-1.20.1.jar with languages [LanguageSpec[languageName=javafml, acceptedVersions=[47,)]]
[01июл.2026 00:51:38.898] [main/DEBUG] [net.minecraftforge.fml.loading.moddiscovery.ModFileParser/LOADING]: Considering mod file candidate C:\Users\shali\OneDrive\Desktop\SuperbWarfareExtensionModExample-master\build\resources\main
[01июл.2026 00:51:38.900] [main/DEBUG] [net.minecraftforge.fml.loading.moddiscovery.ModFileInfo/LOADING]: Found valid mod file main with {squadmc} mods - versions {1.0-SNAPSHOT}
[01июл.2026 00:51:38.900] [main/DEBUG] [net.minecraftforge.fml.loading.moddiscovery.ModFile/LOADING]: Loading mod file C:\Users\shali\OneDrive\Desktop\SuperbWarfareExtensionModExample-master\build\resources\main with languages [LanguageSpec[languageName=javafml, acceptedVersions=[47,)]]
[01июл.2026 00:51:38.901] [main/DEBUG] [net.minecraftforge.fml.loading.moddiscovery.ModFile/LOADING]: Loading mod file  with languages []
[01июл.2026 00:51:38.902] [main/DEBUG] [cpw.mods.modlauncher.TransformationServiceDecorator/MODLAUNCHER]: End scan trigger - transformation service fml
[01июл.2026 00:51:38.914] [main/DEBUG] [net.minecraftforge.fml.loading.LanguageLoadingProvider/CORE]: Found 3 language providers
[01июл.2026 00:51:38.915] [main/DEBUG] [net.minecraftforge.fml.loading.LanguageLoadingProvider/CORE]: Found language provider minecraft, version 1.0
[01июл.2026 00:51:38.917] [main/DEBUG] [net.minecraftforge.fml.loading.LanguageLoadingProvider/CORE]: Found language provider lowcodefml, version 47
[01июл.2026 00:51:38.917] [main/DEBUG] [net.minecraftforge.fml.loading.LanguageLoadingProvider/CORE]: Found language provider javafml, version 47
[01июл.2026 00:51:38.926] [main/DEBUG] [net.minecraftforge.fml.loading.ModSorter/]: Configured system mods: [minecraft, forge]
[01июл.2026 00:51:38.926] [main/DEBUG] [net.minecraftforge.fml.loading.ModSorter/]: Found system mod: minecraft
[01июл.2026 00:51:38.926] [main/DEBUG] [net.minecraftforge.fml.loading.ModSorter/]: Found system mod: forge
[01июл.2026 00:51:38.932] [main/DEBUG] [net.minecraftforge.fml.loading.ModSorter/LOADING]: Found 14 mod requirements (11 mandatory, 3 optional)
[01июл.2026 00:51:38.933] [main/DEBUG] [net.minecraftforge.fml.loading.ModSorter/LOADING]: Found 0 mod requirements missing (0 mandatory, 0 optional)
[01июл.2026 00:51:39.340] [main/DEBUG] [net.minecraftforge.fml.loading.MCPNamingService/CORE]: Loaded 34318 method mappings from methods.csv
[01июл.2026 00:51:39.376] [main/DEBUG] [net.minecraftforge.fml.loading.MCPNamingService/CORE]: Loaded 31014 field mappings from fields.csv
[01июл.2026 00:51:39.439] [main/DEBUG] [cpw.mods.modlauncher.TransformationServicesHandler/MODLAUNCHER]: Transformation services loading transformers
[01июл.2026 00:51:39.440] [main/DEBUG] [cpw.mods.modlauncher.TransformationServiceDecorator/MODLAUNCHER]: Initializing transformers for transformation service mixin
[01июл.2026 00:51:39.441] [main/DEBUG] [cpw.mods.modlauncher.TransformationServiceDecorator/MODLAUNCHER]: Initialized transformers for transformation service mixin
[01июл.2026 00:51:39.441] [main/DEBUG] [cpw.mods.modlauncher.TransformationServiceDecorator/MODLAUNCHER]: Initializing transformers for transformation service fml
[01июл.2026 00:51:39.441] [main/DEBUG] [net.minecraftforge.fml.loading.FMLServiceProvider/CORE]: Loading coremod transformers
[01июл.2026 00:51:39.442] [main/DEBUG] [net.minecraftforge.coremod.CoreModEngine/COREMOD]: Loading CoreMod from coremods/field_to_method.js
[01июл.2026 00:51:39.678] [main/DEBUG] [net.minecraftforge.coremod.CoreModEngine/COREMOD]: CoreMod loaded successfully
[01июл.2026 00:51:39.678] [main/DEBUG] [net.minecraftforge.coremod.CoreModEngine/COREMOD]: Loading CoreMod from coremods/field_to_instanceof.js
[01июл.2026 00:51:39.783] [main/DEBUG] [net.minecraftforge.coremod.CoreModEngine/COREMOD]: CoreMod loaded successfully
[01июл.2026 00:51:39.783] [main/DEBUG] [net.minecraftforge.coremod.CoreModEngine/COREMOD]: Loading CoreMod from coremods/add_bouncer_method.js
[01июл.2026 00:51:39.825] [main/DEBUG] [net.minecraftforge.coremod.CoreModEngine/COREMOD]: CoreMod loaded successfully
[01июл.2026 00:51:39.825] [main/DEBUG] [net.minecraftforge.coremod.CoreModEngine/COREMOD]: Loading CoreMod from coremods/method_redirector.js
[01июл.2026 00:51:39.906] [main/DEBUG] [net.minecraftforge.coremod.CoreModEngine/COREMOD]: CoreMod loaded successfully
[01июл.2026 00:51:39.917] [main/DEBUG] [cpw.mods.modlauncher.TransformStore/MODLAUNCHER]: Adding transformer net.minecraftforge.coremod.transformer.CoreModClassTransformer@8cc8cdb to Target : CLASS {Lnet/minecraft/world/level/biome/Biome;} {} {V}
[01июл.2026 00:51:39.919] [main/DEBUG] [cpw.mods.modlauncher.TransformStore/MODLAUNCHER]: Adding transformer net.minecraftforge.coremod.transformer.CoreModClassTransformer@1d408060 to Target : CLASS {Lnet/minecraft/world/level/levelgen/structure/Structure;} {} {V}
[01июл.2026 00:51:39.919] [main/DEBUG] [cpw.mods.modlauncher.TransformStore/MODLAUNCHER]: Adding transformer net.minecraftforge.coremod.transformer.CoreModClassTransformer@68a78f3c to Target : CLASS {Lnet/minecraft/world/effect/MobEffectInstance;} {} {V}
[01июл.2026 00:51:39.920] [main/DEBUG] [cpw.mods.modlauncher.TransformStore/MODLAUNCHER]: Adding transformer net.minecraftforge.coremod.transformer.CoreModClassTransformer@17ba57f0 to Target : CLASS {Lnet/minecraft/world/level/block/LiquidBlock;} {} {V}
[01июл.2026 00:51:39.920] [main/DEBUG] [cpw.mods.modlauncher.TransformStore/MODLAUNCHER]: Adding transformer net.minecraftforge.coremod.transformer.CoreModClassTransformer@3481ff98 to Target : CLASS {Lnet/minecraft/world/item/BucketItem;} {} {V}
[01июл.2026 00:51:39.920] [main/DEBUG] [cpw.mods.modlauncher.TransformStore/MODLAUNCHER]: Adding transformer net.minecraftforge.coremod.transformer.CoreModClassTransformer@2ddb3ae8 to Target : CLASS {Lnet/minecraft/world/level/block/StairBlock;} {} {V}
[01июл.2026 00:51:39.920] [main/DEBUG] [cpw.mods.modlauncher.TransformStore/MODLAUNCHER]: Adding transformer net.minecraftforge.coremod.transformer.CoreModClassTransformer@79518e00 to Target : CLASS {Lnet/minecraft/world/level/block/FlowerPotBlock;} {} {V}
[01июл.2026 00:51:39.920] [main/DEBUG] [cpw.mods.modlauncher.TransformStore/MODLAUNCHER]: Adding transformer net.minecraftforge.coremod.transformer.CoreModClassTransformer@3c91530d to Target : CLASS {Lnet/minecraft/world/item/ItemStack;} {} {V}
[01июл.2026 00:51:39.920] [main/DEBUG] [cpw.mods.modlauncher.TransformStore/MODLAUNCHER]: Adding transformer net.minecraftforge.coremod.transformer.CoreModClassTransformer@7d70638 to Target : CLASS {Lnet/minecraft/network/play/client/CClientSettingsPacket;} {} {V}
[01июл.2026 00:51:39.920] [main/DEBUG] [cpw.mods.modlauncher.TransformStore/MODLAUNCHER]: Adding transformer net.minecraftforge.coremod.transformer.CoreModClassTransformer@732f6050 to Target : CLASS {Lnet/minecraft/world/entity/ai/village/VillageSiege;} {} {V}
[01июл.2026 00:51:39.921] [main/DEBUG] [cpw.mods.modlauncher.TransformStore/MODLAUNCHER]: Adding transformer net.minecraftforge.coremod.transformer.CoreModClassTransformer@732f6050 to Target : CLASS {Lnet/minecraft/world/entity/monster/Strider;} {} {V}
[01июл.2026 00:51:39.921] [main/DEBUG] [cpw.mods.modlauncher.TransformStore/MODLAUNCHER]: Adding transformer net.minecraftforge.coremod.transformer.CoreModClassTransformer@732f6050 to Target : CLASS {Lnet/minecraft/world/level/levelgen/structure/structures/OceanRuinPieces$OceanRuinPiece;} {} {V}
[01июл.2026 00:51:39.921] [main/DEBUG] [cpw.mods.modlauncher.TransformStore/MODLAUNCHER]: Adding transformer net.minecraftforge.coremod.transformer.CoreModClassTransformer@732f6050 to Target : CLASS {Lnet/minecraft/world/entity/npc/CatSpawner;} {} {V}
[01июл.2026 00:51:39.921] [main/DEBUG] [cpw.mods.modlauncher.TransformStore/MODLAUNCHER]: Adding transformer net.minecraftforge.coremod.transformer.CoreModClassTransformer@732f6050 to Target : CLASS {Lnet/minecraft/server/commands/SummonCommand;} {} {V}
[01июл.2026 00:51:39.921] [main/DEBUG] [cpw.mods.modlauncher.TransformStore/MODLAUNCHER]: Adding transformer net.minecraftforge.coremod.transformer.CoreModClassTransformer@732f6050 to Target : CLASS {Lnet/minecraft/world/entity/monster/Evoker$EvokerSummonSpellGoal;} {} {V}
[01июл.2026 00:51:39.921] [main/DEBUG] [cpw.mods.modlauncher.TransformStore/MODLAUNCHER]: Adding transformer net.minecraftforge.coremod.transformer.CoreModClassTransformer@732f6050 to Target : CLASS {Lnet/minecraft/world/level/levelgen/structure/templatesystem/StructureTemplate;} {} {V}
[01июл.2026 00:51:39.921] [main/DEBUG] [cpw.mods.modlauncher.TransformStore/MODLAUNCHER]: Adding transformer net.minecraftforge.coremod.transformer.CoreModClassTransformer@732f6050 to Target : CLASS {Lnet/minecraft/server/commands/RaidCommand;} {} {V}
[01июл.2026 00:51:39.921] [main/DEBUG] [cpw.mods.modlauncher.TransformStore/MODLAUNCHER]: Adding transformer net.minecraftforge.coremod.transformer.CoreModClassTransformer@732f6050 to Target : CLASS {Lnet/minecraft/world/level/levelgen/structure/structures/SwampHutPiece;} {} {V}
[01июл.2026 00:51:39.921] [main/DEBUG] [cpw.mods.modlauncher.TransformStore/MODLAUNCHER]: Adding transformer net.minecraftforge.coremod.transformer.CoreModClassTransformer@732f6050 to Target : CLASS {Lnet/minecraft/world/entity/EntityType;} {} {V}
[01июл.2026 00:51:39.921] [main/DEBUG] [cpw.mods.modlauncher.TransformStore/MODLAUNCHER]: Adding transformer net.minecraftforge.coremod.transformer.CoreModClassTransformer@732f6050 to Target : CLASS {Lnet/minecraft/world/entity/animal/horse/SkeletonTrapGoal;} {} {V}
[01июл.2026 00:51:39.921] [main/DEBUG] [cpw.mods.modlauncher.TransformStore/MODLAUNCHER]: Adding transformer net.minecraftforge.coremod.transformer.CoreModClassTransformer@732f6050 to Target : CLASS {Lnet/minecraft/world/level/levelgen/PhantomSpawner;} {} {V}
[01июл.2026 00:51:39.922] [main/DEBUG] [cpw.mods.modlauncher.TransformStore/MODLAUNCHER]: Adding transformer net.minecraftforge.coremod.transformer.CoreModClassTransformer@732f6050 to Target : CLASS {Lnet/minecraft/world/level/NaturalSpawner;} {} {V}
[01июл.2026 00:51:39.922] [main/DEBUG] [cpw.mods.modlauncher.TransformStore/MODLAUNCHER]: Adding transformer net.minecraftforge.coremod.transformer.CoreModClassTransformer@732f6050 to Target : CLASS {Lnet/minecraft/world/entity/npc/Villager;} {} {V}
[01июл.2026 00:51:39.922] [main/DEBUG] [cpw.mods.modlauncher.TransformStore/MODLAUNCHER]: Adding transformer net.minecraftforge.coremod.transformer.CoreModClassTransformer@732f6050 to Target : CLASS {Lnet/minecraft/world/level/levelgen/PatrolSpawner;} {} {V}
[01июл.2026 00:51:39.922] [main/DEBUG] [cpw.mods.modlauncher.TransformStore/MODLAUNCHER]: Adding transformer net.minecraftforge.coremod.transformer.CoreModClassTransformer@732f6050 to Target : CLASS {Lnet/minecraft/world/entity/monster/Spider;} {} {V}
[01июл.2026 00:51:39.922] [main/DEBUG] [cpw.mods.modlauncher.TransformStore/MODLAUNCHER]: Adding transformer net.minecraftforge.coremod.transformer.CoreModClassTransformer@732f6050 to Target : CLASS {Lnet/minecraft/world/entity/raid/Raid;} {} {V}
[01июл.2026 00:51:39.922] [main/DEBUG] [cpw.mods.modlauncher.TransformStore/MODLAUNCHER]: Adding transformer net.minecraftforge.coremod.transformer.CoreModClassTransformer@732f6050 to Target : CLASS {Lnet/minecraft/world/level/levelgen/structure/structures/WoodlandMansionPieces$WoodlandMansionPiece;} {} {V}
[01июл.2026 00:51:39.923] [main/DEBUG] [cpw.mods.modlauncher.TransformStore/MODLAUNCHER]: Adding transformer net.minecraftforge.coremod.transformer.CoreModClassTransformer@732f6050 to Target : CLASS {Lnet/minecraft/world/entity/monster/ZombieVillager;} {} {V}
[01июл.2026 00:51:39.923] [main/DEBUG] [cpw.mods.modlauncher.TransformStore/MODLAUNCHER]: Adding transformer net.minecraftforge.coremod.transformer.CoreModClassTransformer@732f6050 to Target : CLASS {Lnet/minecraft/world/entity/animal/frog/Tadpole;} {} {V}
[01июл.2026 00:51:39.923] [main/DEBUG] [cpw.mods.modlauncher.TransformStore/MODLAUNCHER]: Adding transformer net.minecraftforge.coremod.transformer.CoreModClassTransformer@732f6050 to Target : CLASS {Lnet/minecraft/world/level/levelgen/structure/structures/OceanMonumentPieces$OceanMonumentPiece;} {} {V}
[01июл.2026 00:51:39.923] [main/DEBUG] [cpw.mods.modlauncher.TransformStore/MODLAUNCHER]: Adding transformer net.minecraftforge.coremod.transformer.CoreModClassTransformer@732f6050 to Target : CLASS {Lnet/minecraft/world/entity/monster/Zombie;} {} {V}
[01июл.2026 00:51:39.923] [main/DEBUG] [cpw.mods.modlauncher.TransformationServiceDecorator/MODLAUNCHER]: Initialized transformers for transformation service fml
[01июл.2026 00:51:40.345] [main/DEBUG] [mixin/]: Processing prepare() for PlatformAgent[MixinPlatformAgentDefault:ModLauncher Root Container(ModLauncher:4f56a0a2)]
[01июл.2026 00:51:40.345] [main/DEBUG] [mixin/]: Processing launch tasks for PlatformAgent[MixinPlatformAgentDefault:ModLauncher Root Container(ModLauncher:4f56a0a2)]
[01июл.2026 00:51:40.345] [main/DEBUG] [mixin/]: Adding mixin platform agents for container SecureJarResource(minecraft)
[01июл.2026 00:51:40.345] [main/DEBUG] [mixin/]: Instancing new MixinPlatformAgentMinecraftForge for SecureJarResource(minecraft)
[01июл.2026 00:51:40.345] [main/DEBUG] [mixin/]: MixinPlatformAgentMinecraftForge rejected container SecureJarResource(minecraft)
[01июл.2026 00:51:40.345] [main/DEBUG] [mixin/]: Instancing new MixinPlatformAgentDefault for SecureJarResource(minecraft)
[01июл.2026 00:51:40.346] [main/DEBUG] [mixin/]: MixinPlatformAgentDefault accepted container SecureJarResource(minecraft)
[01июл.2026 00:51:40.346] [main/DEBUG] [mixin/]: Processing prepare() for PlatformAgent[MixinPlatformAgentDefault:SecureJarResource(minecraft)]
[01июл.2026 00:51:40.346] [main/DEBUG] [mixin/]: Adding mixin platform agents for container SecureJarResource(forge)
[01июл.2026 00:51:40.346] [main/DEBUG] [mixin/]: Instancing new MixinPlatformAgentMinecraftForge for SecureJarResource(forge)
[01июл.2026 00:51:40.346] [main/DEBUG] [mixin/]: MixinPlatformAgentMinecraftForge rejected container SecureJarResource(forge)
[01июл.2026 00:51:40.346] [main/DEBUG] [mixin/]: Instancing new MixinPlatformAgentDefault for SecureJarResource(forge)
[01июл.2026 00:51:40.346] [main/DEBUG] [mixin/]: MixinPlatformAgentDefault accepted container SecureJarResource(forge)
[01июл.2026 00:51:40.346] [main/DEBUG] [mixin/]: Processing prepare() for PlatformAgent[MixinPlatformAgentDefault:SecureJarResource(forge)]
[01июл.2026 00:51:40.346] [main/DEBUG] [mixin/]: Adding mixin platform agents for container SecureJarResource(curios)
[01июл.2026 00:51:40.346] [main/DEBUG] [mixin/]: Instancing new MixinPlatformAgentMinecraftForge for SecureJarResource(curios)
[01июл.2026 00:51:40.347] [main/DEBUG] [mixin/]: MixinPlatformAgentMinecraftForge rejected container SecureJarResource(curios)
[01июл.2026 00:51:40.347] [main/DEBUG] [mixin/]: Instancing new MixinPlatformAgentDefault for SecureJarResource(curios)
[01июл.2026 00:51:40.347] [main/DEBUG] [mixin/]: MixinPlatformAgentDefault accepted container SecureJarResource(curios)
[01июл.2026 00:51:40.347] [main/DEBUG] [mixin/]: Processing prepare() for PlatformAgent[MixinPlatformAgentDefault:SecureJarResource(curios)]
[01июл.2026 00:51:40.347] [main/DEBUG] [mixin/]: Registering mixin config: curios.mixins.json
[01июл.2026 00:51:40.377] [main/DEBUG] [mixin/]: Compatibility level JAVA_17 specified by curios.mixins.json is higher than the maximum level supported by this version of mixin (JAVA_13).
[01июл.2026 00:51:40.383] [main/INFO] [mixin/]: Compatibility level set to JAVA_17
[01июл.2026 00:51:40.384] [main/DEBUG] [mixin/]: Adding mixin platform agents for container SecureJarResource(geckolib)
[01июл.2026 00:51:40.384] [main/DEBUG] [mixin/]: Instancing new MixinPlatformAgentMinecraftForge for SecureJarResource(geckolib)
[01июл.2026 00:51:40.384] [main/DEBUG] [mixin/]: MixinPlatformAgentMinecraftForge rejected container SecureJarResource(geckolib)
[01июл.2026 00:51:40.384] [main/DEBUG] [mixin/]: Instancing new MixinPlatformAgentDefault for SecureJarResource(geckolib)
[01июл.2026 00:51:40.384] [main/DEBUG] [mixin/]: MixinPlatformAgentDefault accepted container SecureJarResource(geckolib)
[01июл.2026 00:51:40.384] [main/DEBUG] [mixin/]: Processing prepare() for PlatformAgent[MixinPlatformAgentDefault:SecureJarResource(geckolib)]
[01июл.2026 00:51:40.384] [main/DEBUG] [mixin/]: Registering mixin config: geckolib.mixins.json
[01июл.2026 00:51:40.386] [main/DEBUG] [mixin/]: Adding mixin platform agents for container SecureJarResource(superbwarfare)
[01июл.2026 00:51:40.386] [main/DEBUG] [mixin/]: Instancing new MixinPlatformAgentMinecraftForge for SecureJarResource(superbwarfare)
[01июл.2026 00:51:40.386] [main/DEBUG] [mixin/]: MixinPlatformAgentMinecraftForge rejected container SecureJarResource(superbwarfare)
[01июл.2026 00:51:40.386] [main/DEBUG] [mixin/]: Instancing new MixinPlatformAgentDefault for SecureJarResource(superbwarfare)
[01июл.2026 00:51:40.386] [main/DEBUG] [mixin/]: MixinPlatformAgentDefault accepted container SecureJarResource(superbwarfare)
[01июл.2026 00:51:40.387] [main/DEBUG] [mixin/]: Processing prepare() for PlatformAgent[MixinPlatformAgentDefault:SecureJarResource(superbwarfare)]
[01июл.2026 00:51:40.387] [main/DEBUG] [mixin/]: Registering mixin config: mixins.superbwarfare.json
[01июл.2026 00:51:40.389] [main/DEBUG] [mixin/]: Adding mixin platform agents for container SecureJarResource(squadmc)
[01июл.2026 00:51:40.389] [main/DEBUG] [mixin/]: Instancing new MixinPlatformAgentMinecraftForge for SecureJarResource(squadmc)
[01июл.2026 00:51:40.389] [main/DEBUG] [mixin/]: MixinPlatformAgentMinecraftForge rejected container SecureJarResource(squadmc)
[01июл.2026 00:51:40.389] [main/DEBUG] [mixin/]: Instancing new MixinPlatformAgentDefault for SecureJarResource(squadmc)
[01июл.2026 00:51:40.389] [main/DEBUG] [mixin/]: MixinPlatformAgentDefault accepted container SecureJarResource(squadmc)
[01июл.2026 00:51:40.390] [main/DEBUG] [mixin/]: Processing prepare() for PlatformAgent[MixinPlatformAgentDefault:SecureJarResource(squadmc)]
[01июл.2026 00:51:40.390] [main/DEBUG] [mixin/]: Adding mixin platform agents for container SecureJarResource(mclib)
[01июл.2026 00:51:40.390] [main/DEBUG] [mixin/]: Instancing new MixinPlatformAgentMinecraftForge for SecureJarResource(mclib)
[01июл.2026 00:51:40.390] [main/DEBUG] [mixin/]: MixinPlatformAgentMinecraftForge rejected container SecureJarResource(mclib)
[01июл.2026 00:51:40.390] [main/DEBUG] [mixin/]: Instancing new MixinPlatformAgentDefault for SecureJarResource(mclib)
[01июл.2026 00:51:40.390] [main/DEBUG] [mixin/]: MixinPlatformAgentDefault accepted container SecureJarResource(mclib)
[01июл.2026 00:51:40.390] [main/DEBUG] [mixin/]: Processing prepare() for PlatformAgent[MixinPlatformAgentDefault:SecureJarResource(mclib)]
[01июл.2026 00:51:40.390] [main/DEBUG] [mixin/]: inject() running with 8 agents
[01июл.2026 00:51:40.390] [main/DEBUG] [mixin/]: Processing inject() for PlatformAgent[MixinPlatformAgentDefault:ModLauncher Root Container(ModLauncher:4f56a0a2)]
[01июл.2026 00:51:40.390] [main/DEBUG] [mixin/]: Processing inject() for PlatformAgent[MixinPlatformAgentDefault:SecureJarResource(minecraft)]
[01июл.2026 00:51:40.391] [main/DEBUG] [mixin/]: Processing inject() for PlatformAgent[MixinPlatformAgentDefault:SecureJarResource(forge)]
[01июл.2026 00:51:40.391] [main/DEBUG] [mixin/]: Processing inject() for PlatformAgent[MixinPlatformAgentDefault:SecureJarResource(curios)]
[01июл.2026 00:51:40.391] [main/DEBUG] [mixin/]: Processing inject() for PlatformAgent[MixinPlatformAgentDefault:SecureJarResource(geckolib)]
[01июл.2026 00:51:40.391] [main/DEBUG] [mixin/]: Processing inject() for PlatformAgent[MixinPlatformAgentDefault:SecureJarResource(superbwarfare)]
[01июл.2026 00:51:40.391] [main/DEBUG] [mixin/]: Processing inject() for PlatformAgent[MixinPlatformAgentDefault:SecureJarResource(squadmc)]
[01июл.2026 00:51:40.391] [main/DEBUG] [mixin/]: Processing inject() for PlatformAgent[MixinPlatformAgentDefault:SecureJarResource(mclib)]
[01июл.2026 00:51:40.392] [main/INFO] [cpw.mods.modlauncher.LaunchServiceHandler/MODLAUNCHER]: Launching target 'forgedatauserdev' with arguments [--gameDir, ., --assetsDir, C:\Users\shali\.gradle\caches\forge_gradle\assets, --assetIndex, 5, --mod, extensiontest, --all, --output, C:\Users\shali\OneDrive\Desktop\SuperbWarfareExtensionModExample-master\src\generated\resources, --existing, C:\Users\shali\OneDrive\Desktop\SuperbWarfareExtensionModExample-master\src\main\resources]
[01июл.2026 00:51:40.526] [main/DEBUG] [mixin/]: Error cleaning class output directory: .mixin.out
[01июл.2026 00:51:40.528] [main/DEBUG] [mixin/]: Preparing mixins for MixinEnvironment[DEFAULT]
[01июл.2026 00:51:40.529] [main/DEBUG] [mixin/]: Selecting config curios.mixins.json
[01июл.2026 00:51:40.834] [main/INFO] [mixin/]: Remapping refMap curios.refmap.json using C:\Users\shali\OneDrive\Desktop\SuperbWarfareExtensionModExample-master\build\createSrgToMcp\output.srg
[01июл.2026 00:51:40.834] [main/DEBUG] [mixin/]: Selecting config geckolib.mixins.json
[01июл.2026 00:51:40.836] [main/INFO] [mixin/]: Remapping refMap geckolib.refmap.json using C:\Users\shali\OneDrive\Desktop\SuperbWarfareExtensionModExample-master\build\createSrgToMcp\output.srg
[01июл.2026 00:51:40.837] [main/DEBUG] [mixin/]: Selecting config mixins.superbwarfare.json
[01июл.2026 00:51:40.846] [main/INFO] [mixin/]: Remapping refMap mixins.superbwarfare.refmap.json using C:\Users\shali\OneDrive\Desktop\SuperbWarfareExtensionModExample-master\build\createSrgToMcp\output.srg
[01июл.2026 00:51:40.847] [main/DEBUG] [mixin/]: Preparing curios.mixins.json (8)
[01июл.2026 00:51:40.979] [main/DEBUG] [mixin/]: Preparing geckolib.mixins.json (1)
[01июл.2026 00:51:40.983] [main/DEBUG] [mixin/]: Preparing mixins.superbwarfare.json (32)
[01июл.2026 00:51:41.036] [main/DEBUG] [net.minecraftforge.coremod.transformer.CoreModBaseTransformer/COREMOD]: Transforming net/minecraft/world/entity/npc/Villager
[01июл.2026 00:51:41.395] [main/DEBUG] [mixin/]: Registering new injector for @Inject with org.spongepowered.asm.mixin.injection.struct.CallbackInjectionInfo
[01июл.2026 00:51:41.402] [main/DEBUG] [mixin/]: Registering new injector for @ModifyArg with org.spongepowered.asm.mixin.injection.struct.ModifyArgInjectionInfo
[01июл.2026 00:51:41.405] [main/DEBUG] [mixin/]: Registering new injector for @ModifyArgs with org.spongepowered.asm.mixin.injection.struct.ModifyArgsInjectionInfo
[01июл.2026 00:51:41.409] [main/DEBUG] [mixin/]: Registering new injector for @Redirect with org.spongepowered.asm.mixin.injection.struct.RedirectInjectionInfo
[01июл.2026 00:51:41.412] [main/DEBUG] [mixin/]: Registering new injector for @ModifyVariable with org.spongepowered.asm.mixin.injection.struct.ModifyVariableInjectionInfo
[01июл.2026 00:51:41.415] [main/DEBUG] [mixin/]: Registering new injector for @ModifyConstant with org.spongepowered.asm.mixin.injection.struct.ModifyConstantInjectionInfo
[01июл.2026 00:51:41.446] [main/DEBUG] [mixin/]: Prepared 40 mixins in 0,915 sec (22,9ms avg) (0ms load, 0ms transform, 0ms plugin)
[01июл.2026 00:51:41.612] [main/DEBUG] [io.netty.util.internal.logging.InternalLoggerFactory/]: Using SLF4J as the default logging framework
[01июл.2026 00:51:41.619] [main/DEBUG] [io.netty.util.ResourceLeakDetector/]: -Dio.netty.leakDetection.level: simple
[01июл.2026 00:51:41.619] [main/DEBUG] [io.netty.util.ResourceLeakDetector/]: -Dio.netty.leakDetection.targetRecords: 4
[01июл.2026 00:51:41.826] [main/INFO] [net.minecraftforge.data.loading.DatagenModLoader/]: Initializing Data Gatherer for mods [extensiontest]
[01июл.2026 00:51:41.982] [main/DEBUG] [mixin/]: Mixing HolderMixin from mixins.superbwarfare.json into net.minecraft.core.Holder$Reference
[01июл.2026 00:51:42.107] [main/DEBUG] [mixin/]: Mixing AccessorEntity from curios.mixins.json into net.minecraft.world.entity.Entity
[01июл.2026 00:51:42.139] [main/DEBUG] [mixin/]: Mixing EntityMixin from mixins.superbwarfare.json into net.minecraft.world.entity.Entity
[01июл.2026 00:51:42.174] [main/DEBUG] [net.minecraftforge.coremod.transformer.CoreModBaseTransformer/COREMOD]: Transforming net/minecraft/world/item/ItemStack
[01июл.2026 00:51:42.239] [main/DEBUG] [mixin/]: Mixing SteelPipeFallMixin from mixins.superbwarfare.json into net.minecraft.world.entity.Entity
[01июл.2026 00:51:42.422] [main/DEBUG] [mixin/]: Mixing MixinLivingEntity from curios.mixins.json into net.minecraft.world.entity.LivingEntity
[01июл.2026 00:51:42.425] [main/DEBUG] [mixin/]: Mixing LivingEntityMixin from mixins.superbwarfare.json into net.minecraft.world.entity.LivingEntity
[01июл.2026 00:51:42.429] [main/DEBUG] [mixin/]: Mixing BeastMixin from mixins.superbwarfare.json into net.minecraft.world.entity.LivingEntity
[01июл.2026 00:51:42.573] [main/DEBUG] [mixin/]: Mixing LevelMixin from mixins.superbwarfare.json into net.minecraft.world.level.Level
[01июл.2026 00:51:42.573] [main/DEBUG] [mixin/]: Renaming synthetic method lambda$getEntities$1(Lnet/minecraft/world/phys/AABB;Lorg/spongepowered/asm/mixin/injection/callback/CallbackInfoReturnable;Lnet/minecraft/world/entity/Entity;)V to md982fff$lambda$getEntities$1$0 in mixins.superbwarfare.json:LevelMixin
[01июл.2026 00:51:42.574] [main/DEBUG] [mixin/]: Renaming synthetic method lambda$getEntities$0(Ljava/util/function/Predicate;Lnet/minecraft/world/entity/Entity;Lnet/minecraft/world/entity/Entity;)Z to md982fff$lambda$getEntities$0$1 in mixins.superbwarfare.json:LevelMixin
[01июл.2026 00:51:42.653] [main/DEBUG] [mixin/]: Mixing PlayerMixin from mixins.superbwarfare.json into net.minecraft.world.entity.player.Player
[01июл.2026 00:51:42.665] [main/DEBUG] [net.minecraftforge.coremod.transformer.CoreModBaseTransformer/COREMOD]: Transforming net/minecraft/world/entity/EntityType
[01июл.2026 00:51:42.775] [main/DEBUG] [net.minecraftforge.coremod.transformer.CoreModBaseTransformer/COREMOD]: Transforming net/minecraft/world/entity/EntityType
[01июл.2026 00:51:43.113] [main/DEBUG] [net.minecraftforge.coremod.transformer.CoreModBaseTransformer/COREMOD]: Transforming net/minecraft/world/level/block/LiquidBlock
[01июл.2026 00:51:43.154] [main/DEBUG] [net.minecraftforge.coremod.transformer.CoreModBaseTransformer/COREMOD]: Transforming net/minecraft/world/level/block/StairBlock
[01июл.2026 00:51:43.223] [main/DEBUG] [net.minecraftforge.coremod.transformer.CoreModBaseTransformer/COREMOD]: Transforming net/minecraft/world/level/block/FlowerPotBlock
[01июл.2026 00:51:43.287] [main/DEBUG] [mixin/]: Mixing MixinPowderSnowBlock from curios.mixins.json into net.minecraft.world.level.block.PowderSnowBlock
[01июл.2026 00:51:43.866] [main/DEBUG] [mixin/]: Mixing MobMixin from mixins.superbwarfare.json into net.minecraft.world.entity.Mob
[01июл.2026 00:51:43.954] [main/DEBUG] [net.minecraftforge.coremod.transformer.CoreModBaseTransformer/COREMOD]: Transforming net/minecraft/world/item/ItemStack
[01июл.2026 00:51:44.455] [main/DEBUG] [net.minecraftforge.coremod.transformer.CoreModBaseTransformer/COREMOD]: Transforming net/minecraft/world/entity/animal/frog/Tadpole
[01июл.2026 00:51:44.512] [main/DEBUG] [net.minecraftforge.coremod.transformer.CoreModBaseTransformer/COREMOD]: Transforming net/minecraft/world/item/BucketItem
[01июл.2026 00:51:44.542] [main/DEBUG] [mixin/]: Mixing MixinShearsItem from curios.mixins.json into net.minecraft.world.item.ShearsItem
[01июл.2026 00:51:45.296] [main/DEBUG] [net.minecraftforge.coremod.transformer.CoreModBaseTransformer/COREMOD]: Transforming net/minecraft/world/entity/monster/Spider
[01июл.2026 00:51:45.324] [main/DEBUG] [net.minecraftforge.coremod.transformer.CoreModBaseTransformer/COREMOD]: Transforming net/minecraft/world/entity/monster/Zombie
[01июл.2026 00:51:45.346] [main/DEBUG] [net.minecraftforge.coremod.transformer.CoreModBaseTransformer/COREMOD]: Transforming net/minecraft/world/entity/monster/ZombieVillager
[01июл.2026 00:51:45.388] [main/DEBUG] [net.minecraftforge.coremod.transformer.CoreModBaseTransformer/COREMOD]: Transforming net/minecraft/world/entity/monster/Evoker$EvokerSummonSpellGoal
[01июл.2026 00:51:45.486] [main/DEBUG] [net.minecraftforge.coremod.transformer.CoreModBaseTransformer/COREMOD]: Transforming net/minecraft/world/entity/animal/horse/SkeletonTrapGoal
[01июл.2026 00:51:45.499] [main/DEBUG] [net.minecraftforge.coremod.transformer.CoreModBaseTransformer/COREMOD]: Transforming net/minecraft/world/entity/monster/Strider
[01июл.2026 00:51:45.600] [main/DEBUG] [net.minecraftforge.coremod.transformer.CoreModBaseTransformer/COREMOD]: Transforming net/minecraft/world/entity/npc/Villager
[01июл.2026 00:51:45.621] [main/DEBUG] [mixin/]: Mixing VillagerMixin from mixins.superbwarfare.json into net.minecraft.world.entity.npc.Villager
[01июл.2026 00:51:45.658] [main/DEBUG] [mixin/]: Mixing FishingHookMixin from mixins.superbwarfare.json into net.minecraft.world.entity.projectile.FishingHook
[01июл.2026 00:51:45.675] [main/DEBUG] [net.minecraftforge.coremod.transformer.CoreModBaseTransformer/COREMOD]: Transforming net/minecraft/world/effect/MobEffectInstance
[01июл.2026 00:51:45.867] [main/DEBUG] [mixin/]: Mixing MixinApplyBonusCount from curios.mixins.json into net.minecraft.world.level.storage.loot.functions.ApplyBonusCount
[01июл.2026 00:51:46.069] [main/DEBUG] [net.minecraftforge.coremod.transformer.CoreModBaseTransformer/COREMOD]: Transforming net/minecraft/world/level/levelgen/structure/Structure
[01июл.2026 00:51:46.095] [main/DEBUG] [net.minecraftforge.coremod.transformer.CoreModBaseTransformer/COREMOD]: Transforming net/minecraft/world/level/levelgen/structure/structures/OceanRuinPieces$OceanRuinPiece
[01июл.2026 00:51:46.100] [main/DEBUG] [net.minecraftforge.coremod.transformer.CoreModBaseTransformer/COREMOD]: Transforming net/minecraft/world/level/levelgen/structure/structures/SwampHutPiece
[01июл.2026 00:51:46.105] [main/DEBUG] [net.minecraftforge.coremod.transformer.CoreModBaseTransformer/COREMOD]: Transforming net/minecraft/world/level/levelgen/structure/structures/OceanMonumentPieces$OceanMonumentPiece
[01июл.2026 00:51:46.114] [main/DEBUG] [net.minecraftforge.coremod.transformer.CoreModBaseTransformer/COREMOD]: Transforming net/minecraft/world/level/levelgen/structure/structures/WoodlandMansionPieces$WoodlandMansionPiece
[01июл.2026 00:51:46.187] [main/DEBUG] [net.minecraftforge.coremod.transformer.CoreModBaseTransformer/COREMOD]: Transforming net/minecraft/world/level/biome/Biome
[01июл.2026 00:51:46.355] [main/DEBUG] [net.minecraftforge.registries.GameData/REGISTRIES]: Creating vanilla freeze snapshot
[01июл.2026 00:51:46.361] [main/DEBUG] [net.minecraftforge.registries.ForgeRegistry/REGISTRIES]: Registry minecraft:block Sync: VANILLA -> ACTIVE
[01июл.2026 00:51:46.372] [main/DEBUG] [net.minecraftforge.registries.ForgeRegistry/REGISTRIES]: Registry minecraft:fluid Sync: VANILLA -> ACTIVE
[01июл.2026 00:51:46.372] [main/DEBUG] [net.minecraftforge.registries.ForgeRegistry/REGISTRIES]: Registry minecraft:item Sync: VANILLA -> ACTIVE
[01июл.2026 00:51:46.380] [main/DEBUG] [net.minecraftforge.registries.ForgeRegistry/REGISTRIES]: Registry minecraft:mob_effect Sync: VANILLA -> ACTIVE
[01июл.2026 00:51:46.381] [main/DEBUG] [net.minecraftforge.registries.ForgeRegistry/REGISTRIES]: Registry minecraft:sound_event Sync: VANILLA -> ACTIVE
[01июл.2026 00:51:46.388] [main/DEBUG] [net.minecraftforge.registries.ForgeRegistry/REGISTRIES]: Registry minecraft:potion Sync: VANILLA -> ACTIVE
[01июл.2026 00:51:46.389] [main/DEBUG] [net.minecraftforge.registries.ForgeRegistry/REGISTRIES]: Registry minecraft:enchantment Sync: VANILLA -> ACTIVE
[01июл.2026 00:51:46.389] [main/DEBUG] [net.minecraftforge.registries.ForgeRegistry/REGISTRIES]: Registry minecraft:entity_type Sync: VANILLA -> ACTIVE
[01июл.2026 00:51:46.390] [main/DEBUG] [net.minecraftforge.registries.ForgeRegistry/REGISTRIES]: Registry minecraft:block_entity_type Sync: VANILLA -> ACTIVE
[01июл.2026 00:51:46.390] [main/DEBUG] [net.minecraftforge.registries.ForgeRegistry/REGISTRIES]: Registry minecraft:particle_type Sync: VANILLA -> ACTIVE
[01июл.2026 00:51:46.391] [main/DEBUG] [net.minecraftforge.registries.ForgeRegistry/REGISTRIES]: Registry minecraft:menu Sync: VANILLA -> ACTIVE
[01июл.2026 00:51:46.391] [main/DEBUG] [net.minecraftforge.registries.ForgeRegistry/REGISTRIES]: Registry minecraft:painting_variant Sync: VANILLA -> ACTIVE
[01июл.2026 00:51:46.392] [main/DEBUG] [net.minecraftforge.registries.ForgeRegistry/REGISTRIES]: Registry minecraft:recipe_type Sync: VANILLA -> ACTIVE
[01июл.2026 00:51:46.392] [main/DEBUG] [net.minecraftforge.registries.ForgeRegistry/REGISTRIES]: Registry minecraft:recipe_serializer Sync: VANILLA -> ACTIVE
[01июл.2026 00:51:46.392] [main/DEBUG] [net.minecraftforge.registries.ForgeRegistry/REGISTRIES]: Registry minecraft:attribute Sync: VANILLA -> ACTIVE
[01июл.2026 00:51:46.392] [main/DEBUG] [net.minecraftforge.registries.ForgeRegistry/REGISTRIES]: Registry minecraft:stat_type Sync: VANILLA -> ACTIVE
[01июл.2026 00:51:46.393] [main/DEBUG] [net.minecraftforge.registries.ForgeRegistry/REGISTRIES]: Registry minecraft:command_argument_type Sync: VANILLA -> ACTIVE
[01июл.2026 00:51:46.393] [main/DEBUG] [net.minecraftforge.registries.ForgeRegistry/REGISTRIES]: Registry minecraft:villager_profession Sync: VANILLA -> ACTIVE
[01июл.2026 00:51:46.393] [main/DEBUG] [net.minecraftforge.registries.ForgeRegistry/REGISTRIES]: Registry minecraft:point_of_interest_type Sync: VANILLA -> ACTIVE
[01июл.2026 00:51:46.395] [main/DEBUG] [net.minecraftforge.registries.ForgeRegistry/REGISTRIES]: Registry minecraft:memory_module_type Sync: VANILLA -> ACTIVE
[01июл.2026 00:51:46.396] [main/DEBUG] [net.minecraftforge.registries.ForgeRegistry/REGISTRIES]: Registry minecraft:sensor_type Sync: VANILLA -> ACTIVE
[01июл.2026 00:51:46.396] [main/DEBUG] [net.minecraftforge.registries.ForgeRegistry/REGISTRIES]: Registry minecraft:schedule Sync: VANILLA -> ACTIVE
[01июл.2026 00:51:46.396] [main/DEBUG] [net.minecraftforge.registries.ForgeRegistry/REGISTRIES]: Registry minecraft:activity Sync: VANILLA -> ACTIVE
[01июл.2026 00:51:46.396] [main/DEBUG] [net.minecraftforge.registries.ForgeRegistry/REGISTRIES]: Registry minecraft:worldgen/carver Sync: VANILLA -> ACTIVE
[01июл.2026 00:51:46.397] [main/DEBUG] [net.minecraftforge.registries.ForgeRegistry/REGISTRIES]: Registry minecraft:worldgen/feature Sync: VANILLA -> ACTIVE
[01июл.2026 00:51:46.397] [main/DEBUG] [net.minecraftforge.registries.ForgeRegistry/REGISTRIES]: Registry minecraft:chunk_status Sync: VANILLA -> ACTIVE
[01июл.2026 00:51:46.397] [main/DEBUG] [net.minecraftforge.registries.ForgeRegistry/REGISTRIES]: Registry minecraft:worldgen/block_state_provider_type Sync: VANILLA -> ACTIVE
[01июл.2026 00:51:46.397] [main/DEBUG] [net.minecraftforge.registries.ForgeRegistry/REGISTRIES]: Registry minecraft:worldgen/foliage_placer_type Sync: VANILLA -> ACTIVE
[01июл.2026 00:51:46.397] [main/DEBUG] [net.minecraftforge.registries.ForgeRegistry/REGISTRIES]: Registry minecraft:worldgen/tree_decorator_type Sync: VANILLA -> ACTIVE
[01июл.2026 00:51:46.398] [main/DEBUG] [net.minecraftforge.registries.ForgeRegistry/REGISTRIES]: Registry minecraft:worldgen/biome Sync: VANILLA -> ACTIVE
[01июл.2026 00:51:46.410] [main/DEBUG] [net.minecraftforge.registries.GameData/REGISTRIES]: Vanilla freeze snapshot created
[01июл.2026 00:51:46.474] [main/DEBUG] [net.minecraftforge.fml.ModWorkManager/LOADING]: Using 16 threads for parallel mod-loading
[01июл.2026 00:51:46.493] [main/DEBUG] [net.minecraftforge.fml.javafmlmod.FMLJavaModLanguageProvider/LOADING]: Loading FMLModContainer from classloader cpw.mods.modlauncher.TransformingClassLoader@6949e948 - got cpw.mods.cl.ModuleClassLoader@1280851e
[01июл.2026 00:51:46.493] [main/DEBUG] [net.minecraftforge.fml.javafmlmod.FMLModContainer/LOADING]: Creating FMLModContainer instance for net.minecraftforge.common.ForgeMod
[01июл.2026 00:51:46.505] [main/DEBUG] [net.minecraftforge.fml.javafmlmod.FMLJavaModLanguageProvider/LOADING]: Loading FMLModContainer from classloader cpw.mods.modlauncher.TransformingClassLoader@6949e948 - got cpw.mods.cl.ModuleClassLoader@1280851e
[01июл.2026 00:51:46.505] [main/DEBUG] [net.minecraftforge.fml.javafmlmod.FMLModContainer/LOADING]: Creating FMLModContainer instance for top.theillusivec4.curios.Curios
[01июл.2026 00:51:46.507] [main/DEBUG] [net.minecraftforge.fml.javafmlmod.FMLJavaModLanguageProvider/LOADING]: Loading FMLModContainer from classloader cpw.mods.modlauncher.TransformingClassLoader@6949e948 - got cpw.mods.cl.ModuleClassLoader@1280851e
[01июл.2026 00:51:46.507] [main/DEBUG] [net.minecraftforge.fml.javafmlmod.FMLModContainer/LOADING]: Creating FMLModContainer instance for software.bernie.example.GeckoLibMod
[01июл.2026 00:51:46.508] [main/DEBUG] [net.minecraftforge.fml.javafmlmod.FMLJavaModLanguageProvider/LOADING]: Loading FMLModContainer from classloader cpw.mods.modlauncher.TransformingClassLoader@6949e948 - got cpw.mods.cl.ModuleClassLoader@1280851e
[01июл.2026 00:51:46.508] [main/DEBUG] [net.minecraftforge.fml.javafmlmod.FMLModContainer/LOADING]: Creating FMLModContainer instance for com.atsuishio.superbwarfare.Mod
[01июл.2026 00:51:46.510] [main/DEBUG] [net.minecraftforge.fml.javafmlmod.FMLJavaModLanguageProvider/LOADING]: Loading FMLModContainer from classloader cpw.mods.modlauncher.TransformingClassLoader@6949e948 - got cpw.mods.cl.ModuleClassLoader@1280851e
[01июл.2026 00:51:46.510] [main/DEBUG] [net.minecraftforge.fml.javafmlmod.FMLModContainer/LOADING]: Creating FMLModContainer instance for tech.squadmc.squadmcor.squadmc
[01июл.2026 00:51:46.546] [modloading-worker-0/DEBUG] [mixin/]: Mixing MinecraftMixin from mixins.superbwarfare.json into net.minecraft.client.Minecraft
[01июл.2026 00:51:46.570] [modloading-worker-0/DEBUG] [net.minecraftforge.versions.forge.ForgeVersion/CORE]: Forge Version package package net.minecraftforge.versions.forge, Forge, version 47.2 from cpw.mods.modlauncher.TransformingClassLoader@6949e948
[01июл.2026 00:51:46.571] [modloading-worker-0/DEBUG] [net.minecraftforge.versions.forge.ForgeVersion/CORE]: Found Forge version 47.2.0
[01июл.2026 00:51:46.571] [modloading-worker-0/DEBUG] [net.minecraftforge.versions.forge.ForgeVersion/CORE]: Found Forge spec 47.2
[01июл.2026 00:51:46.571] [modloading-worker-0/DEBUG] [net.minecraftforge.versions.forge.ForgeVersion/CORE]: Found Forge group net.minecraftforge
[01июл.2026 00:51:46.573] [modloading-worker-0/DEBUG] [net.minecraftforge.versions.mcp.MCPVersion/CORE]: MCP Version package package net.minecraftforge.versions.mcp, Minecraft, version 1.20.1 from cpw.mods.modlauncher.TransformingClassLoader@6949e948
[01июл.2026 00:51:46.573] [modloading-worker-0/DEBUG] [net.minecraftforge.versions.mcp.MCPVersion/CORE]: Found MC version information 1.20.1
[01июл.2026 00:51:46.573] [modloading-worker-0/DEBUG] [net.minecraftforge.versions.mcp.MCPVersion/CORE]: Found MCP version information 20230612.114412
[01июл.2026 00:51:46.573] [modloading-worker-0/INFO] [net.minecraftforge.common.ForgeMod/FORGEMOD]: Forge mod loading, version 47.2.0, for MC 1.20.1 with MCP 20230612.114412
[01июл.2026 00:51:46.580] [modloading-worker-0/INFO] [net.minecraftforge.common.MinecraftForge/FORGE]: MinecraftForge v47.2.0 Initialized
[01июл.2026 00:51:46.595] [modloading-worker-0/DEBUG] [net.minecraftforge.fml.javafmlmod.AutomaticEventSubscriber/LOADING]: Attempting to inject @EventBusSubscriber classes into the eventbus for squadmc
[01июл.2026 00:51:46.595] [modloading-worker-0/DEBUG] [net.minecraftforge.fml.config.ConfigTracker/CONFIG]: Config file superbwarfare-client.toml for superbwarfare tracking
[01июл.2026 00:51:46.598] [modloading-worker-0/DEBUG] [net.minecraftforge.fml.config.ConfigTracker/CONFIG]: Config file superbwarfare-common.toml for superbwarfare tracking
[01июл.2026 00:51:46.605] [modloading-worker-0/DEBUG] [net.minecraftforge.fml.javafmlmod.AutomaticEventSubscriber/LOADING]: Auto-subscribing tech.squadmc.squadmcor.init.ModEntityRenders to MOD
[01июл.2026 00:51:46.608] [modloading-worker-0/DEBUG] [net.minecraftforge.fml.config.ConfigTracker/CONFIG]: Config file superbwarfare-server.toml for superbwarfare tracking
[01июл.2026 00:51:46.627] [modloading-worker-0/DEBUG] [mixin/]: Mixing ReloadableServerResourcesMixin from mixins.superbwarfare.json into net.minecraft.server.ReloadableServerResources
[01июл.2026 00:51:46.635] [modloading-worker-0/DEBUG] [net.minecraftforge.fml.config.ConfigTracker/CONFIG]: Config file curios-client.toml for curios tracking
[01июл.2026 00:51:46.638] [modloading-worker-0/DEBUG] [net.minecraftforge.fml.config.ConfigTracker/CONFIG]: Config file curios-server.toml for curios tracking
[01июл.2026 00:51:46.638] [modloading-worker-0/DEBUG] [net.minecraftforge.fml.javafmlmod.AutomaticEventSubscriber/LOADING]: Attempting to inject @EventBusSubscriber classes into the eventbus for curios
[01июл.2026 00:51:46.638] [modloading-worker-0/DEBUG] [net.minecraftforge.fml.javafmlmod.AutomaticEventSubscriber/LOADING]: Auto-subscribing top.theillusivec4.curios.Curios$ClientProxy to MOD
[01июл.2026 00:51:46.641] [modloading-worker-0/DEBUG] [mixin/]: Mixing LivingEntityRendererMixin from mixins.superbwarfare.json into net.minecraft.client.renderer.entity.LivingEntityRenderer
[01июл.2026 00:51:46.667] [modloading-worker-0/DEBUG] [mixin/]: Mixing ClientPlayerEntityMixin from mixins.superbwarfare.json into net.minecraft.client.player.LocalPlayer
[01июл.2026 00:51:46.680] [modloading-worker-0/DEBUG] [mixin/]: Mixing MultiPlayerGameModeMixin from mixins.superbwarfare.json into net.minecraft.client.multiplayer.MultiPlayerGameMode
[01июл.2026 00:51:46.699] [modloading-worker-0/WARN] [software.bernie.geckolib.GeckoLib/]: Minecraft.getInstance() was null, could not register reload listeners
[01июл.2026 00:51:46.722] [modloading-worker-0/DEBUG] [io.netty.util.internal.PlatformDependent0/]: -Dio.netty.noUnsafe: false
[01июл.2026 00:51:46.723] [modloading-worker-0/DEBUG] [io.netty.util.internal.PlatformDependent0/]: Java version: 17
[01июл.2026 00:51:46.724] [modloading-worker-0/DEBUG] [io.netty.util.internal.PlatformDependent0/]: sun.misc.Unsafe.theUnsafe: available
[01июл.2026 00:51:46.725] [modloading-worker-0/DEBUG] [io.netty.util.internal.PlatformDependent0/]: sun.misc.Unsafe.copyMemory: available
[01июл.2026 00:51:46.726] [modloading-worker-0/DEBUG] [io.netty.util.internal.PlatformDependent0/]: sun.misc.Unsafe.storeFence: available
[01июл.2026 00:51:46.726] [modloading-worker-0/DEBUG] [io.netty.util.internal.PlatformDependent0/]: java.nio.Buffer.address: available
[01июл.2026 00:51:46.729] [modloading-worker-0/DEBUG] [net.minecraftforge.fml.javafmlmod.AutomaticEventSubscriber/LOADING]: Attempting to inject @EventBusSubscriber classes into the eventbus for geckolib
[01июл.2026 00:51:46.729] [modloading-worker-0/DEBUG] [net.minecraftforge.fml.javafmlmod.AutomaticEventSubscriber/LOADING]: Auto-subscribing software.bernie.example.GeckoLibMod to FORGE
[01июл.2026 00:51:46.729] [modloading-worker-0/DEBUG] [net.minecraftforge.fml.javafmlmod.AutomaticEventSubscriber/LOADING]: Auto-subscribing software.bernie.example.CommonListener to MOD
[01июл.2026 00:51:46.731] [modloading-worker-0/DEBUG] [net.minecraftforge.fml.javafmlmod.AutomaticEventSubscriber/LOADING]: Auto-subscribing software.bernie.example.ClientListener to MOD
[01июл.2026 00:51:46.727] [modloading-worker-0/DEBUG] [io.netty.util.internal.PlatformDependent0/]: direct buffer constructor: unavailable
java.lang.UnsupportedOperationException: Reflective setAccessible(true) disabled
	at io.netty.util.internal.ReflectionUtil.trySetAccessible(ReflectionUtil.java:31) ~[netty-common-4.1.82.Final.jar%23151!/:4.1.82.Final]
	at io.netty.util.internal.PlatformDependent0$5.run(PlatformDependent0.java:288) ~[netty-common-4.1.82.Final.jar%23151!/:4.1.82.Final]
	at java.security.AccessController.doPrivileged(AccessController.java:318) ~[?:?]
	at io.netty.util.internal.PlatformDependent0.<clinit>(PlatformDependent0.java:282) ~[netty-common-4.1.82.Final.jar%23151!/:4.1.82.Final]
	at io.netty.util.internal.PlatformDependent.isAndroid(PlatformDependent.java:333) ~[netty-common-4.1.82.Final.jar%23151!/:4.1.82.Final]
	at io.netty.util.internal.PlatformDependent.<clinit>(PlatformDependent.java:88) ~[netty-common-4.1.82.Final.jar%23151!/:4.1.82.Final]
	at io.netty.util.ConstantPool.<init>(ConstantPool.java:34) ~[netty-common-4.1.82.Final.jar%23151!/:4.1.82.Final]
	at io.netty.util.AttributeKey$1.<init>(AttributeKey.java:27) ~[netty-common-4.1.82.Final.jar%23151!/:4.1.82.Final]
	at io.netty.util.AttributeKey.<clinit>(AttributeKey.java:27) ~[netty-common-4.1.82.Final.jar%23151!/:4.1.82.Final]
	at net.minecraftforge.network.NetworkConstants.<clinit>(NetworkConstants.java:34) ~[forge-1.20.1-47.2.0_mapped_parchment_2023.08.13-1.20.1-recomp.jar%23190%23197!/:?]
	at net.minecraftforge.common.ForgeMod.<init>(ForgeMod.java:429) ~[forge-1.20.1-47.2.0_mapped_parchment_2023.08.13-1.20.1-recomp.jar%23190%23197!/:?]
	at jdk.internal.reflect.NativeConstructorAccessorImpl.newInstance0(Native Method) ~[?:?]
	at jdk.internal.reflect.NativeConstructorAccessorImpl.newInstance(NativeConstructorAccessorImpl.java:77) ~[?:?]
	at jdk.internal.reflect.DelegatingConstructorAccessorImpl.newInstance(DelegatingConstructorAccessorImpl.java:45) ~[?:?]
	at java.lang.reflect.Constructor.newInstanceWithCaller(Constructor.java:500) ~[?:?]
	at java.lang.reflect.Constructor.newInstance(Constructor.java:481) ~[?:?]
	at net.minecraftforge.fml.javafmlmod.FMLModContainer.constructMod(FMLModContainer.java:68) ~[javafmllanguage-1.20.1-47.2.0.jar%23192!/:?]
	at net.minecraftforge.fml.ModContainer.lambda$buildTransitionHandler$10(ModContainer.java:123) ~[fmlcore-1.20.1-47.2.0.jar%23195!/:?]
	at java.util.concurrent.CompletableFuture$AsyncRun.run(CompletableFuture.java:1804) ~[?:?]
	at java.util.concurrent.CompletableFuture$AsyncRun.exec(CompletableFuture.java:1796) ~[?:?]
	at java.util.concurrent.ForkJoinTask.doExec(ForkJoinTask.java:373) ~[?:?]
	at java.util.concurrent.ForkJoinPool$WorkQueue.topLevelExec(ForkJoinPool.java:1182) ~[?:?]
	at java.util.concurrent.ForkJoinPool.scan(ForkJoinPool.java:1655) ~[?:?]
	at java.util.concurrent.ForkJoinPool.runWorker(ForkJoinPool.java:1622) ~[?:?]
	at java.util.concurrent.ForkJoinWorkerThread.run(ForkJoinWorkerThread.java:165) ~[?:?]
[01июл.2026 00:51:46.738] [modloading-worker-0/DEBUG] [io.netty.util.internal.PlatformDependent0/]: java.nio.Bits.unaligned: available, true
[01июл.2026 00:51:46.739] [modloading-worker-0/DEBUG] [io.netty.util.internal.PlatformDependent0/]: jdk.internal.misc.Unsafe.allocateUninitializedArray(int): unavailable
java.lang.IllegalAccessException: class io.netty.util.internal.PlatformDependent0$7 (in module io.netty.common) cannot access class jdk.internal.misc.Unsafe (in module java.base) because module java.base does not export jdk.internal.misc to module io.netty.common
	at jdk.internal.reflect.Reflection.newIllegalAccessException(Reflection.java:392) ~[?:?]
	at java.lang.reflect.AccessibleObject.checkAccess(AccessibleObject.java:674) ~[?:?]
	at java.lang.reflect.Method.invoke(Method.java:561) ~[?:?]
	at io.netty.util.internal.PlatformDependent0$7.run(PlatformDependent0.java:410) ~[netty-common-4.1.82.Final.jar%23151!/:4.1.82.Final]
	at java.security.AccessController.doPrivileged(AccessController.java:318) ~[?:?]
	at io.netty.util.internal.PlatformDependent0.<clinit>(PlatformDependent0.java:401) ~[netty-common-4.1.82.Final.jar%23151!/:4.1.82.Final]
	at io.netty.util.internal.PlatformDependent.isAndroid(PlatformDependent.java:333) ~[netty-common-4.1.82.Final.jar%23151!/:4.1.82.Final]
	at io.netty.util.internal.PlatformDependent.<clinit>(PlatformDependent.java:88) ~[netty-common-4.1.82.Final.jar%23151!/:4.1.82.Final]
	at io.netty.util.ConstantPool.<init>(ConstantPool.java:34) ~[netty-common-4.1.82.Final.jar%23151!/:4.1.82.Final]
	at io.netty.util.AttributeKey$1.<init>(AttributeKey.java:27) ~[netty-common-4.1.82.Final.jar%23151!/:4.1.82.Final]
	at io.netty.util.AttributeKey.<clinit>(AttributeKey.java:27) ~[netty-common-4.1.82.Final.jar%23151!/:4.1.82.Final]
	at net.minecraftforge.network.NetworkConstants.<clinit>(NetworkConstants.java:34) ~[forge-1.20.1-47.2.0_mapped_parchment_2023.08.13-1.20.1-recomp.jar%23190%23197!/:?]
	at net.minecraftforge.common.ForgeMod.<init>(ForgeMod.java:429) ~[forge-1.20.1-47.2.0_mapped_parchment_2023.08.13-1.20.1-recomp.jar%23190%23197!/:?]
	at jdk.internal.reflect.NativeConstructorAccessorImpl.newInstance0(Native Method) ~[?:?]
	at jdk.internal.reflect.NativeConstructorAccessorImpl.newInstance(NativeConstructorAccessorImpl.java:77) ~[?:?]
	at jdk.internal.reflect.DelegatingConstructorAccessorImpl.newInstance(DelegatingConstructorAccessorImpl.java:45) ~[?:?]
	at java.lang.reflect.Constructor.newInstanceWithCaller(Constructor.java:500) ~[?:?]
	at java.lang.reflect.Constructor.newInstance(Constructor.java:481) ~[?:?]
	at net.minecraftforge.fml.javafmlmod.FMLModContainer.constructMod(FMLModContainer.java:68) ~[javafmllanguage-1.20.1-47.2.0.jar%23192!/:?]
	at net.minecraftforge.fml.ModContainer.lambda$buildTransitionHandler$10(ModContainer.java:123) ~[fmlcore-1.20.1-47.2.0.jar%23195!/:?]
	at java.util.concurrent.CompletableFuture$AsyncRun.run(CompletableFuture.java:1804) ~[?:?]
	at java.util.concurrent.CompletableFuture$AsyncRun.exec(CompletableFuture.java:1796) ~[?:?]
	at java.util.concurrent.ForkJoinTask.doExec(ForkJoinTask.java:373) ~[?:?]
	at java.util.concurrent.ForkJoinPool$WorkQueue.topLevelExec(ForkJoinPool.java:1182) ~[?:?]
	at java.util.concurrent.ForkJoinPool.scan(ForkJoinPool.java:1655) ~[?:?]
	at java.util.concurrent.ForkJoinPool.runWorker(ForkJoinPool.java:1622) ~[?:?]
	at java.util.concurrent.ForkJoinWorkerThread.run(ForkJoinWorkerThread.java:165) ~[?:?]
[01июл.2026 00:51:46.742] [modloading-worker-0/DEBUG] [io.netty.util.internal.PlatformDependent0/]: java.nio.DirectByteBuffer.<init>(long, int): unavailable
[01июл.2026 00:51:46.742] [modloading-worker-0/DEBUG] [io.netty.util.internal.PlatformDependent/]: sun.misc.Unsafe: available
[01июл.2026 00:51:46.744] [modloading-worker-0/DEBUG] [io.netty.util.internal.PlatformDependent/]: maxDirectMemory: 4273995776 bytes (maybe)
[01июл.2026 00:51:46.745] [modloading-worker-0/DEBUG] [io.netty.util.internal.PlatformDependent/]: -Dio.netty.tmpdir: C:\Users\shali\AppData\Local\Temp (java.io.tmpdir)
[01июл.2026 00:51:46.745] [modloading-worker-0/DEBUG] [io.netty.util.internal.PlatformDependent/]: -Dio.netty.bitMode: 64 (sun.arch.data.model)
[01июл.2026 00:51:46.745] [modloading-worker-0/DEBUG] [io.netty.util.internal.PlatformDependent/]: Platform: Windows
[01июл.2026 00:51:46.746] [modloading-worker-0/DEBUG] [io.netty.util.internal.PlatformDependent/]: -Dio.netty.maxDirectMemory: -1 bytes
[01июл.2026 00:51:46.746] [modloading-worker-0/DEBUG] [io.netty.util.internal.PlatformDependent/]: -Dio.netty.uninitializedArrayAllocationThreshold: -1
[01июл.2026 00:51:46.748] [modloading-worker-0/DEBUG] [io.netty.util.internal.CleanerJava9/]: java.nio.ByteBuffer.cleaner(): available
[01июл.2026 00:51:46.748] [modloading-worker-0/DEBUG] [io.netty.util.internal.PlatformDependent/]: -Dio.netty.noPreferDirect: false
[01июл.2026 00:51:46.786] [modloading-worker-0/DEBUG] [net.minecraftforge.common.ForgeMod/FORGEMOD]: Loading Network data for FML net version: FML3
[01июл.2026 00:51:46.806] [modloading-worker-0/DEBUG] [net.minecraftforge.fml.config.ConfigTracker/CONFIG]: Config file forge-client.toml for forge tracking
[01июл.2026 00:51:46.807] [modloading-worker-0/DEBUG] [net.minecraftforge.fml.config.ConfigTracker/CONFIG]: Config file forge-server.toml for forge tracking
[01июл.2026 00:51:46.807] [modloading-worker-0/DEBUG] [net.minecraftforge.fml.ModLoadingContext/]: Attempted to register an empty config for type COMMON on mod forge
[01июл.2026 00:51:46.839] [modloading-worker-0/DEBUG] [net.minecraftforge.fml.javafmlmod.AutomaticEventSubscriber/LOADING]: Attempting to inject @EventBusSubscriber classes into the eventbus for forge
[01июл.2026 00:51:46.839] [modloading-worker-0/DEBUG] [net.minecraftforge.fml.javafmlmod.AutomaticEventSubscriber/LOADING]: Auto-subscribing net.minecraftforge.common.ForgeSpawnEggItem$CommonHandler to MOD
[01июл.2026 00:51:46.841] [modloading-worker-0/DEBUG] [net.minecraftforge.fml.javafmlmod.AutomaticEventSubscriber/LOADING]: Auto-subscribing net.minecraftforge.common.ForgeSpawnEggItem$ColorRegisterHandler to MOD
[01июл.2026 00:51:46.845] [modloading-worker-0/DEBUG] [net.minecraftforge.fml.javafmlmod.AutomaticEventSubscriber/LOADING]: Auto-subscribing net.minecraftforge.client.model.data.ModelDataManager to FORGE
[01июл.2026 00:51:46.848] [modloading-worker-0/DEBUG] [net.minecraftforge.fml.javafmlmod.AutomaticEventSubscriber/LOADING]: Auto-subscribing net.minecraftforge.client.ForgeHooksClient$ClientEvents to MOD
[01июл.2026 00:51:46.856] [modloading-worker-0/DEBUG] [net.minecraftforge.fml.javafmlmod.AutomaticEventSubscriber/LOADING]: Auto-subscribing net.minecraftforge.client.ClientForgeMod to MOD
[01июл.2026 00:51:47.059] [modloading-worker-0/DEBUG] [net.minecraftforge.fml.javafmlmod.AutomaticEventSubscriber/LOADING]: Attempting to inject @EventBusSubscriber classes into the eventbus for superbwarfare
[01июл.2026 00:51:47.060] [modloading-worker-0/DEBUG] [net.minecraftforge.fml.javafmlmod.AutomaticEventSubscriber/LOADING]: Auto-subscribing com.atsuishio.superbwarfare.world.TDMSavedData to FORGE
[01июл.2026 00:51:47.062] [modloading-worker-0/DEBUG] [net.minecraftforge.fml.javafmlmod.AutomaticEventSubscriber/LOADING]: Auto-subscribing com.atsuishio.superbwarfare.tools.VectorUtil to FORGE
[01июл.2026 00:51:47.067] [modloading-worker-0/DEBUG] [mixin/]: Mixing GameRendererMixin from mixins.superbwarfare.json into net.minecraft.client.renderer.GameRenderer
[01июл.2026 00:51:47.121] [modloading-worker-0/DEBUG] [mixin/]: Mixing CameraMixin from mixins.superbwarfare.json into net.minecraft.client.Camera
[01июл.2026 00:51:47.181] [modloading-worker-0/DEBUG] [net.minecraftforge.fml.javafmlmod.AutomaticEventSubscriber/LOADING]: Auto-subscribing com.atsuishio.superbwarfare.tools.ResourceOnceLogger to MOD
[01июл.2026 00:51:47.183] [modloading-worker-0/DEBUG] [net.minecraftforge.fml.javafmlmod.AutomaticEventSubscriber/LOADING]: Auto-subscribing com.atsuishio.superbwarfare.tools.GunsTool to FORGE
[01июл.2026 00:51:47.188] [modloading-worker-0/DEBUG] [net.minecraftforge.fml.javafmlmod.AutomaticEventSubscriber/LOADING]: Auto-subscribing com.atsuishio.superbwarfare.recipe.ModPotionRecipes to MOD
[01июл.2026 00:51:47.189] [modloading-worker-0/DEBUG] [net.minecraftforge.fml.javafmlmod.AutomaticEventSubscriber/LOADING]: Auto-subscribing com.atsuishio.superbwarfare.procedures.WelcomeProcedure to MOD
[01июл.2026 00:51:47.190] [modloading-worker-0/DEBUG] [net.minecraftforge.fml.javafmlmod.AutomaticEventSubscriber/LOADING]: Auto-subscribing com.atsuishio.superbwarfare.perk.functional.PowerfulAttraction to FORGE
[01июл.2026 00:51:47.196] [modloading-worker-0/DEBUG] [net.minecraftforge.fml.javafmlmod.AutomaticEventSubscriber/LOADING]: Auto-subscribing com.atsuishio.superbwarfare.mobeffect.TraumaMobEffect to FORGE
[01июл.2026 00:51:47.199] [modloading-worker-0/DEBUG] [net.minecraftforge.fml.javafmlmod.AutomaticEventSubscriber/LOADING]: Auto-subscribing com.atsuishio.superbwarfare.mobeffect.ShockMobEffect to FORGE
[01июл.2026 00:51:47.201] [modloading-worker-0/DEBUG] [net.minecraftforge.fml.javafmlmod.AutomaticEventSubscriber/LOADING]: Auto-subscribing com.atsuishio.superbwarfare.mobeffect.BurnMobEffect to FORGE
[01июл.2026 00:51:47.203] [modloading-worker-0/DEBUG] [net.minecraftforge.fml.javafmlmod.AutomaticEventSubscriber/LOADING]: Auto-subscribing com.atsuishio.superbwarfare.menu.FuMO25Menu to FORGE
[01июл.2026 00:51:47.207] [modloading-worker-0/DEBUG] [net.minecraftforge.fml.javafmlmod.AutomaticEventSubscriber/LOADING]: Auto-subscribing com.atsuishio.superbwarfare.menu.EnergyMenu to FORGE
[01июл.2026 00:51:47.208] [modloading-worker-0/DEBUG] [net.minecraftforge.fml.javafmlmod.AutomaticEventSubscriber/LOADING]: Auto-subscribing com.atsuishio.superbwarfare.item.gun.GunItem to FORGE
[01июл.2026 00:51:47.214] [modloading-worker-0/DEBUG] [net.minecraftforge.fml.javafmlmod.AutomaticEventSubscriber/LOADING]: Auto-subscribing com.atsuishio.superbwarfare.item.gun.GunGeoItem to FORGE
[01июл.2026 00:51:47.215] [modloading-worker-0/DEBUG] [net.minecraftforge.fml.javafmlmod.AutomaticEventSubscriber/LOADING]: Auto-subscribing com.atsuishio.superbwarfare.item.common.container.ContainerBlockItem to MOD
[01июл.2026 00:51:47.217] [modloading-worker-0/DEBUG] [net.minecraftforge.fml.javafmlmod.AutomaticEventSubscriber/LOADING]: Auto-subscribing com.atsuishio.superbwarfare.item.common.ammo.PotionMortarShell to MOD
[01июл.2026 00:51:47.218] [modloading-worker-0/DEBUG] [net.minecraftforge.fml.javafmlmod.AutomaticEventSubscriber/LOADING]: Auto-subscribing com.atsuishio.superbwarfare.item.Hammer to FORGE
[01июл.2026 00:51:47.219] [modloading-worker-0/DEBUG] [net.minecraftforge.fml.javafmlmod.AutomaticEventSubscriber/LOADING]: Auto-subscribing com.atsuishio.superbwarfare.init.ModVillagers to FORGE
[01июл.2026 00:51:47.220] [modloading-worker-0/DEBUG] [net.minecraftforge.fml.javafmlmod.AutomaticEventSubscriber/LOADING]: Auto-subscribing com.atsuishio.superbwarfare.init.ModTabs to MOD
[01июл.2026 00:51:47.223] [modloading-worker-0/DEBUG] [net.minecraftforge.fml.javafmlmod.AutomaticEventSubscriber/LOADING]: Auto-subscribing com.atsuishio.superbwarfare.init.ModScreens to MOD
[01июл.2026 00:51:47.225] [modloading-worker-0/DEBUG] [net.minecraftforge.fml.javafmlmod.AutomaticEventSubscriber/LOADING]: Auto-subscribing com.atsuishio.superbwarfare.init.ModProperties to MOD
[01июл.2026 00:51:47.226] [modloading-worker-0/DEBUG] [net.minecraftforge.fml.javafmlmod.AutomaticEventSubscriber/LOADING]: Auto-subscribing com.atsuishio.superbwarfare.init.ModPerks to MOD
[01июл.2026 00:51:47.226] [modloading-worker-0/DEBUG] [net.minecraftforge.fml.javafmlmod.AutomaticEventSubscriber/LOADING]: Auto-subscribing com.atsuishio.superbwarfare.init.ModParticles to MOD
[01июл.2026 00:51:47.232] [modloading-worker-0/DEBUG] [net.minecraftforge.fml.javafmlmod.AutomaticEventSubscriber/LOADING]: Auto-subscribing com.atsuishio.superbwarfare.init.ModLootModifier to MOD
[01июл.2026 00:51:47.235] [modloading-worker-0/DEBUG] [net.minecraftforge.fml.javafmlmod.AutomaticEventSubscriber/LOADING]: Auto-subscribing com.atsuishio.superbwarfare.init.ModKeyMappings to MOD
[01июл.2026 00:51:47.236] [modloading-worker-0/DEBUG] [mixin/]: Mixing KeymappingMixin from mixins.superbwarfare.json into net.minecraft.client.KeyMapping
[01июл.2026 00:51:47.300] [modloading-worker-0/DEBUG] [net.minecraftforge.fml.javafmlmod.AutomaticEventSubscriber/LOADING]: Auto-subscribing com.atsuishio.superbwarfare.init.ModEntityRenderers to MOD
[01июл.2026 00:51:47.302] [modloading-worker-0/DEBUG] [net.minecraftforge.fml.javafmlmod.AutomaticEventSubscriber/LOADING]: Auto-subscribing com.atsuishio.superbwarfare.init.ModEntities to MOD
[01июл.2026 00:51:47.303] [modloading-worker-0/DEBUG] [net.minecraftforge.fml.javafmlmod.AutomaticEventSubscriber/LOADING]: Auto-subscribing com.atsuishio.superbwarfare.init.ModAttributes to MOD
[01июл.2026 00:51:47.305] [modloading-worker-0/DEBUG] [net.minecraftforge.fml.javafmlmod.AutomaticEventSubscriber/LOADING]: Auto-subscribing com.atsuishio.superbwarfare.event.PlayerEventHandler to FORGE
[01июл.2026 00:51:47.308] [modloading-worker-0/DEBUG] [net.minecraftforge.fml.javafmlmod.AutomaticEventSubscriber/LOADING]: Auto-subscribing com.atsuishio.superbwarfare.event.ModVersionEventHandler to MOD
[01июл.2026 00:51:47.310] [modloading-worker-0/DEBUG] [net.minecraftforge.fml.javafmlmod.AutomaticEventSubscriber/LOADING]: Auto-subscribing com.atsuishio.superbwarfare.event.LivingEventHandler to FORGE
[01июл.2026 00:51:47.318] [modloading-worker-0/DEBUG] [mixin/]: Mixing ExplosionMixin from mixins.superbwarfare.json into net.minecraft.world.level.Explosion
[01июл.2026 00:51:47.321] [modloading-worker-0/DEBUG] [net.minecraftforge.fml.javafmlmod.AutomaticEventSubscriber/LOADING]: Auto-subscribing com.atsuishio.superbwarfare.event.KillMessageHandler to FORGE
[01июл.2026 00:51:47.322] [modloading-worker-0/DEBUG] [net.minecraftforge.fml.javafmlmod.AutomaticEventSubscriber/LOADING]: Auto-subscribing com.atsuishio.superbwarfare.event.HitboxHelperEventHandler to FORGE
[01июл.2026 00:51:47.323] [modloading-worker-0/DEBUG] [net.minecraftforge.fml.javafmlmod.AutomaticEventSubscriber/LOADING]: Auto-subscribing com.atsuishio.superbwarfare.event.GunEventHandler to FORGE
[01июл.2026 00:51:47.326] [modloading-worker-0/DEBUG] [net.minecraftforge.fml.javafmlmod.AutomaticEventSubscriber/LOADING]: Auto-subscribing com.atsuishio.superbwarfare.event.EntityUseGunEventHandler to FORGE
[01июл.2026 00:51:47.328] [modloading-worker-0/DEBUG] [net.minecraftforge.fml.javafmlmod.AutomaticEventSubscriber/LOADING]: Auto-subscribing com.atsuishio.superbwarfare.event.CustomEventHandler to FORGE
[01июл.2026 00:51:47.332] [modloading-worker-0/DEBUG] [net.minecraftforge.fml.javafmlmod.AutomaticEventSubscriber/LOADING]: Auto-subscribing com.atsuishio.superbwarfare.event.ClientMouseHandler to FORGE
[01июл.2026 00:51:47.334] [modloading-worker-0/DEBUG] [net.minecraftforge.fml.javafmlmod.AutomaticEventSubscriber/LOADING]: Auto-subscribing com.atsuishio.superbwarfare.event.ClientEventHandler to FORGE
[01июл.2026 00:51:47.342] [modloading-worker-0/DEBUG] [mixin/]: Mixing AnimationProcessorAccessor from mixins.superbwarfare.json into software.bernie.geckolib.core.animation.AnimationProcessor
[01июл.2026 00:51:47.376] [modloading-worker-0/DEBUG] [net.minecraftforge.fml.javafmlmod.AutomaticEventSubscriber/LOADING]: Auto-subscribing com.atsuishio.superbwarfare.entity.TargetEntity to FORGE
[01июл.2026 00:51:47.397] [modloading-worker-0/DEBUG] [net.minecraftforge.fml.javafmlmod.AutomaticEventSubscriber/LOADING]: Auto-subscribing com.atsuishio.superbwarfare.entity.SenpaiEntity to FORGE
[01июл.2026 00:51:47.401] [modloading-worker-0/DEBUG] [net.minecraftforge.fml.javafmlmod.AutomaticEventSubscriber/LOADING]: Auto-subscribing com.atsuishio.superbwarfare.entity.DPSGeneratorEntity to FORGE
[01июл.2026 00:51:47.402] [modloading-worker-0/DEBUG] [net.minecraftforge.fml.javafmlmod.AutomaticEventSubscriber/LOADING]: Auto-subscribing com.atsuishio.superbwarfare.datagen.DataGenerators to MOD
[01июл.2026 00:51:47.404] [modloading-worker-0/DEBUG] [net.minecraftforge.fml.javafmlmod.AutomaticEventSubscriber/LOADING]: Auto-subscribing com.atsuishio.superbwarfare.data.vehicle.VehicleDataTool to FORGE
[01июл.2026 00:51:47.405] [modloading-worker-0/DEBUG] [net.minecraftforge.fml.javafmlmod.AutomaticEventSubscriber/LOADING]: Auto-subscribing com.atsuishio.superbwarfare.data.container.ContainerDataManager to FORGE
[01июл.2026 00:51:47.407] [modloading-worker-0/DEBUG] [net.minecraftforge.fml.javafmlmod.AutomaticEventSubscriber/LOADING]: Auto-subscribing com.atsuishio.superbwarfare.data.DataLoader to FORGE
[01июл.2026 00:51:47.408] [modloading-worker-0/DEBUG] [net.minecraftforge.fml.javafmlmod.AutomaticEventSubscriber/LOADING]: Auto-subscribing com.atsuishio.superbwarfare.data.DataLoader$ClientReloadListener to MOD
[01июл.2026 00:51:47.408] [modloading-worker-0/DEBUG] [net.minecraftforge.fml.javafmlmod.AutomaticEventSubscriber/LOADING]: Auto-subscribing com.atsuishio.superbwarfare.compat.CompatHolder to MOD
[01июл.2026 00:51:47.409] [modloading-worker-0/DEBUG] [net.minecraftforge.fml.javafmlmod.AutomaticEventSubscriber/LOADING]: Auto-subscribing com.atsuishio.superbwarfare.command.CommandRegister to FORGE
[01июл.2026 00:51:47.411] [modloading-worker-0/DEBUG] [net.minecraftforge.fml.javafmlmod.AutomaticEventSubscriber/LOADING]: Auto-subscribing com.atsuishio.superbwarfare.client.screens.modsell.ModSellWarningScreen to FORGE
[01июл.2026 00:51:47.429] [modloading-worker-0/DEBUG] [net.minecraftforge.fml.javafmlmod.AutomaticEventSubscriber/LOADING]: Auto-subscribing com.atsuishio.superbwarfare.client.screens.FuMO25ScreenHelper to FORGE
[01июл.2026 00:51:47.430] [modloading-worker-0/DEBUG] [net.minecraftforge.fml.javafmlmod.AutomaticEventSubscriber/LOADING]: Auto-subscribing com.atsuishio.superbwarfare.client.renderer.special.ContainerBlockPreview to FORGE
[01июл.2026 00:51:47.436] [modloading-worker-0/DEBUG] [mixin/]: Mixing LevelRendererMixin from mixins.superbwarfare.json into net.minecraft.client.renderer.LevelRenderer
[01июл.2026 00:51:47.478] [modloading-worker-0/DEBUG] [net.minecraftforge.fml.javafmlmod.AutomaticEventSubscriber/LOADING]: Auto-subscribing com.atsuishio.superbwarfare.client.renderer.curio.ParachuteRenderer to FORGE
[01июл.2026 00:51:47.483] [modloading-worker-0/DEBUG] [net.minecraftforge.fml.javafmlmod.AutomaticEventSubscriber/LOADING]: Auto-subscribing com.atsuishio.superbwarfare.client.language.ClientLanguageGetter to MOD
[01июл.2026 00:51:47.484] [modloading-worker-0/DEBUG] [net.minecraftforge.fml.javafmlmod.AutomaticEventSubscriber/LOADING]: Auto-subscribing com.atsuishio.superbwarfare.client.ClientRenderHandler to MOD
[01июл.2026 00:51:47.487] [modloading-worker-0/DEBUG] [net.minecraftforge.fml.javafmlmod.AutomaticEventSubscriber/LOADING]: Auto-subscribing com.atsuishio.superbwarfare.client.ClickHandler to FORGE
[01июл.2026 00:51:47.491] [modloading-worker-0/DEBUG] [net.minecraftforge.fml.javafmlmod.AutomaticEventSubscriber/LOADING]: Auto-subscribing com.atsuishio.superbwarfare.capability.CapabilityHandler to FORGE
[01июл.2026 00:51:47.494] [modloading-worker-0/DEBUG] [net.minecraftforge.fml.javafmlmod.AutomaticEventSubscriber/LOADING]: Auto-subscribing com.atsuishio.superbwarfare.advancement.CriteriaRegister to MOD
[01июл.2026 00:51:47.497] [main/DEBUG] [net.minecraftforge.fml.DeferredWorkQueue/LOADING]: Dispatching synchronous work for work queue CONSTRUCT: 2 jobs
[01июл.2026 00:51:47.499] [main/DEBUG] [net.minecraftforge.fml.DeferredWorkQueue/LOADING]: Synchronous work queue completed in 816.5 μs
[01июл.2026 00:51:47.515] [main/DEBUG] [net.minecraftforge.registries.ObjectHolderRegistry/REGISTRIES]: Processing ObjectHolder annotations
[01июл.2026 00:51:47.534] [main/DEBUG] [net.minecraftforge.registries.ObjectHolderRegistry/REGISTRIES]: Found 4474 ObjectHolder annotations
[01июл.2026 00:51:47.538] [main/DEBUG] [net.minecraftforge.common.capabilities.CapabilityManager/CAPABILITIES]: Attempting to automatically register: Lcom/atsuishio/superbwarfare/capability/player/PlayerVariable;
[01июл.2026 00:51:47.539] [main/DEBUG] [net.minecraftforge.common.capabilities.CapabilityManager/CAPABILITIES]: Attempting to automatically register: Lnet/minecraftforge/energy/IEnergyStorage;
[01июл.2026 00:51:47.539] [main/DEBUG] [net.minecraftforge.common.capabilities.CapabilityManager/CAPABILITIES]: Attempting to automatically register: Lnet/minecraftforge/fluids/capability/IFluidHandler;
[01июл.2026 00:51:47.539] [main/DEBUG] [net.minecraftforge.common.capabilities.CapabilityManager/CAPABILITIES]: Attempting to automatically register: Lnet/minecraftforge/fluids/capability/IFluidHandlerItem;
[01июл.2026 00:51:47.539] [main/DEBUG] [net.minecraftforge.common.capabilities.CapabilityManager/CAPABILITIES]: Attempting to automatically register: Lnet/minecraftforge/items/IItemHandler;
[01июл.2026 00:51:47.541] [main/DEBUG] [net.minecraftforge.registries.GameData/REGISTRIES]: Unfreezing vanilla registries
[01июл.2026 00:51:47.546] [main/DEBUG] [net.minecraftforge.registries.GameData/REGISTRIES]: Applying holder lookups: minecraft:sound_event
[01июл.2026 00:51:47.549] [main/DEBUG] [net.minecraftforge.registries.GameData/REGISTRIES]: Holder lookups applied: minecraft:sound_event
[01июл.2026 00:51:47.549] [main/DEBUG] [net.minecraftforge.registries.GameData/REGISTRIES]: Applying holder lookups: minecraft:fluid
[01июл.2026 00:51:47.550] [main/DEBUG] [net.minecraftforge.registries.GameData/REGISTRIES]: Holder lookups applied: minecraft:fluid
[01июл.2026 00:51:47.559] [main/DEBUG] [net.minecraftforge.registries.GameData/REGISTRIES]: Applying holder lookups: minecraft:block
[01июл.2026 00:51:47.561] [main/DEBUG] [net.minecraftforge.registries.GameData/REGISTRIES]: Holder lookups applied: minecraft:block
[01июл.2026 00:51:47.561] [main/DEBUG] [net.minecraftforge.registries.GameData/REGISTRIES]: Applying holder lookups: minecraft:attribute
[01июл.2026 00:51:47.562] [main/DEBUG] [net.minecraftforge.registries.GameData/REGISTRIES]: Holder lookups applied: minecraft:attribute
[01июл.2026 00:51:47.562] [main/DEBUG] [net.minecraftforge.registries.GameData/REGISTRIES]: Applying holder lookups: minecraft:mob_effect
[01июл.2026 00:51:47.562] [main/DEBUG] [net.minecraftforge.registries.ObjectHolderRef/]: Unable to lookup virtuarealcraft:curse_flame for public static net.minecraft.world.effect.MobEffect com.atsuishio.superbwarfare.compat.CompatHolder.VRC_CURSE_FLAME. This means the object wasn't registered. It's likely just mod options.
[01июл.2026 00:51:47.562] [main/DEBUG] [net.minecraftforge.registries.GameData/REGISTRIES]: Holder lookups applied: minecraft:mob_effect
[01июл.2026 00:51:47.585] [main/DEBUG] [net.minecraftforge.registries.GameData/REGISTRIES]: Applying holder lookups: minecraft:particle_type
[01июл.2026 00:51:47.586] [main/DEBUG] [net.minecraftforge.registries.GameData/REGISTRIES]: Holder lookups applied: minecraft:particle_type
[01июл.2026 00:51:47.591] [main/DEBUG] [software.bernie.geckolib.GeckoLib/]: Registered SyncedAnimatable for class software.bernie.example.item.JackInTheBoxItem
[01июл.2026 00:51:47.601] [main/DEBUG] [software.bernie.geckolib.GeckoLib/]: Registered SyncedAnimatable for class com.atsuishio.superbwarfare.item.gun.special.RepairToolItem
[01июл.2026 00:51:47.601] [main/DEBUG] [software.bernie.geckolib.GeckoLib/]: Registered SyncedAnimatable for class com.atsuishio.superbwarfare.item.gun.special.TaserItem
[01июл.2026 00:51:47.601] [main/DEBUG] [software.bernie.geckolib.GeckoLib/]: Registered SyncedAnimatable for class com.atsuishio.superbwarfare.item.gun.handgun.Glock17Item
[01июл.2026 00:51:47.602] [main/DEBUG] [software.bernie.geckolib.GeckoLib/]: Registered SyncedAnimatable for class com.atsuishio.superbwarfare.item.gun.handgun.Glock18Item
[01июл.2026 00:51:47.602] [main/DEBUG] [software.bernie.geckolib.GeckoLib/]: Registered SyncedAnimatable for class com.atsuishio.superbwarfare.item.gun.handgun.Mp443Item
[01июл.2026 00:51:47.602] [main/DEBUG] [software.bernie.geckolib.GeckoLib/]: Registered SyncedAnimatable for class com.atsuishio.superbwarfare.item.gun.handgun.M1911Item
[01июл.2026 00:51:47.602] [main/DEBUG] [software.bernie.geckolib.GeckoLib/]: Registered SyncedAnimatable for class com.atsuishio.superbwarfare.item.gun.shotgun.HomemadeShotgunItem
[01июл.2026 00:51:47.602] [main/DEBUG] [software.bernie.geckolib.GeckoLib/]: Registered SyncedAnimatable for class com.atsuishio.superbwarfare.item.gun.handgun.TracheliumItem
[01июл.2026 00:51:47.602] [main/DEBUG] [software.bernie.geckolib.GeckoLib/]: Registered SyncedAnimatable for class com.atsuishio.superbwarfare.item.gun.smg.Mp5Item
[01июл.2026 00:51:47.602] [main/DEBUG] [software.bernie.geckolib.GeckoLib/]: Registered SyncedAnimatable for class com.atsuishio.superbwarfare.item.gun.smg.VectorItem
[01июл.2026 00:51:47.602] [main/DEBUG] [software.bernie.geckolib.GeckoLib/]: Registered SyncedAnimatable for class com.atsuishio.superbwarfare.item.gun.rifle.AK47Item
[01июл.2026 00:51:47.602] [main/DEBUG] [software.bernie.geckolib.GeckoLib/]: Registered SyncedAnimatable for class com.atsuishio.superbwarfare.item.gun.rifle.AK12Item
[01июл.2026 00:51:47.602] [main/DEBUG] [software.bernie.geckolib.GeckoLib/]: Registered SyncedAnimatable for class com.atsuishio.superbwarfare.item.gun.rifle.SksItem
[01июл.2026 00:51:47.602] [main/DEBUG] [software.bernie.geckolib.GeckoLib/]: Registered SyncedAnimatable for class com.atsuishio.superbwarfare.item.gun.rifle.M4Item
[01июл.2026 00:51:47.603] [main/DEBUG] [software.bernie.geckolib.GeckoLib/]: Registered SyncedAnimatable for class com.atsuishio.superbwarfare.item.gun.rifle.Hk416Item
[01июл.2026 00:51:47.603] [main/DEBUG] [software.bernie.geckolib.GeckoLib/]: Registered SyncedAnimatable for class com.atsuishio.superbwarfare.item.gun.rifle.Qbz95Item
[01июл.2026 00:51:47.603] [main/DEBUG] [software.bernie.geckolib.GeckoLib/]: Registered SyncedAnimatable for class com.atsuishio.superbwarfare.item.gun.rifle.Qbz191Item
[01июл.2026 00:51:47.603] [main/DEBUG] [software.bernie.geckolib.GeckoLib/]: Registered SyncedAnimatable for class com.atsuishio.superbwarfare.item.gun.rifle.InsidiousItem
[01июл.2026 00:51:47.603] [main/DEBUG] [software.bernie.geckolib.GeckoLib/]: Registered SyncedAnimatable for class com.atsuishio.superbwarfare.item.gun.rifle.Mk14Item
[01июл.2026 00:51:47.603] [main/DEBUG] [software.bernie.geckolib.GeckoLib/]: Registered SyncedAnimatable for class com.atsuishio.superbwarfare.item.gun.sniper.Ql1031Item
[01июл.2026 00:51:47.603] [main/DEBUG] [software.bernie.geckolib.GeckoLib/]: Registered SyncedAnimatable for class com.atsuishio.superbwarfare.item.gun.rifle.MarlinItem
[01июл.2026 00:51:47.604] [main/DEBUG] [software.bernie.geckolib.GeckoLib/]: Registered SyncedAnimatable for class com.atsuishio.superbwarfare.item.gun.sniper.K98Item
[01июл.2026 00:51:47.604] [main/DEBUG] [software.bernie.geckolib.GeckoLib/]: Registered SyncedAnimatable for class com.atsuishio.superbwarfare.item.gun.sniper.MosinNagantItem
[01июл.2026 00:51:47.604] [main/DEBUG] [software.bernie.geckolib.GeckoLib/]: Registered SyncedAnimatable for class com.atsuishio.superbwarfare.item.gun.sniper.SvdItem
[01июл.2026 00:51:47.605] [main/DEBUG] [software.bernie.geckolib.GeckoLib/]: Registered SyncedAnimatable for class com.atsuishio.superbwarfare.item.gun.sniper.AwmItem
[01июл.2026 00:51:47.605] [main/DEBUG] [software.bernie.geckolib.GeckoLib/]: Registered SyncedAnimatable for class com.atsuishio.superbwarfare.item.gun.sniper.M98bItem
[01июл.2026 00:51:47.605] [main/DEBUG] [software.bernie.geckolib.GeckoLib/]: Registered SyncedAnimatable for class com.atsuishio.superbwarfare.item.gun.sniper.SentinelItem
[01июл.2026 00:51:47.605] [main/DEBUG] [software.bernie.geckolib.GeckoLib/]: Registered SyncedAnimatable for class com.atsuishio.superbwarfare.item.gun.sniper.HuntingRifleItem
[01июл.2026 00:51:47.605] [main/DEBUG] [software.bernie.geckolib.GeckoLib/]: Registered SyncedAnimatable for class com.atsuishio.superbwarfare.item.gun.sniper.Ntw20Item
[01июл.2026 00:51:47.605] [main/DEBUG] [software.bernie.geckolib.GeckoLib/]: Registered SyncedAnimatable for class com.atsuishio.superbwarfare.item.gun.shotgun.M870Item
[01июл.2026 00:51:47.605] [main/DEBUG] [software.bernie.geckolib.GeckoLib/]: Registered SyncedAnimatable for class com.atsuishio.superbwarfare.item.gun.shotgun.Aa12Item
[01июл.2026 00:51:47.605] [main/DEBUG] [software.bernie.geckolib.GeckoLib/]: Registered SyncedAnimatable for class com.atsuishio.superbwarfare.item.gun.machinegun.DevotionItem
[01июл.2026 00:51:47.606] [main/DEBUG] [software.bernie.geckolib.GeckoLib/]: Registered SyncedAnimatable for class com.atsuishio.superbwarfare.item.gun.machinegun.RpkItem
[01июл.2026 00:51:47.606] [main/DEBUG] [software.bernie.geckolib.GeckoLib/]: Registered SyncedAnimatable for class com.atsuishio.superbwarfare.item.gun.machinegun.M60Item
[01июл.2026 00:51:47.606] [main/DEBUG] [software.bernie.geckolib.GeckoLib/]: Registered SyncedAnimatable for class com.atsuishio.superbwarfare.item.gun.machinegun.M2HBItem
[01июл.2026 00:51:47.606] [main/DEBUG] [software.bernie.geckolib.GeckoLib/]: Registered SyncedAnimatable for class com.atsuishio.superbwarfare.item.gun.machinegun.MinigunItem
[01июл.2026 00:51:47.606] [main/DEBUG] [software.bernie.geckolib.GeckoLib/]: Registered SyncedAnimatable for class com.atsuishio.superbwarfare.item.gun.launcher.M79Item
[01июл.2026 00:51:47.606] [main/DEBUG] [software.bernie.geckolib.GeckoLib/]: Registered SyncedAnimatable for class com.atsuishio.superbwarfare.item.gun.launcher.SecondaryCataclysmItem
[01июл.2026 00:51:47.606] [main/DEBUG] [software.bernie.geckolib.GeckoLib/]: Registered SyncedAnimatable for class com.atsuishio.superbwarfare.item.gun.launcher.RpgItem
[01июл.2026 00:51:47.607] [main/DEBUG] [software.bernie.geckolib.GeckoLib/]: Registered SyncedAnimatable for class com.atsuishio.superbwarfare.item.gun.launcher.JavelinItem
[01июл.2026 00:51:47.607] [main/DEBUG] [software.bernie.geckolib.GeckoLib/]: Registered SyncedAnimatable for class com.atsuishio.superbwarfare.item.gun.launcher.IglaItem
[01июл.2026 00:51:47.607] [main/DEBUG] [software.bernie.geckolib.GeckoLib/]: Registered SyncedAnimatable for class com.atsuishio.superbwarfare.item.gun.handgun.AureliaSceptreItem
[01июл.2026 00:51:47.607] [main/DEBUG] [software.bernie.geckolib.GeckoLib/]: Registered SyncedAnimatable for class com.atsuishio.superbwarfare.item.gun.special.BocekItem
[01июл.2026 00:51:47.613] [main/DEBUG] [net.minecraftforge.registries.GameData/REGISTRIES]: Applying holder lookups: minecraft:item
[01июл.2026 00:51:47.615] [main/DEBUG] [net.minecraftforge.registries.GameData/REGISTRIES]: Holder lookups applied: minecraft:item
[01июл.2026 00:51:47.617] [main/DEBUG] [net.minecraftforge.registries.GameData/REGISTRIES]: Applying holder lookups: minecraft:entity_type
[01июл.2026 00:51:47.618] [main/DEBUG] [net.minecraftforge.registries.GameData/REGISTRIES]: Holder lookups applied: minecraft:entity_type
[01июл.2026 00:51:47.618] [main/DEBUG] [net.minecraftforge.registries.GameData/REGISTRIES]: Applying holder lookups: minecraft:sensor_type
[01июл.2026 00:51:47.618] [main/DEBUG] [net.minecraftforge.registries.GameData/REGISTRIES]: Holder lookups applied: minecraft:sensor_type
[01июл.2026 00:51:47.619] [main/DEBUG] [net.minecraftforge.registries.GameData/REGISTRIES]: Applying holder lookups: minecraft:memory_module_type
[01июл.2026 00:51:47.619] [main/DEBUG] [net.minecraftforge.registries.GameData/REGISTRIES]: Holder lookups applied: minecraft:memory_module_type
[01июл.2026 00:51:47.619] [main/DEBUG] [net.minecraftforge.registries.GameData/REGISTRIES]: Applying holder lookups: minecraft:potion
[01июл.2026 00:51:47.619] [main/DEBUG] [net.minecraftforge.registries.GameData/REGISTRIES]: Holder lookups applied: minecraft:potion
[01июл.2026 00:51:47.619] [main/DEBUG] [net.minecraftforge.registries.GameData/REGISTRIES]: Applying holder lookups: minecraft:game_event
[01июл.2026 00:51:47.620] [main/DEBUG] [net.minecraftforge.registries.GameData/REGISTRIES]: Holder lookups applied: minecraft:game_event
[01июл.2026 00:51:47.620] [main/DEBUG] [net.minecraftforge.registries.GameData/REGISTRIES]: Applying holder lookups: minecraft:enchantment
[01июл.2026 00:51:47.620] [main/DEBUG] [net.minecraftforge.registries.GameData/REGISTRIES]: Holder lookups applied: minecraft:enchantment
[01июл.2026 00:51:47.630] [main/DEBUG] [net.minecraftforge.registries.GameData/REGISTRIES]: Applying holder lookups: minecraft:block_entity_type
[01июл.2026 00:51:47.630] [main/DEBUG] [net.minecraftforge.registries.GameData/REGISTRIES]: Holder lookups applied: minecraft:block_entity_type
[01июл.2026 00:51:47.630] [main/DEBUG] [net.minecraftforge.registries.GameData/REGISTRIES]: Applying holder lookups: minecraft:painting_variant
[01июл.2026 00:51:47.631] [main/DEBUG] [net.minecraftforge.registries.GameData/REGISTRIES]: Holder lookups applied: minecraft:painting_variant
[01июл.2026 00:51:47.631] [main/DEBUG] [net.minecraftforge.registries.GameData/REGISTRIES]: Applying holder lookups: minecraft:stat_type
[01июл.2026 00:51:47.631] [main/DEBUG] [net.minecraftforge.registries.GameData/REGISTRIES]: Holder lookups applied: minecraft:stat_type
[01июл.2026 00:51:47.631] [main/DEBUG] [net.minecraftforge.registries.GameData/REGISTRIES]: Applying holder lookups: minecraft:custom_stat
[01июл.2026 00:51:47.631] [main/DEBUG] [net.minecraftforge.registries.GameData/REGISTRIES]: Holder lookups applied: minecraft:custom_stat
[01июл.2026 00:51:47.631] [main/DEBUG] [net.minecraftforge.registries.GameData/REGISTRIES]: Applying holder lookups: minecraft:chunk_status
[01июл.2026 00:51:47.632] [main/DEBUG] [net.minecraftforge.registries.GameData/REGISTRIES]: Holder lookups applied: minecraft:chunk_status
[01июл.2026 00:51:47.632] [main/DEBUG] [net.minecraftforge.registries.GameData/REGISTRIES]: Applying holder lookups: minecraft:rule_test
[01июл.2026 00:51:47.632] [main/DEBUG] [net.minecraftforge.registries.GameData/REGISTRIES]: Holder lookups applied: minecraft:rule_test
[01июл.2026 00:51:47.632] [main/DEBUG] [net.minecraftforge.registries.GameData/REGISTRIES]: Applying holder lookups: minecraft:rule_block_entity_modifier
[01июл.2026 00:51:47.632] [main/DEBUG] [net.minecraftforge.registries.GameData/REGISTRIES]: Holder lookups applied: minecraft:rule_block_entity_modifier
[01июл.2026 00:51:47.633] [main/DEBUG] [net.minecraftforge.registries.GameData/REGISTRIES]: Applying holder lookups: minecraft:pos_rule_test
[01июл.2026 00:51:47.633] [main/DEBUG] [net.minecraftforge.registries.GameData/REGISTRIES]: Holder lookups applied: minecraft:pos_rule_test
[01июл.2026 00:51:47.644] [main/DEBUG] [net.minecraftforge.registries.GameData/REGISTRIES]: Applying holder lookups: minecraft:menu
[01июл.2026 00:51:47.645] [main/DEBUG] [net.minecraftforge.registries.GameData/REGISTRIES]: Holder lookups applied: minecraft:menu
[01июл.2026 00:51:47.646] [main/DEBUG] [net.minecraftforge.registries.GameData/REGISTRIES]: Applying holder lookups: minecraft:recipe_type
[01июл.2026 00:51:47.646] [main/DEBUG] [net.minecraftforge.registries.GameData/REGISTRIES]: Holder lookups applied: minecraft:recipe_type
[01июл.2026 00:51:47.661] [main/DEBUG] [net.minecraftforge.registries.GameData/REGISTRIES]: Applying holder lookups: minecraft:recipe_serializer
[01июл.2026 00:51:47.662] [main/DEBUG] [net.minecraftforge.registries.GameData/REGISTRIES]: Holder lookups applied: minecraft:recipe_serializer
[01июл.2026 00:51:47.662] [main/DEBUG] [net.minecraftforge.registries.GameData/REGISTRIES]: Applying holder lookups: minecraft:position_source_type
[01июл.2026 00:51:47.662] [main/DEBUG] [net.minecraftforge.registries.GameData/REGISTRIES]: Holder lookups applied: minecraft:position_source_type
[01июл.2026 00:51:47.665] [main/DEBUG] [net.minecraftforge.registries.GameData/REGISTRIES]: Applying holder lookups: minecraft:command_argument_type
[01июл.2026 00:51:47.666] [main/DEBUG] [net.minecraftforge.registries.GameData/REGISTRIES]: Holder lookups applied: minecraft:command_argument_type
[01июл.2026 00:51:47.666] [main/DEBUG] [net.minecraftforge.registries.GameData/REGISTRIES]: Applying holder lookups: minecraft:villager_type
[01июл.2026 00:51:47.666] [main/DEBUG] [net.minecraftforge.registries.GameData/REGISTRIES]: Holder lookups applied: minecraft:villager_type
[01июл.2026 00:51:47.667] [main/DEBUG] [net.minecraftforge.registries.GameData/REGISTRIES]: Applying holder lookups: minecraft:villager_profession
[01июл.2026 00:51:47.667] [main/DEBUG] [net.minecraftforge.registries.GameData/REGISTRIES]: Holder lookups applied: minecraft:villager_profession
[01июл.2026 00:51:47.668] [main/DEBUG] [net.minecraftforge.registries.GameData/REGISTRIES]: Applying holder lookups: minecraft:point_of_interest_type
[01июл.2026 00:51:47.668] [main/DEBUG] [net.minecraftforge.registries.GameData/REGISTRIES]: Holder lookups applied: minecraft:point_of_interest_type
[01июл.2026 00:51:47.668] [main/DEBUG] [net.minecraftforge.registries.GameData/REGISTRIES]: Applying holder lookups: minecraft:schedule
[01июл.2026 00:51:47.668] [main/DEBUG] [net.minecraftforge.registries.GameData/REGISTRIES]: Holder lookups applied: minecraft:schedule
[01июл.2026 00:51:47.668] [main/DEBUG] [net.minecraftforge.registries.GameData/REGISTRIES]: Applying holder lookups: minecraft:activity
[01июл.2026 00:51:47.668] [main/DEBUG] [net.minecraftforge.registries.GameData/REGISTRIES]: Holder lookups applied: minecraft:activity
[01июл.2026 00:51:47.668] [main/DEBUG] [net.minecraftforge.registries.GameData/REGISTRIES]: Applying holder lookups: minecraft:loot_pool_entry_type
[01июл.2026 00:51:47.669] [main/DEBUG] [net.minecraftforge.registries.GameData/REGISTRIES]: Holder lookups applied: minecraft:loot_pool_entry_type
[01июл.2026 00:51:47.669] [main/DEBUG] [net.minecraftforge.registries.GameData/REGISTRIES]: Applying holder lookups: minecraft:loot_function_type
[01июл.2026 00:51:47.669] [main/DEBUG] [net.minecraftforge.registries.GameData/REGISTRIES]: Holder lookups applied: minecraft:loot_function_type
[01июл.2026 00:51:47.671] [main/DEBUG] [net.minecraftforge.registries.GameData/REGISTRIES]: Applying holder lookups: minecraft:loot_condition_type
[01июл.2026 00:51:47.672] [main/DEBUG] [net.minecraftforge.registries.GameData/REGISTRIES]: Holder lookups applied: minecraft:loot_condition_type
[01июл.2026 00:51:47.672] [main/DEBUG] [net.minecraftforge.registries.GameData/REGISTRIES]: Applying holder lookups: minecraft:loot_number_provider_type
[01июл.2026 00:51:47.672] [main/DEBUG] [net.minecraftforge.registries.GameData/REGISTRIES]: Holder lookups applied: minecraft:loot_number_provider_type
[01июл.2026 00:51:47.672] [main/DEBUG] [net.minecraftforge.registries.GameData/REGISTRIES]: Applying holder lookups: minecraft:loot_nbt_provider_type
[01июл.2026 00:51:47.672] [main/DEBUG] [net.minecraftforge.registries.GameData/REGISTRIES]: Holder lookups applied: minecraft:loot_nbt_provider_type
[01июл.2026 00:51:47.672] [main/DEBUG] [net.minecraftforge.registries.GameData/REGISTRIES]: Applying holder lookups: minecraft:loot_score_provider_type
[01июл.2026 00:51:47.673] [main/DEBUG] [net.minecraftforge.registries.GameData/REGISTRIES]: Holder lookups applied: minecraft:loot_score_provider_type
[01июл.2026 00:51:47.673] [main/DEBUG] [net.minecraftforge.registries.GameData/REGISTRIES]: Applying holder lookups: minecraft:float_provider_type
[01июл.2026 00:51:47.673] [main/DEBUG] [net.minecraftforge.registries.GameData/REGISTRIES]: Holder lookups applied: minecraft:float_provider_type
[01июл.2026 00:51:47.673] [main/DEBUG] [net.minecraftforge.registries.GameData/REGISTRIES]: Applying holder lookups: minecraft:int_provider_type
[01июл.2026 00:51:47.673] [main/DEBUG] [net.minecraftforge.registries.GameData/REGISTRIES]: Holder lookups applied: minecraft:int_provider_type
[01июл.2026 00:51:47.673] [main/DEBUG] [net.minecraftforge.registries.GameData/REGISTRIES]: Applying holder lookups: minecraft:height_provider_type
[01июл.2026 00:51:47.674] [main/DEBUG] [net.minecraftforge.registries.GameData/REGISTRIES]: Holder lookups applied: minecraft:height_provider_type
[01июл.2026 00:51:47.674] [main/DEBUG] [net.minecraftforge.registries.GameData/REGISTRIES]: Applying holder lookups: minecraft:block_predicate_type
[01июл.2026 00:51:47.674] [main/DEBUG] [net.minecraftforge.registries.GameData/REGISTRIES]: Holder lookups applied: minecraft:block_predicate_type
[01июл.2026 00:51:47.674] [main/DEBUG] [net.minecraftforge.registries.GameData/REGISTRIES]: Applying holder lookups: minecraft:worldgen/carver
[01июл.2026 00:51:47.674] [main/DEBUG] [net.minecraftforge.registries.GameData/REGISTRIES]: Holder lookups applied: minecraft:worldgen/carver
[01июл.2026 00:51:47.674] [main/DEBUG] [net.minecraftforge.registries.GameData/REGISTRIES]: Applying holder lookups: minecraft:worldgen/feature
[01июл.2026 00:51:47.675] [main/DEBUG] [net.minecraftforge.registries.GameData/REGISTRIES]: Holder lookups applied: minecraft:worldgen/feature
[01июл.2026 00:51:47.675] [main/DEBUG] [net.minecraftforge.registries.GameData/REGISTRIES]: Applying holder lookups: minecraft:worldgen/structure_processor
[01июл.2026 00:51:47.675] [main/DEBUG] [net.minecraftforge.registries.GameData/REGISTRIES]: Holder lookups applied: minecraft:worldgen/structure_processor
[01июл.2026 00:51:47.675] [main/DEBUG] [net.minecraftforge.registries.GameData/REGISTRIES]: Applying holder lookups: minecraft:worldgen/structure_placement
[01июл.2026 00:51:47.675] [main/DEBUG] [net.minecraftforge.registries.GameData/REGISTRIES]: Holder lookups applied: minecraft:worldgen/structure_placement
[01июл.2026 00:51:47.675] [main/DEBUG] [net.minecraftforge.registries.GameData/REGISTRIES]: Applying holder lookups: minecraft:worldgen/structure_piece
[01июл.2026 00:51:47.675] [main/DEBUG] [net.minecraftforge.registries.GameData/REGISTRIES]: Holder lookups applied: minecraft:worldgen/structure_piece
[01июл.2026 00:51:47.675] [main/DEBUG] [net.minecraftforge.registries.GameData/REGISTRIES]: Applying holder lookups: minecraft:worldgen/structure_type
[01июл.2026 00:51:47.676] [main/DEBUG] [net.minecraftforge.registries.GameData/REGISTRIES]: Holder lookups applied: minecraft:worldgen/structure_type
[01июл.2026 00:51:47.676] [main/DEBUG] [net.minecraftforge.registries.GameData/REGISTRIES]: Applying holder lookups: minecraft:worldgen/placement_modifier_type
[01июл.2026 00:51:47.677] [main/DEBUG] [net.minecraftforge.registries.GameData/REGISTRIES]: Holder lookups applied: minecraft:worldgen/placement_modifier_type
[01июл.2026 00:51:47.677] [main/DEBUG] [net.minecraftforge.registries.GameData/REGISTRIES]: Applying holder lookups: minecraft:worldgen/block_state_provider_type
[01июл.2026 00:51:47.677] [main/DEBUG] [net.minecraftforge.registries.GameData/REGISTRIES]: Holder lookups applied: minecraft:worldgen/block_state_provider_type
[01июл.2026 00:51:47.677] [main/DEBUG] [net.minecraftforge.registries.GameData/REGISTRIES]: Applying holder lookups: minecraft:worldgen/foliage_placer_type
[01июл.2026 00:51:47.677] [main/DEBUG] [net.minecraftforge.registries.GameData/REGISTRIES]: Holder lookups applied: minecraft:worldgen/foliage_placer_type
[01июл.2026 00:51:47.677] [main/DEBUG] [net.minecraftforge.registries.GameData/REGISTRIES]: Applying holder lookups: minecraft:worldgen/trunk_placer_type
[01июл.2026 00:51:47.677] [main/DEBUG] [net.minecraftforge.registries.GameData/REGISTRIES]: Holder lookups applied: minecraft:worldgen/trunk_placer_type
[01июл.2026 00:51:47.677] [main/DEBUG] [net.minecraftforge.registries.GameData/REGISTRIES]: Applying holder lookups: minecraft:worldgen/root_placer_type
[01июл.2026 00:51:47.678] [main/DEBUG] [net.minecraftforge.registries.GameData/REGISTRIES]: Holder lookups applied: minecraft:worldgen/root_placer_type
[01июл.2026 00:51:47.678] [main/DEBUG] [net.minecraftforge.registries.GameData/REGISTRIES]: Applying holder lookups: minecraft:worldgen/tree_decorator_type
[01июл.2026 00:51:47.678] [main/DEBUG] [net.minecraftforge.registries.GameData/REGISTRIES]: Holder lookups applied: minecraft:worldgen/tree_decorator_type
[01июл.2026 00:51:47.678] [main/DEBUG] [net.minecraftforge.registries.GameData/REGISTRIES]: Applying holder lookups: minecraft:worldgen/feature_size_type
[01июл.2026 00:51:47.678] [main/DEBUG] [net.minecraftforge.registries.GameData/REGISTRIES]: Holder lookups applied: minecraft:worldgen/feature_size_type
[01июл.2026 00:51:47.678] [main/DEBUG] [net.minecraftforge.registries.GameData/REGISTRIES]: Applying holder lookups: minecraft:worldgen/biome_source
[01июл.2026 00:51:47.678] [main/DEBUG] [net.minecraftforge.registries.GameData/REGISTRIES]: Holder lookups applied: minecraft:worldgen/biome_source
[01июл.2026 00:51:47.678] [main/DEBUG] [net.minecraftforge.registries.GameData/REGISTRIES]: Applying holder lookups: minecraft:worldgen/chunk_generator
[01июл.2026 00:51:47.679] [main/DEBUG] [net.minecraftforge.registries.GameData/REGISTRIES]: Holder lookups applied: minecraft:worldgen/chunk_generator
[01июл.2026 00:51:47.679] [main/DEBUG] [net.minecraftforge.registries.GameData/REGISTRIES]: Applying holder lookups: minecraft:worldgen/material_condition
[01июл.2026 00:51:47.679] [main/DEBUG] [net.minecraftforge.registries.GameData/REGISTRIES]: Holder lookups applied: minecraft:worldgen/material_condition
[01июл.2026 00:51:47.679] [main/DEBUG] [net.minecraftforge.registries.GameData/REGISTRIES]: Applying holder lookups: minecraft:worldgen/material_rule
[01июл.2026 00:51:47.679] [main/DEBUG] [net.minecraftforge.registries.GameData/REGISTRIES]: Holder lookups applied: minecraft:worldgen/material_rule
[01июл.2026 00:51:47.679] [main/DEBUG] [net.minecraftforge.registries.GameData/REGISTRIES]: Applying holder lookups: minecraft:worldgen/density_function_type
[01июл.2026 00:51:47.679] [main/DEBUG] [net.minecraftforge.registries.GameData/REGISTRIES]: Holder lookups applied: minecraft:worldgen/density_function_type
[01июл.2026 00:51:47.679] [main/DEBUG] [net.minecraftforge.registries.GameData/REGISTRIES]: Applying holder lookups: minecraft:worldgen/structure_pool_element
[01июл.2026 00:51:47.680] [main/DEBUG] [net.minecraftforge.registries.GameData/REGISTRIES]: Holder lookups applied: minecraft:worldgen/structure_pool_element
[01июл.2026 00:51:47.680] [main/DEBUG] [net.minecraftforge.registries.GameData/REGISTRIES]: Applying holder lookups: minecraft:cat_variant
[01июл.2026 00:51:47.680] [main/DEBUG] [net.minecraftforge.registries.GameData/REGISTRIES]: Holder lookups applied: minecraft:cat_variant
[01июл.2026 00:51:47.680] [main/DEBUG] [net.minecraftforge.registries.GameData/REGISTRIES]: Applying holder lookups: minecraft:frog_variant
[01июл.2026 00:51:47.680] [main/DEBUG] [net.minecraftforge.registries.GameData/REGISTRIES]: Holder lookups applied: minecraft:frog_variant
[01июл.2026 00:51:47.681] [main/DEBUG] [net.minecraftforge.registries.GameData/REGISTRIES]: Applying holder lookups: minecraft:banner_pattern
[01июл.2026 00:51:47.681] [main/DEBUG] [net.minecraftforge.registries.GameData/REGISTRIES]: Holder lookups applied: minecraft:banner_pattern
[01июл.2026 00:51:47.681] [main/DEBUG] [net.minecraftforge.registries.GameData/REGISTRIES]: Applying holder lookups: minecraft:instrument
[01июл.2026 00:51:47.681] [main/DEBUG] [net.minecraftforge.registries.GameData/REGISTRIES]: Holder lookups applied: minecraft:instrument
[01июл.2026 00:51:47.681] [main/DEBUG] [net.minecraftforge.registries.GameData/REGISTRIES]: Applying holder lookups: minecraft:decorated_pot_patterns
[01июл.2026 00:51:47.682] [main/DEBUG] [net.minecraftforge.registries.GameData/REGISTRIES]: Holder lookups applied: minecraft:decorated_pot_patterns
[01июл.2026 00:51:47.684] [main/DEBUG] [net.minecraftforge.registries.GameData/REGISTRIES]: Applying holder lookups: minecraft:creative_mode_tab
[01июл.2026 00:51:47.685] [main/DEBUG] [net.minecraftforge.registries.GameData/REGISTRIES]: Holder lookups applied: minecraft:creative_mode_tab
[01июл.2026 00:51:47.689] [main/DEBUG] [net.minecraftforge.registries.GameData/REGISTRIES]: Applying holder lookups: forge:biome_modifier_serializers
[01июл.2026 00:51:47.690] [main/DEBUG] [net.minecraftforge.registries.GameData/REGISTRIES]: Holder lookups applied: forge:biome_modifier_serializers
[01июл.2026 00:51:47.690] [main/DEBUG] [net.minecraftforge.registries.GameData/REGISTRIES]: Applying holder lookups: forge:display_contexts
[01июл.2026 00:51:47.690] [main/DEBUG] [net.minecraftforge.registries.GameData/REGISTRIES]: Holder lookups applied: forge:display_contexts
[01июл.2026 00:51:47.691] [main/DEBUG] [net.minecraftforge.registries.GameData/REGISTRIES]: Applying holder lookups: forge:entity_data_serializers
[01июл.2026 00:51:47.691] [main/DEBUG] [net.minecraftforge.registries.GameData/REGISTRIES]: Holder lookups applied: forge:entity_data_serializers
[01июл.2026 00:51:47.694] [main/DEBUG] [net.minecraftforge.registries.GameData/REGISTRIES]: Applying holder lookups: forge:fluid_type
[01июл.2026 00:51:47.694] [main/DEBUG] [net.minecraftforge.registries.GameData/REGISTRIES]: Holder lookups applied: forge:fluid_type
[01июл.2026 00:51:47.697] [main/DEBUG] [net.minecraftforge.registries.GameData/REGISTRIES]: Applying holder lookups: forge:global_loot_modifier_serializers
[01июл.2026 00:51:47.698] [main/DEBUG] [net.minecraftforge.registries.GameData/REGISTRIES]: Holder lookups applied: forge:global_loot_modifier_serializers
[01июл.2026 00:51:47.701] [main/DEBUG] [net.minecraftforge.registries.GameData/REGISTRIES]: Applying holder lookups: forge:holder_set_type
[01июл.2026 00:51:47.701] [main/DEBUG] [net.minecraftforge.registries.GameData/REGISTRIES]: Holder lookups applied: forge:holder_set_type
[01июл.2026 00:51:47.702] [main/DEBUG] [net.minecraftforge.registries.GameData/REGISTRIES]: Applying holder lookups: forge:structure_modifier_serializers
[01июл.2026 00:51:47.702] [main/DEBUG] [net.minecraftforge.registries.GameData/REGISTRIES]: Holder lookups applied: forge:structure_modifier_serializers
[01июл.2026 00:51:47.702] [main/DEBUG] [net.minecraftforge.registries.GameData/REGISTRIES]: Applying holder lookups: minecraft:worldgen/biome
[01июл.2026 00:51:47.702] [main/DEBUG] [net.minecraftforge.registries.GameData/REGISTRIES]: Holder lookups applied: minecraft:worldgen/biome
[01июл.2026 00:51:47.704] [main/DEBUG] [net.minecraftforge.registries.GameData/REGISTRIES]: Applying holder lookups: superbwarfare:perk
[01июл.2026 00:51:47.704] [main/DEBUG] [net.minecraftforge.registries.GameData/REGISTRIES]: Holder lookups applied: superbwarfare:perk
[01июл.2026 00:51:47.815] [main/WARN] [net.minecraft.server.packs.VanillaPackResourcesBuilder/]: Assets URL 'union:/C:/Users/shali/.gradle/caches/forge_gradle/minecraft_user_repo/net/minecraftforge/forge/1.20.1-47.2.0_mapped_parchment_2023.08.13-1.20.1/forge-1.20.1-47.2.0_mapped_parchment_2023.08.13-1.20.1-recomp.jar%23191!/assets/.mcassetsroot' uses unexpected schema
[01июл.2026 00:51:47.816] [main/WARN] [net.minecraft.server.packs.VanillaPackResourcesBuilder/]: Assets URL 'union:/C:/Users/shali/.gradle/caches/forge_gradle/minecraft_user_repo/net/minecraftforge/forge/1.20.1-47.2.0_mapped_parchment_2023.08.13-1.20.1/forge-1.20.1-47.2.0_mapped_parchment_2023.08.13-1.20.1-recomp.jar%23191!/data/.mcassetsroot' uses unexpected schema
